Glass Transition Temperature (°C),Thermal Resistance (K/W)
0,5.000584113224269,
3,4.658402436359687,
10,4.274749107775048,
11,4.252340187967353,
12,4.229000080045556,
