Tensile Strength (MPa),Magnetic Permeability (H/m)
1,0.19878398698965682,Cyclic olefin copolymer
11,1.6297497902673124,Cyclic olefin copolymer
13,3.6720479251116256,Cyclic olefin copolymer
1,4.801662152385881,SBR
11,8.108482221322282,SBR
13,9.83440695316186,SBR
1,0.4121462870403241,PHEA
11,-0.932409572242586,PHEA
13,0.7606123131775768,PHEA
