Aspect Ratio,Magnetic Susceptibility
13.17988657469201,0.4748670431663671,0.24% Carbon Black/P(BA-a)
16.22332807994531,0.4182278580977094,0.24% Carbon Black/P(BA-a)
18.525150727893987,0.3883720361609747,0.24% Carbon Black/P(BA-a)
2,2.760448212959499,0.77% Carbon Black/P(BA-a)
9,2.690020620079694,0.77% Carbon Black/P(BA-a)
11,2.597198687650053,0.77% Carbon Black/P(BA-a)
