Tensile Strength (MPa),Bet Surface Area
4.3963571675456015,-5.724312802021103,PMA
12.611121034435474,-6.07664130588917,PMA
13.447143678099941,-6.139108499207308,PMA
18.06019464721084,-6.229679531797065,PMA
4.3963571675456015,0.27054534875266845,Acrylonitrile butadiene styrene
12.611121034435474,-0.14228868264061312,Acrylonitrile butadiene styrene
13.447143678099941,-0.15544063455383922,Acrylonitrile butadiene styrene
18.06019464721084,-0.2525741218174562,Acrylonitrile butadiene styrene
