Time (s),Flexural Strength (MPa)
10.632250943504484,36.308998981649225,0.49% Titanium Dioxide/Poly(vinyl butyral)
14.089613819485926,129.41769322628815,0.49% Titanium Dioxide/Poly(vinyl butyral)
19.812258264998835,950.1555729712402,0.49% Titanium Dioxide/Poly(vinyl butyral)
10.632250943504484,10.231955033801022,0.99% Titanium Dioxide/Poly(vinyl butyral)
14.089613819485926,8.81710976797992,0.99% Titanium Dioxide/Poly(vinyl butyral)
19.812258264998835,21.270887842083155,0.99% Titanium Dioxide/Poly(vinyl butyral)
