Temperature (°C),Glass Transition Temperature (°C)
10,-7.515590262512989,Silicone rubber
18,-7.771150317278321,Silicone rubber
19,-7.782997009308195,Silicone rubber
10,7.751220526653108,PA 6T
18,7.54915587445982,PA 6T
19,7.5334520284129285,PA 6T
