Annealing Temperature (°C),Compression Strength (MPa)
1.8777403245754987,3.760001228493736,OAP-POSS/Poly(2-hydroxyethyl acrylate)
4.093494418970263,3.6712616421284814,OAP-POSS/Poly(2-hydroxyethyl acrylate)
15.307497477558234,12.370952168459253,OAP-POSS/Poly(2-hydroxyethyl acrylate)
1.8777403245754987,1.9168957983568524,Ag/Poly(2-hydroxyethyl acrylate)
4.093494418970263,1.705460350206741,Ag/Poly(2-hydroxyethyl acrylate)
15.307497477558234,1.4931609863306832,Ag/Poly(2-hydroxyethyl acrylate)
