Thermal Diffusivity (mm²/s),Particle Size (nm)
0,4.530159897098317,0.67% MMT/PB
3,4.161038708477272,0.67% MMT/PB
8,4.002527108720617,0.67% MMT/PB
14,3.835920444885236,0.67% MMT/PB
16,3.7901237592630155,0.67% MMT/PB
