EV (V),Compressive Modulus (GPa)
6,5.702345320127216,0.71% Silica/S-SBR
15,5.565475985113694,0.71% Silica/S-SBR
17,5.560203420079336,0.71% Silica/S-SBR
6,7.236042591973882,0.52% Silica/S-SBR
15,6.929224441012961,0.52% Silica/S-SBR
17,6.895703963137696,0.52% Silica/S-SBR
