Ion Beam Dose (Gy),Degradation Temperature (°C)
0,-5.375111517345077,
2,-5.696821842390036,
8,-5.925049766962415,
11,-5.984034489132679,
15,-6.087367381315044,
