UV Exposure Time (h),Magnetic Anisotropy (J/m³)
2.196777835476762,3.896095062902896,Poly(ethyl acrylate)
5.374314801903162,3.7553588623331358,Poly(ethyl acrylate)
9.946248057015488,3.5994917666158943,Poly(ethyl acrylate)
