Crystallinity (%),Shear Modulus (GPa)
3,4.4269977323708405,0.24% MWCNT
9,4.101053805725841,0.24% MWCNT
12,4.056509715212026,0.24% MWCNT
17,4.034509319182987,0.24% MWCNT
19,4.031946968044879,0.24% MWCNT
