Annealing Temperature (°C),Thermal Diffusivity (mm²/s)
0,3.253613193706025,Poly(ether ether ketone)
7,2.4214853623669383,Poly(ether ether ketone)
10,2.3256630306655603,Poly(ether ether ketone)
12,2.301433132785804,Poly(ether ether ketone)
0,-5.035961204579617,PTFE
7,-0.49341946489263044,PTFE
10,20.549253803327034,PTFE
12,19.604891471120027,PTFE
0,-0.36524686848038834,TGDDM
7,-1.1608651486606476,TGDDM
10,-1.2398227951156262,TGDDM
12,-1.2640138722956547,TGDDM
