Pressure (Pa),Dynamic Viscosity (Pa·s)
4.661243710313061,6.43280980699026,
10.276126877786192,6.223620103468428,
18.863957269598053,6.183286990248787,
