Nanoparticle Mass (%),Porosity (%)
0,-2.0913530882310756,COC
3,-1.6021351060970312,COC
10,2.0930060011799227,COC
15,-6.413987110436855,COC
0,-1.5364986401049674,Polylactic acid
3,-1.7776725052058187,Polylactic acid
10,-2.223888022880228,Polylactic acid
15,-2.3319814251879962,Polylactic acid
0,3.2533508764201686,PBD
3,3.4019877072796794,PBD
10,6.629904248485126,PBD
15,2.5748829180416903,PBD
