Hardness (HV),Saturation Magnetization (A/m)
2,-5.60310686315648,
7,-6.112006167818463,
14,-6.3677990160792675,
19,-6.448853932098611,
2,-5.706139612846227,
7,4.63820393278068,
14,111.65422793371856,
19,199.76792276241167,
