Pore Volume (cm³/g),Bulk Modulus (GPa)
1,0.932804472255464,aPP
5,1.2515977598357162,aPP
15,0.9266666642917873,aPP
0,-5.705404601028213,aPP
11,-6.514776280243474,aPP
15,-6.539999419730876,aPP
