Specific Heat Capacity (J/(g·K)),Toughness (MJ/m³)
4,-3.282186299092042,PMS
9,-3.504256567275442,PMS
11,-3.643717901610122,PMS
13,-3.660585731320067,PMS
4,3.1548303424350475,PC
9,14.887962584278227,PC
11,35.14725045197558,PC
13,81.18808286764214,PC
