Synthesis Time (min),Thermal Resistance (K/W)
3,8.768585790215308,1.0% Titanium Dioxide
6,13.801370239320157,1.0% Titanium Dioxide
12,30.552812839738664,1.0% Titanium Dioxide
3,-0.6473930568869745,0.7% Titanium Dioxide
6,-0.8722046050601353,0.7% Titanium Dioxide
12,-1.022637082735614,0.7% Titanium Dioxide
