Nanoparticle Volume (%),Degradation Temperature (°C)
0,1.2241134767663382,PnBA
7,2.190197682893106,PnBA
16,2.745758135160718,PnBA
0,-6.487283441782108,EPDM rubber
7,-7.331537970347391,EPDM rubber
16,-7.435233255138444,EPDM rubber
0,0.274529931170302,PEEK
7,-0.39382588279221586,PEEK
16,-0.6835529270614881,PEEK
0,4.801199440057578,Silicone rubber
7,4.093039328556193,Silicone rubber
16,3.863798831697185,Silicone rubber
