Synthesis Time (min),Dielectric Breakdown Strength (MV/m)
1,5.573618941137112,
10,4.8605379310211525,
12,4.846266442134529,
1,-2.1572320879480724,
10,-2.6633607316262267,
12,-2.7003480720330906,
