Ion Beam Dose (Gy),Thermal Stability (°C)
4,7.303536193197416,
13,18.258959291151346,
18,214.39602518172683,
4,-5.3104309865704264,
13,-12.63632832227513,
18,38.602477023283114,
