EV (V),Magnetization (A/m)
3.4195865051053542,7.378384433463262,0.06% Sodium titanate nanotubes
4.280915912929649,8.85404917222998,0.06% Sodium titanate nanotubes
9.255283396967624,7.144546585450799,0.06% Sodium titanate nanotubes
13.171810335443935,3.833486434094441,0.06% Sodium titanate nanotubes
13.82379763153245,11.82341222314517,0.06% Sodium titanate nanotubes
