Film Thickness (µm),Young’s Modulus (GPa)
3,-1.919577968238597,SWNT/UPR
10,-2.354945402185995,SWNT/UPR
19,-2.3975467481898125,SWNT/UPR
