Crosslinking Density (mol/m³),Crystallinity (%)
5.367041281414016,3.02779755823862,0.21% C60/Polybenzimidazole
12.962478646070512,2.8613151000285364,0.21% C60/Polybenzimidazole
19.793837815001265,2.8407664742177854,0.21% C60/Polybenzimidazole
5.487367222342088,7.124569159022472,0.03% C60/Polybenzimidazole
11.291940612949531,6.8898666646689835,0.03% C60/Polybenzimidazole
13.924407156637281,6.79793157268751,0.03% C60/Polybenzimidazole
9,1.393735310087527,0.01% C60/Polybenzimidazole
14,1.201428427656216,0.01% C60/Polybenzimidazole
17,1.1602655558209825,0.01% C60/Polybenzimidazole
