Loading Concentration (%),Fracture Toughness (MPa·m^0.5)
1,2.0595617238040105,Polylactic acid
6,2.921595462234526,Polylactic acid
16,10.011420610481487,Polylactic acid
17,8.756993044062344,Polylactic acid
18,10.258130447933214,Polylactic acid
1,-6.430562412653391,Poly(vinyl pyrrolidone)
6,-6.79286275703366,Poly(vinyl pyrrolidone)
16,-6.937791234084349,Poly(vinyl pyrrolidone)
17,-6.939821062640252,Poly(vinyl pyrrolidone)
18,-6.941904399533485,Poly(vinyl pyrrolidone)
