Heat Treatment Temperature (°C),Magnetoresistance
3,-0.9759892059052488,
6,-1.3348611560373875,
17,-1.6523954350146617,
15.257824244770305,7.5632747024716895,
17.330732133307134,16.758219235382604,
19.160879145584552,14.93601404286114,
0,-3.382808898743529,
3,-3.3685069504251803,
7,-3.618814747394514,
