Stress (Pa),Thermal Resistance (K/W)
3.556243373862471,-1.4238502641421231,PLA
7.92642145668548,-1.680121052288608,PLA
14.896914948783596,-1.7513857703858307,PLA
3.556243373862471,-5.372343737672437,Poly(alpha-methylstyrene)
7.92642145668548,-6.253687759633497,Poly(alpha-methylstyrene)
14.896914948783596,-2.456132930726165,Poly(alpha-methylstyrene)
