Storage Time (days),Particle Size Distribution
3.4035252459881593,5.760880270693665,Carbon nanofibers/Nylon 11
7.235765313028029,5.466183532647558,Carbon nanofibers/Nylon 11
11.453080236233976,5.40445928884821,Carbon nanofibers/Nylon 11
