Heat Capacity (J/K),Magnetic Susceptibility
0.9586764905544709,3.854520862125454,0.86% AuNPs/PCL
4.302777023793142,3.632688268185786,0.86% AuNPs/PCL
5.321275160154373,3.6216603762973714,0.86% AuNPs/PCL
10.102170984004701,3.4091850288935324,0.86% AuNPs/PCL
