Heat Capacity (J/K),Heat Of Crystallization (J/g)
1,-3.461029594492777,
16,4.114433992639228,
19,-24.641560521051723,
1,-2.5059597370647366,
16,7.046808390372158,
19,-13.124019703719258,
1,2.533504771534763,
16,18.944848662977233,
19,1051.187068770529,
