vol%,Complex Viscosity (Pa·s)
9,8.838678707880561,multi-walled CNT/PB-1
13,8.623584175624508,multi-walled CNT/PB-1
16,8.530841280631622,multi-walled CNT/PB-1
9,20.34042424047048,CuPP/PB-1
13,50.984208126696,CuPP/PB-1
16,137.7205148487926,CuPP/PB-1
9,14.294508437296638,titania/PB-1
13,43.86795768237976,titania/PB-1
16,-75.60732208292373,titania/PB-1
