Calcination Temperature (°C),Loss Modulus (Pa)
4,-1.6771095627815877,P4VP
12,64.68477266310745,P4VP
14,85.62700196952883,P4VP
19,395.7754887573199,P4VP
4,-6.024516100158897,PHFP
12,-2.781983396896747,PHFP
14,-5.372556528923045,PHFP
19,4.323225649310714,PHFP
4,-6.399595745288719,iPP
12,-6.900437198425172,iPP
14,-6.952745561930283,iPP
19,-7.0388976908345455,iPP
