Ion Beam Dose (Gy),Electronic Conductivity (S/m)
1.9975419915079806,3.0105020630286754,Silver hexafluoroantimonate/UPR
2.5856590642166832,2.9798478057798445,Silver hexafluoroantimonate/UPR
4.1853299852338015,2.780123597086611,Silver hexafluoroantimonate/UPR
4.560565645242038,2.8989655598026935,Silver hexafluoroantimonate/UPR
5.892151240903514,2.5862323823484603,Silver hexafluoroantimonate/UPR
