pH,Magnetization (A/m)
1.6428146120293818,8.197612275886817,
17.08290779733696,7.731956739683806,
19.186247791314933,7.693161727030908,
1.6428146120293818,-0.8273867146077165,
17.08290779733696,-1.2346687850650557,
19.186247791314933,-1.2762056311560448,
1.6428146120293818,6.830921065857009,
17.08290779733696,6.22041358050817,
19.186247791314933,6.217582959734316,
