Tensile Strength (MPa),Kinematic Viscosity (mm²/s)
0.029700132606675922,-1.261542838519477,0.15% Fe2O3
1.4761887993633382,-0.6756925295623049,0.15% Fe2O3
5.697380997983908,0.8577499788313103,0.15% Fe2O3
16.924030937717372,0.6607400205705352,0.15% Fe2O3
19.472876487974876,-3.646741312549749,0.15% Fe2O3
