Nanoparticle Mass (%),Shear Strength (MPa)
6,-0.9433015421612412,Poly(2-hydroxyethyl acrylate)
13,-0.6839137129574189,Poly(2-hydroxyethyl acrylate)
17,1.473014179327003,Poly(2-hydroxyethyl acrylate)
6,0.5713168170668486,PMMA
13,2.495944836946563,PMMA
17,14.825712459730253,PMMA
6,-5.672266853480206,PBuA
13,-5.9952702772966475,PBuA
17,-6.1221143192554015,PBuA
6,-3.573549484583974,PA63T
13,-0.7371640996673827,PA63T
17,2.475305890947256,PA63T
