Ultrasound Power (W),Toughness (MJ/m³)
0.40796110463629187,1.6358504469747253,montmorillonite/TGDDM
2.4965883415806633,1.1359377545958977,montmorillonite/TGDDM
10.982866987454011,0.742747596785839,montmorillonite/TGDDM
19.072272631363674,0.7118700388622535,montmorillonite/TGDDM
