Softening Temperature (°C),Zero-shear Viscosity (Pa·s)
3.8500462282274106,2.0265599235020217,PMMA
6.512188438203957,1.8628849730134953,PMMA
18.108780670340686,1.5384122782436538,PMMA
3.8500462282274106,-2.771983419241934,PGMA
6.512188438203957,-3.002985351263107,PGMA
18.108780670340686,-9.69845340629767,PGMA
3.8500462282274106,-1.5695743861976306,PEVA
6.512188438203957,-1.4159918958105937,PEVA
18.108780670340686,244.6021706472307,PEVA
