Magnetic Field Strength (T),Dielectric Breakdown Strength (MV/m)
0,4.304413987219552,graphene/PA63T
6,8.966220036315487,graphene/PA63T
16,124.55531230557948,graphene/PA63T
0,-2.186361666043081,Aluminium dioxide/PA63T
6,-3.3478409994917717,Aluminium dioxide/PA63T
16,-3.5042645517667506,Aluminium dioxide/PA63T
