Nanoparticle Mass (%),Magnetic Anisotropy (J/m³)
11,-5.237209373314208,BXZ
12,-3.345705369485406,BXZ
15,-0.09355655490542869,BXZ
11,-0.9738956965911449,aPP
12,0.9492054018329688,aPP
15,-3.134524554086245,aPP
11,-1.8756513864792554,Poly(4-vinyl pyridine)
12,-1.9238697824226438,Poly(4-vinyl pyridine)
15,-1.9962392916003544,Poly(4-vinyl pyridine)
11,71.74585812293991,SAN
12,43.254686963122296,SAN
15,131.53732512885628,SAN
