Rotational Speed (rpm),Polarization Resistance (Ω·m²)
8.377297359384494,-3.988159578397147,0.24% Barium strontium titanate/PnBA
8.383932886880462,-3.4995930673959617,0.24% Barium strontium titanate/PnBA
14.72567589009239,-5.39031860616358,0.24% Barium strontium titanate/PnBA
15.103895220601872,-3.714835303204687,0.24% Barium strontium titanate/PnBA
17.427930490193702,-5.306664254475514,0.24% Barium strontium titanate/PnBA
