Magnetic Field Strength (T),Modulus Of Elasticity (GPa)
3.5871623933636343,9.306514636213226,
13.271180066320804,68.25890689931857,
13.960172409155039,79.85014784285669,
16.465166256813614,144.74136369500889,
