Curing Temperature (°C),Fatigue Strength (MPa)
4.089400921556221,4.4112829552923145,
6.553570190766438,4.2101069443588734,
19.462249830784796,3.880844594723886,
