Exposure Time (h),Young’s Modulus (GPa)
0,-2.0338619976075214,CNBR
2,-1.0391532762899451,CNBR
18,-121.0975791936176,CNBR
0,1.991256979084704,PMA
2,1.696722667681697,PMA
18,1.0882305249845348,PMA
0,-5.648092001948999,triglycidyl para-aminophenol
2,-6.443746371116181,triglycidyl para-aminophenol
18,-7.058726225868314,triglycidyl para-aminophenol
0,8.207107474013656,SBR
2,7.853380047194686,SBR
18,7.168355050301799,SBR
