Specific Heat Capacity (J/(g·K)),Kinematic Viscosity (mm²/s)
2,6.04159085579696,PBAT
8,19.56393888262705,PBAT
18,573.0123841805787,PBAT
