pH,Tan Delta
1,-6.689060705773641,MgO/Nylon 11
15,16.752024390999658,MgO/Nylon 11
16,298.91598272563397,MgO/Nylon 11
1,-4.7515900198373355,SWCNT/Nylon 11
15,0.6242471365311593,SWCNT/Nylon 11
16,-8.985944798184107,SWCNT/Nylon 11
