Dielectric Constant,Shear Strength (MPa)
2.6550380208917157,5.588978447136714,Molybdenum Disulphide/P4VP
5.9135963726095975,5.378799167799283,Molybdenum Disulphide/P4VP
7.806426292302355,5.376282886372654,Molybdenum Disulphide/P4VP
8.389820533904883,5.312004766852078,Molybdenum Disulphide/P4VP
8.691033428618587,5.329778868610573,Molybdenum Disulphide/P4VP
12.97235608703906,5.17875653634181,Molybdenum Disulphide/P4VP
