Exposure Time (h),Thermal Expansion (1/K)
2,-6.136011081015728,0.89% Organophilic clay
7,-6.7560130417813085,0.89% Organophilic clay
11,-6.8409091421100845,0.89% Organophilic clay
19,-6.877111502706464,0.89% Organophilic clay
