Reaction Time (h),Magnetic Anisotropy (J/m³)
0,8.966821152547764,OFG/PEG
11,57.47463351623836,OFG/PEG
16,187.5669607709718,OFG/PEG
0,9.364003002444514,"Iron(II,III) oxide/PEG"
11,8.307266980065211,"Iron(II,III) oxide/PEG"
16,8.17974039752317,"Iron(II,III) oxide/PEG"
0,8.646198566457734,graphene nanoplatelets/PEG
11,9.215617299543553,graphene nanoplatelets/PEG
16,14.926197407771419,graphene nanoplatelets/PEG
