Reaction Temperature (°C),Elongation At Break (%)
4,4.381178152762399,PTFE
13,7.459458474807108,PTFE
14,7.332918579344772,PTFE
4,-2.1650310214055852,Poly(acrylic acid)
13,7.155147464532407,Poly(acrylic acid)
14,-0.604215508970606,Poly(acrylic acid)
4,6.749266203088996,Nylon 8
13,6.4573276627025855,Nylon 8
14,6.453782549196916,Nylon 8
4,6.311951914028242,Poly(propylene)
13,81.61028837577678,Poly(propylene)
14,28.58483772219553,Poly(propylene)
