Glass Transition Temperature (°C),Glass Transition Temperature (°C)
1.5334243400189052,0.6035890917658734,
8.419764563490144,0.18182481260002104,
14.374914010650448,-0.04974113238915895,
