Tensile Strength (MPa),Loss Factor
3.0495536037868853,5.088087817163212,
6.150579472358979,5.826686137082997,
10.847669589515341,7.663841844124666,
14.457999806261919,5.448625674216961,
