EV (V),Poisson’s Ratio
1,3.214339899089677,PVA
8,6.218268810996927,PVA
12,15.343462769214868,PVA
15,11.866210065645836,PVA
18,239.08066905130738,PVA
