Volume Fraction (%),Magnetoresistance
4.138794187345773,-3.0505457833840834,DGEBD Epoxy Resin
15.15208889686689,148.32300155322133,DGEBD Epoxy Resin
15.380191588281825,180.30529047785086,DGEBD Epoxy Resin
6,2.2080946503493255,Poly(bisphenol A carbonate)
12,11.36367868245669,Poly(bisphenol A carbonate)
19,517.3605862868174,Poly(bisphenol A carbonate)
0.7364826293677629,1.6406391607686617,VER
12.97163096424306,-0.42430963878471895,VER
13.224081118279576,7.1824354505616235,VER
