Heat Treatment Temperature (°C),Shear Strength (MPa)
5.501926694099009,4.447896535737614,
7.903671540277671,13.551167435021377,
10.892095732860847,32.438704257865425,
19.776101122385793,-148.54693065308683,
