Loading Concentration (%),X-ray Diffraction Intensity
2,3.2094879048022054,PVP
6,6.956037612997353,PVP
7,15.326865186392578,PVP
8,11.816366303970113,PVP
18,699.6383839510944,PVP
