Aging Time (h),Heat Of Fusion (J/g)
10,0.9983940578538754,0.08% Cellulose
12,0.9746240672132934,0.08% Cellulose
14,0.9263468810629865,0.08% Cellulose
10,7.5633078555776265,0.75% Cellulose
12,9.212341110583566,0.75% Cellulose
14,17.69815801060087,0.75% Cellulose
