Rotational Speed (rpm),Magnetoresistance
2.781749373671827,-4.118999557468145,0.6% TPP/Unsaturated polyester resin
6.332110143737939,-3.6697681495262593,0.6% TPP/Unsaturated polyester resin
19.511869605640904,-9.460728138887445,0.6% TPP/Unsaturated polyester resin
2.781749373671827,-3.320168087946112,0.95% TPP/Unsaturated polyester resin
6.332110143737939,2.7340891779671637,0.95% TPP/Unsaturated polyester resin
19.511869605640904,211.15592281499534,0.95% TPP/Unsaturated polyester resin
2.781749373671827,-0.08185403847771422,0.6% TPP/Unsaturated polyester resin
6.332110143737939,-0.25300846335620497,0.6% TPP/Unsaturated polyester resin
19.511869605640904,-0.6825365508499796,0.6% TPP/Unsaturated polyester resin
