vol% (%),Decomposition Temperature (°C)
13,-7.201858852715112,P2VP
16,-7.214892486150894,P2VP
18,-7.219017222125657,P2VP
13,84.198673152944,Poly(2-vinyl pyridine)
16,301.63424916085773,Poly(2-vinyl pyridine)
18,286.5346453217205,Poly(2-vinyl pyridine)
13,-4.255470600050707,PB-1
16,-4.267251255609496,PB-1
18,-4.270740588410327,PB-1
13,7.105905908521446,Polyetherketoneketone
16,12.705940889519361,Polyetherketoneketone
18,17.97519255360036,Polyetherketoneketone
