Calcination Time (h),Specific Heat (J/(g·K))
10.033888741109918,0.9492931381874605,PVA/PVA
18.652282375000343,-23.980435711686354,PVA/PVA
19.014066184056126,-12.196938507900326,PVA/PVA
