Thermal Conductivity (W/(m·K)),Charge Transfer Resistance (Ω·m²)
3.409833022653508,5.572607491274573,0.05% Silicon dioxide
9.636500154279739,5.2985827746266585,0.05% Silicon dioxide
14.875337790275147,5.10745391689745,0.05% Silicon dioxide
3.409833022653508,2.25742409611108,0.44% Silicon dioxide
9.636500154279739,2.0319372526043966,0.44% Silicon dioxide
14.875337790275147,1.827512178784469,0.44% Silicon dioxide
