Temperature (°C),Electronic Conductivity (S/m)
3,-7.229092620188274,0.01% talc
6,-7.259235612382136,0.01% talc
11,-7.623986685901958,0.01% talc
14,-7.695977303423363,0.01% talc
16,-7.761086208770203,0.01% talc
