Calcination Temperature (°C),Toughness (MJ/m³)
2.6832419114137673,-5.95525831968134,
9.154131517980082,-6.187709055411427,
10.784454448544974,-6.299215400032999,
14.972974822539996,-6.425691818503503,
16.99596614833615,-6.461562784761237,
2.6832419114137673,-1.56827187085008,
9.154131517980082,-1.8397342122932692,
10.784454448544974,-1.9361299018372025,
14.972974822539996,-2.052100197714447,
16.99596614833615,-2.110110483628662,
