Incubation Temperature (°C),Fracture Toughness (MPa·m^0.5)
0.6760735064590784,4.28203023839828,S-SBR
6.412304043043131,4.339131243377382,S-SBR
18.80319147870107,3.5178985839153896,S-SBR
1.24572204897889,6.2989038963422805,PA 6
3.9696812240633306,5.7952731589494215,PA 6
14.801812831403803,5.565331718722806,PA 6
2.423313728095513,-6.159001672415616,P(Baph)
9.108058120956068,-6.374254170608979,P(Baph)
12.83893226049903,-6.425257439514672,P(Baph)
