Reaction Time (h),Magnetic Permeability (H/m)
2,1.533392029575733,Poly(ethylene)
11,1.0940255732209143,Poly(ethylene)
15,1.0668424534072998,Poly(ethylene)
19,1.058610738495478,Poly(ethylene)
2,8.21296863061786,PEA
11,7.651887527641928,PEA
15,7.627186362978898,PEA
19,7.61920429862715,PEA
