Volume Fraction (%),Kinematic Viscosity (mm²/s)
0,2.988822954207447,CAB
3,2.4966447252124717,CAB
12,2.1645989487026864,CAB
14,2.1488156930560156,CAB
17,2.140012888944688,CAB
