Light Intensity (W/m²),Young’s Modulus (GPa)
1,5.897200310028482,
3,5.816125419689692,
18,9.01516023492778,
1.1991416417091938,-6.951913568248516,
5.4959923303320934,-6.288296281434004,
19.835887700937576,-1.8249629491321926,
5.87747689786954,-3.234868649433051,
7.086705023380249,-3.304486700668182,
13.060410069797472,-3.4106562211429496,
