Rotational Speed (rpm),Intrinsic Viscosity (dl/g)
1,-3.024781158877511,
4,-0.9889105275455825,
6,7.663887056213339,
16,43.05577836692068,
18,462.9057886054045,
1,-6.408748648680484,
4,-7.07480566367717,
6,-7.207807581345874,
16,-7.3911515955471865,
18,-7.395038475479669,
1,-7.053751401066869,
4,-7.587500591834917,
6,-7.707964237265141,
16,-7.824443005186587,
18,-7.828679907160971,
