Curing Temperature (°C),Shear Strength (MPa)
0,-5.238635049441659,
2,-5.77379252027843,
10,-6.347700648967413,
19,-6.392147185686717,
