Nanoparticle Mass (%),Impact Strength (kJ/m²)
9,-4.328306712938778,
14,-4.510525961699592,
18,-4.589926871758642,
