Stress (Pa),Glass Transition Temperature (°C)
1,8.976663214725965,0.76% TiNTs
6,12.12841302425829,0.76% TiNTs
8,20.903869984965674,0.76% TiNTs
1,3.840403771199103,0.36% TiNTs
6,10.078401084588673,0.36% TiNTs
8,4.047120160250003,0.36% TiNTs
