Curing Temperature (°C),Crystallinity (%)
1.6738901818496044,9.104454815655622,Magnesium oxide/PVB
8.05476288372624,8.23781393401028,Magnesium oxide/PVB
17.61068350249831,16.81407162713038,Magnesium oxide/PVB
1.6738901818496044,0.6391234890959745,C60/PVB
8.05476288372624,0.26288251783882693,C60/PVB
17.61068350249831,0.17049208645604746,C60/PVB
