wt% (%),Conductivity (S/m)
4.517837509100675,7.359221811878561,TGDDM
7.564623595798723,7.490161686370001,TGDDM
8.657754498610936,8.879365657643325,TGDDM
19.660925477348904,8.24528836283947,TGDDM
