Curing Temperature (°C),Thermal Diffusivity (mm²/s)
3,-1.6333831725419716,0.75% Zinc oxide
12,51.780961471873255,0.75% Zinc oxide
16,269.5602039495751,0.75% Zinc oxide
3,6.465740566587673,0.39% Zinc oxide
12,6.139603239450722,0.39% Zinc oxide
16,6.118699153560321,0.39% Zinc oxide
