Tensile Strength (MPa),Specific Heat (J/(g·K))
1,7.256862501289054,
5,9.073335739649522,
6,12.832611941328018,
7,18.43490134179247,
1,6.012346858064312,
5,6.287789440207765,
6,6.387249255394701,
7,6.569331247127659,
1,2.203737556759161,
5,1.6301501608429902,
6,1.64930390190301,
7,1.5603150907678531,
1,-6.653833986245805,
5,-6.850883694773453,
6,-6.789768990190277,
7,-6.000090521036141,
