vol%,Modulus Of Elasticity (GPa)
0,-6.402351047454487,
4,-4.148811574854065,
13,68.42406487569068,
19,39.7370879246899,
0,8.051249337910379,
4,7.430596987560395,
13,7.150366395716557,
19,7.132484129527788,
0,-2.354702696764801,
4,-2.2165240574778995,
13,1.9860870680833846,
19,5.986305934292364,
0,8.781632183982854,
4,10.224443578213473,
13,84.20127621527155,
19,32.017286372597574,
