Pore Size (nm),Bet Surface Area
0.5310804184793061,2.5300507140773654,0.18% Graphene oxide/Poly(BA-a)
6.264212269780691,6.305045057208328,0.18% Graphene oxide/Poly(BA-a)
16.757453390613094,222.02118718200776,0.18% Graphene oxide/Poly(BA-a)
