Electron Beam Dose (Gy),Fatigue Strength (MPa)
0,-4.661796273742588,PEA
5,-5.098482741163626,PEA
9,-5.250003655827323,PEA
12,-5.3874326832701085,PEA
15,-5.438088717524701,PEA
