Electron Beam Dose (Gy),Peel Strength (N/m)
1.5919385563414412,4.524837996528369,PAMS
4.797076139528356,4.6554491021796665,PAMS
7.195404838126751,4.41160565962768,PAMS
15.395142550687256,4.060692976000432,PAMS
1.5919385563414412,6.068805890750091,Poly(methyl acrylate)
4.797076139528356,5.853120888261706,Poly(methyl acrylate)
7.195404838126751,5.696880015337708,Poly(methyl acrylate)
15.395142550687256,5.404198881563095,Poly(methyl acrylate)
