Pore Size (nm),Specific Viscosity
0.9505270452553161,3.5777672106050047,0.22% Magnesium oxide
6.080973072317151,5.043478016700032,0.22% Magnesium oxide
13.042177069387764,10.007229448563198,0.22% Magnesium oxide
1.8430208175372265,3.4744886309421954,0.56% Magnesium oxide
10.65323464519938,2.834325838711163,0.56% Magnesium oxide
19.048037456318117,2.794786604681256,0.56% Magnesium oxide
5,-3.045654772524593,0.43% Magnesium oxide
11,-3.2189220243101677,0.43% Magnesium oxide
19,-3.255082426848108,0.43% Magnesium oxide
