Light Intensity (W/m²),Hardness (HV)
4.207964177341941,5.0905352197218905,0.27% Organophilic clay
12.248154414261698,51.44133285317554,0.27% Organophilic clay
14.478722619451066,76.97785376066868,0.27% Organophilic clay
14.552887543538514,59.269644238698206,0.27% Organophilic clay
