Elongation At Break (%),Tg (°C)
0,-3.684236736600349,0.91% CaCu3Ti4O12/PA 6
1,-3.642116926260053,0.91% CaCu3Ti4O12/PA 6
16,6.946899680062396,0.91% CaCu3Ti4O12/PA 6
19,5.862978000047898,0.91% CaCu3Ti4O12/PA 6
