Dispersing Time (min),Compressive Modulus (GPa)
11.97592028912015,2.2197311719112505,0.97% single-walled CNT
13.22225695213877,9.505652079298901,0.97% single-walled CNT
16.705835622984136,1.4448950850581692,0.97% single-walled CNT
9,-6.840852280237086,0.31% single-walled CNT
12,-6.93097865925745,0.31% single-walled CNT
13,-6.990179023019354,0.31% single-walled CNT
4.678530558539027,-0.9287574679419063,0.95% single-walled CNT
18.106068450045058,-1.304692264985689,0.95% single-walled CNT
19.231761828032695,-1.3262517575443158,0.95% single-walled CNT
