Gamma Radiation Dose (Gy),Thermal Expansion (1/K)
5.008286351635601,-2.4954031998436923,Poly(glycidyl methacrylate)
17.013263232464034,-2.9394777116847606,Poly(glycidyl methacrylate)
17.545488600334888,-2.9358822640402185,Poly(glycidyl methacrylate)
