Synthesis Time (min),Degradation Temperature (°C)
2.4869085136642233,-3.870282826296992,
14.060688522338014,71.32205586897533,
15.093217237914052,178.52354731414204,
6,-5.968967438498274,
7,-5.5998689144255085,
14,-0.5033368369465521,
