Annealing Temperature (°C),Conductivity (S/m)
2.9419556259031787,1.0674895473452841,
10.087301143687174,26.263758418692706,
17.454776692923712,419.0200332262449,
