Melting Temperature (°C),Tg (°C)
15.461373419273649,207.30434461327894,
16.56316528119303,-269.30655430253626,
19.495413213407133,319.1582706252068,
15.461373419273649,6.459316468998465,
16.56316528119303,15.558937528827984,
19.495413213407133,26.53953740711033,
15.461373419273649,2.2834119323499316,
16.56316528119303,2.2804522329623986,
19.495413213407133,2.276443367059275,
