Pressure (Pa),Magnetic Anisotropy (J/m³)
1,7.899111775885422,0.32% PVA
12,7.437201524793527,0.32% PVA
14,7.4031515962208125,0.32% PVA
15,7.3833663958105955,0.32% PVA
17,7.337193085900758,0.32% PVA
