Stress (Pa),Shear Modulus (GPa)
9,8.9824391511393,Sodium polyacrylate
11,8.75245648860006,Sodium polyacrylate
13,12.104174978340888,Sodium polyacrylate
15,6.065055385387095,SAN
18,6.001815922547609,SAN
19,5.985685521332872,SAN
