Volume Fraction (%),Tg (°C)
8,-5.705901029275242,
11,-5.762888384714554,
16,-5.787511402795076,
17,-5.789758962632296,
8,5.3829747968528725,
11,8.677226945952134,
16,8.271966338476496,
17,4.4188645360347945,
8,-5.85398372677748,
11,-5.90177704954886,
16,-5.928173577107238,
17,-5.929855545521912,
