Ultrasound Power (W),Elongation At Break (%)
2,-5.889457470300066,PA 12
11,-6.656109484014806,PA 12
12,-6.659556343690352,PA 12
13,-6.695992065623541,PA 12
15,-6.753628843131818,PA 12
2,7.119604899346679,PBA
11,32.149095416369995,PBA
12,70.58365379272813,PBA
13,-4.460685535443613,PBA
15,215.08865776285862,PBA
