Neutron Flux (n/cm²/s),Poisson’s Ratio
6.3609442032850065,-2.2884675371382492,0.17% TiNT
8.22217524170447,-2.395586256256663,0.17% TiNT
12.506073192399223,-2.5280365612639493,0.17% TiNT
