Coefficient Of Thermal Expansion (1/K),Polarization Resistance (Ω·m²)
5,6.773845831294493,
7,7.922598551629708,
12,8.389137723116825,
5,0.2734183327665213,
7,0.22435264523167353,
12,0.07187619299291326,
5,1.071460158581798,
7,1.0584502779669356,
12,0.8482564440216724,
