Particle Size (nm),Specific Heat (J/(g·K))
1,-1.744472123953964,0.47% Channel black
8,-0.3943698055979734,0.47% Channel black
11,0.8450894358175169,0.47% Channel black
16,-1.2806021685435316,0.47% Channel black
