Crystallinity (%),Magnetic Susceptibility
13.327759179715537,-4.212511764570767,
14.149212819226252,1.4133260587822125,
18.250054721837827,-7.1233354337739065,
13.327759179715537,5.201720480812809,
14.149212819226252,5.188690686864226,
18.250054721837827,5.107143453181554,
