pH,Magnetic Susceptibility
3,-3.4952401007304124,poly-HEMA
4,-5.088254211053217,poly-HEMA
12,49.96758812378151,poly-HEMA
17,271.0786881636156,poly-HEMA
18,262.6341232257344,poly-HEMA
3,2.8846728157572743,P(BA-a)
4,2.883816188614043,P(BA-a)
12,2.3874159867931315,P(BA-a)
17,2.2753057823769662,P(BA-a)
18,2.2606252115426217,P(BA-a)
