Degradation Temperature (°C),Compression Strength (MPa)
1,-0.7589893886629562,VER
16,-1.2995759085150393,VER
18,-1.3033976333608195,VER
