Incubation Time (h),Kinematic Viscosity (mm²/s)
8.705419656644688,-5.93910842026275,0.26% multi-walled CNTs/Cyclic olefin copolymer
9.543535667555307,-3.200609404130743,0.26% multi-walled CNTs/Cyclic olefin copolymer
14.446065659207829,0.6119515646855058,0.26% multi-walled CNTs/Cyclic olefin copolymer
8.705419656644688,-3.304005249953819,0.43% multi-walled CNTs/Cyclic olefin copolymer
9.543535667555307,-3.3132399839390225,0.43% multi-walled CNTs/Cyclic olefin copolymer
14.446065659207829,-3.3522511891298685,0.43% multi-walled CNTs/Cyclic olefin copolymer
