Coefficient Of Thermal Expansion (1/K),Specific Viscosity
0.9370170804171996,1.3821912770989193,Poly(vinyl butyral)
1.8083030635958464,0.9706725587173318,Poly(vinyl butyral)
9.473490534959696,0.7480670129454962,Poly(vinyl butyral)
10.628430201172874,0.6628205682107351,Poly(vinyl butyral)
0.9370170804171996,-4.688576651258906,CNBR
1.8083030635958464,-4.955510941141094,CNBR
9.473490534959696,-5.387647237943276,CNBR
10.628430201172874,-5.462774223355303,CNBR
