Magnetic Field Strength (T),Porosity (%)
4.681862135358261,0.47825645641817627,
13.608574946509862,0.24556873119958722,
15.726710753641457,0.23768908378122575,
1.6807143527145252,3.098555524984417,
17.254231382752963,14.143402467364837,
19.206293785795943,25.383838671659085,
