Drying Time (h),Particle Size Distribution
6.695561822593891,-4.711012870413981,TPU
6.790906069117435,3.023906778594066,TPU
7.094662796639904,9.28155177409603,TPU
9.551638142820963,4.674728178300349,TPU
11.420661174999731,8.473951916777805,TPU
19.504961993383237,211.44987610281743,TPU
