Drying Temperature (°C),Specific Heat (J/(g·K))
10.591177090878144,-4.249466342567995,
11.320622281476641,-4.255498078747018,
15.802485541976276,-4.279260263974696,
10.591177090878144,2.158155417544472,
11.320622281476641,2.1531746024219705,
15.802485541976276,2.129162632595647,
