Gamma Radiation Dose (Gy),Melting Temperature (°C)
8,-1.8075988083212167,BR
10,12.641822818896815,BR
12,98.30420689730721,BR
8,11.023112853168852,PRX
10,18.48903638883563,PRX
12,66.1136350993786,PRX
8,5.409051432719333,Polystyrene
10,7.569118940464506,Polystyrene
12,3.2156363835892017,Polystyrene
8,-1.1756075676586801,DGEBF
10,-1.1981129050446253,DGEBF
12,-1.2256655933594955,DGEBF
8,6.800871694704697,PTrFE
10,8.528793916166464,PTrFE
12,7.269733840638645,PTrFE
