Thermal Diffusivity (mm²/s),Heat Capacity (J/K)
9,-2.46243598005683,
18,-2.7071075346748983,
19,-2.7272129766895423,
