Aging Time (h),Shear Viscosity (Pa·s)
1.0719948101042598,-7.435598820526153,OMMT/PPSF
1.6399259337941707,-7.222776714896226,OMMT/PPSF
6.419086170614154,-7.853673085575615,OMMT/PPSF
9.724287794153312,-7.936718661810321,OMMT/PPSF
15.799724905860323,-7.982240964603316,OMMT/PPSF
18.478134953424455,-7.987071179692693,OMMT/PPSF
