Particle Size (nm),Degradation Temperature (°C)
2,-4.237106990351945,
3,-4.626722254220375,
5,-4.62306703080505,
7,-4.7035276763469955,
8,-4.802560861615744,
10,-4.954428289101197,
15,-5.065782170190568,
17,-5.092339676525855,
2,-7.223637921872072,
3,-7.221763518769268,
5,-7.526181493911311,
7,-7.610730139722752,
8,-7.644302089000989,
10,-7.679971303312134,
15,-7.714902753600183,
17,-7.720272181104416,
