Aspect Ratio,Thermal Stability (°C)
0.002137332404301695,-2.6437370358616614,
0.6186690466842681,-2.9342851323644887,
10.620180027474344,-3.5582550142437803,
16.631450061607037,-3.7121177373807757,
0.002137332404301695,-6.161064295756996,
0.6186690466842681,-5.859318904121544,
10.620180027474344,9.6546140030292,
16.631450061607037,376.4505121215739,
