Temperature (°C),Charge Transfer Resistance (Ω·m²)
5,7.278148393125457,0.53% zirconium dioxide
6,8.667469007747679,0.53% zirconium dioxide
17,2.6991899800270627,0.53% zirconium dioxide
5,-2.1029018745664283,0.63% zirconium dioxide
6,-2.1571223158723747,0.63% zirconium dioxide
17,-2.3079175142991915,0.63% zirconium dioxide
