UV Exposure Time (h),Coefficient Of Thermal Expansion (1/K)
0,5.3354682332662975,
4,6.5040678772360945,
5,8.16968712600955,
10,24.168346792912715,
15,152.0351472480239,
1.058311588960117,-5.7555948679309825,
4.783515307922491,-6.21326178166325,
8.44983703535452,-6.306103204241004,
8.952672315137615,-6.323545276761128,
15.241310827855582,-6.373901039574234,
