Crystallinity (%),Ionic Conductivity (S/m)
1.496283344105751,0.08504897553509405,
1.9319031660160135,0.48755650741244283,
9.79969989026297,0.6562096042437469,
17.253023146541988,12.328895119961388,
18.468650809803677,4.599036510799545,
19.57566990311393,-6.5714874465905915,
