Rotational Speed (rpm),Loss Modulus (Pa)
5.595709474979271,-1.8236069788671756,Molybdenum disulfide/PB-1
9.17652942749397,29.468360656699403,Molybdenum disulfide/PB-1
12.067955029843453,38.592123193662324,Molybdenum disulfide/PB-1
1,-4.207155551360019,BaTiO3/PB-1
3,-4.665694927714848,BaTiO3/PB-1
11,-5.0023015136390905,BaTiO3/PB-1
