Magnetic Field Strength (T),Zeta Potential (mV)
7,-4.803551771239416,
15,-2.7154689775567924,
17,-6.4746696806587645,
8,24.995994566716224,
13,24.132215612296537,
17,600.8947182430584,
2,-5.72846530444508,
13,9.338869972873045,
15,141.69234406783102,
7,6.132564743627744,
15,6.00347972657869,
19,5.995956320534194,
1.2570749707002116,0.35401123373224097,
14.700479517561018,89.47134482027211,
19.23149298821779,708.6195190130823,
