Volume Fraction,Degradation Temperature (°C)
13.723249000969172,5.9538313468135105,
16.70846797793905,5.943953331163815,
17.131949349094832,5.943870301675567,
13.723249000969172,69.15382361973813,
16.70846797793905,-0.46101216413272894,
17.131949349094832,421.06113457165316,
13.723249000969172,-4.425858146444525,
16.70846797793905,-4.435982961966137,
17.131949349094832,-4.4363068316210175,
