Volume Fraction (%),Tensile Modulus (GPa)
0.2712335510076591,-6.200681330339561,
2.760824597677307,-4.524799493341064,
7.474803316331293,-2.0452213882900256,
10.37475636259864,40.34501413769329,
