Synthesis Temperature (°C),Magnetoresistance
0,3.0931486518369313,Poly(tetrafluoroethylene)
7,1.9763663635877318,Poly(tetrafluoroethylene)
8,1.960395777108379,Poly(tetrafluoroethylene)
14,1.8820457980102467,Poly(tetrafluoroethylene)
16,1.8757251865651214,Poly(tetrafluoroethylene)
19,1.8707554037271399,Poly(tetrafluoroethylene)
0,8.101589876122096,PnBA
7,7.514687185588495,PnBA
8,7.512399969539437,PnBA
14,7.328232876065656,PnBA
16,7.283555781642527,PnBA
19,7.225346627386768,PnBA
