Thermal Conductivity (W/(m·K)),Dielectric Breakdown Strength (MV/m)
0,-2.9005035519425864,PHEA
1,-3.3390904727240516,PHEA
3,-3.5926479030048473,PHEA
4,-3.666205894047761,PHEA
12,-3.9834056202907493,PHEA
0,0.30422604658850916,Poly(acrylonitrile)
1,0.19972714531499092,Poly(acrylonitrile)
3,2.6441176502792345,Poly(acrylonitrile)
4,2.637901019179596,Poly(acrylonitrile)
12,17.87701874307021,Poly(acrylonitrile)
