Drying Time (h),Thermal Conductivity (W/(m·K))
2,0.5870052448481355,0.52% ZnO/PA63T
4,0.29861260536052525,0.52% ZnO/PA63T
5,0.23169478114126013,0.52% ZnO/PA63T
14,0.06323814835674985,0.52% ZnO/PA63T
16,0.05697869641794301,0.52% ZnO/PA63T
19,0.05200208420489068,0.52% ZnO/PA63T
