Reaction Time (h),Compressive Modulus (GPa)
1,-4.245317564290183,
2,-4.165924767974563,
5,-4.6637957113502715,
7,-4.836829116935186,
1,-1.7062101544329205,
2,-1.9995348662260213,
5,-2.252231603309714,
7,-2.3437717380765006,
1,1.9124051451653512,
2,1.508465930879682,
5,1.2120283291450358,
7,1.0921659656231126,
1,-4.378226525563155,
2,-4.074793910459374,
5,-4.31902276548605,
7,-4.616846517290212,
