Film Thickness (µm),Compressive Modulus (GPa)
1,-1.8968416239424772,PBD
4,-2.4547248080795843,PBD
13,-2.716061965169229,PBD
17,-2.794434994130139,PBD
1,4.294207001232285,TGDDM
4,4.267059967148423,TGDDM
13,3.8815334132442634,TGDDM
17,3.7847192940275676,TGDDM
