Aspect Ratio,Thermal Expansion (1/K)
5.54231780971903,7.788402722746982,PAA
7.055036555654852,14.800947085588472,PAA
12.324879806828326,84.76203022980846,PAA
14.866240925172477,-40.373275760489705,PAA
19.87869980898038,-169.36133237406133,PAA
2,4.1340200690887325,S-EB-S
10,3.8638385894260465,S-EB-S
11,3.8573321148211126,S-EB-S
18,3.660975918855969,S-EB-S
19,3.6265101158870086,S-EB-S
