Calcination Temperature (°C),Magnetic Permeability (H/m)
4,6.502121694690651,0.52% Carbon black
6,6.355969956921188,0.52% Carbon black
7,6.259514525701995,0.52% Carbon black
4,8.63991609637771,0.4% Carbon black
6,11.515922925665873,0.4% Carbon black
7,15.469528399013647,0.4% Carbon black
