Drying Temperature (°C),Zero-shear Viscosity (Pa·s)
5.765070428539665,-4.886113501606316,0.28% exfoliated graphite
10.605991036168385,-5.391056469816587,0.28% exfoliated graphite
18.519041772618962,14.025918337789474,0.28% exfoliated graphite
19.7084448869435,-1.8531258792584415,0.28% exfoliated graphite
5.327383003240649,5.212197948538886,0.59% exfoliated graphite
9.357904554482925,8.408414014831006,0.59% exfoliated graphite
11.791049272175984,6.134810837153485,0.59% exfoliated graphite
18.341605342539616,19.93356891304434,0.59% exfoliated graphite
