Time (s),Loss Factor
0,-1.568246637924686,Poly(benzoxazine)
7,-2.233010651332615,Poly(benzoxazine)
9,-2.246786214236887,Poly(benzoxazine)
17,-2.504642225835073,Poly(benzoxazine)
0,4.417054955533647,Polybutadiene
7,17.679637792755884,Polybutadiene
9,27.75890276490792,Polybutadiene
17,-133.85598505341778,Polybutadiene
