Magnetic Field Strength (T),Complex Viscosity (Pa·s)
2,4.4531769482968,0.83% Cloisite
12,56.49976183560817,0.83% Cloisite
19,355.32137195847974,0.83% Cloisite
2,-5.150786986328188,0.95% Cloisite
12,-5.56524860850606,0.95% Cloisite
19,-5.712109886114086,0.95% Cloisite
2,-4.622543404598535,0.39% Cloisite
12,-9.474941823290552,0.39% Cloisite
19,-90.4202841877508,0.39% Cloisite
