Calcination Temperature (°C),Crystallization Temperature (°C)
8.750082622510327,-0.7866514566095821,0.9% Barium titanate
10.100531083164537,2.0913383066327818,0.9% Barium titanate
12.460747068670361,23.410967740417867,0.9% Barium titanate
14.413542281405427,112.31875567516344,0.9% Barium titanate
