Curing Temperature (°C),Thermal Stability (°C)
0.24233270708195365,1.2380866444487375,0.84% TiO2
4.9753870419855755,0.9293878335369191,0.84% TiO2
6.183857468177973,0.8442877497817638,0.84% TiO2
12.724677965201504,0.5696526665322378,0.84% TiO2
0.24233270708195365,8.152368887549098,0.17% TiO2
4.9753870419855755,10.299446874079287,0.17% TiO2
6.183857468177973,10.343843512473986,0.17% TiO2
12.724677965201504,33.73168667783352,0.17% TiO2
