wt% (%),Tan Delta
0.7839723040513813,-5.70017524590832,
0.815033678473065,-5.123675883252761,
6.557696002082977,-4.690392502337427,
16.551955986147785,6.419502110901675,
0.7839723040513813,-3.3450744904611067,
0.815033678473065,-4.189257581103283,
6.557696002082977,-3.835080872416774,
16.551955986147785,-9.769744093944698,
0.7839723040513813,3.303645117440544,
0.815033678473065,3.51621948861527,
6.557696002082977,2.642841013894472,
16.551955986147785,2.5280624063530572,
