Dispersing Time (min),Electric Field Strength (V/m)
4.627387084291477,-4.867456874218151,0.4% Carbon black/Nylon 6
4.687211547575714,-5.936469694273127,0.4% Carbon black/Nylon 6
8.488624555947137,-3.1534968749776997,0.4% Carbon black/Nylon 6
