Frequency (Hz),Peel Strength (N/m)
1.1265283297424222,1.2960438156240044,
3.308874636364667,3.3511760873067544,
16.51383372746996,33.657379771517206,
18.283840355557345,5.098690346339673,
19.946877782353912,297.4202168171788,
