Film Thickness (µm),Shear Modulus (GPa)
12.13859298494855,7.773364864935798,
15.850269364778097,7.7546011570212885,
16.086564480722544,7.754527828140238,
18.366884232421675,7.749768219841506,
19.210193887179493,7.7489109325973375,
6,2.736804767779809,
8,3.5055997419404807,
12,2.667233000173387,
16,13.113542036090148,
19,-10.81530761640668,
