Synthesis Time (min),Viscosity (Pa·s)
0,-0.9982803694328902,PBT
6,5.045110456843485,PBT
15,68.58665259040765,PBT
