X-ray Dose (Gy),Surface Area (m²/g)
2,5.222846860298555,
8,4.709245694771545,
11,4.645179422079218,
14,4.627419286119025,
17,4.618318571874889,
