UV Exposure Time (h),Electronic Conductivity (S/m)
6.0955024342905535,11.3238192940347,
16.38361782569493,167.31154065922718,
17.237865754874107,-92.39873154268011,
6.0955024342905535,-5.926792543526062,
16.38361782569493,-10.608634116824085,
17.237865754874107,-11.119976929374875,
