Stress (Pa),Heat Of Fusion (J/g)
2,1.0356059229717165,
4,2.9844789331444286,
7,6.744523335813762,
9,2.546535201459694,
16,139.06523962934182,
2,1.679968970187984,
4,2.0361708306919732,
7,2.3453818563530717,
9,4.192336305638763,
16,3.3848875897218624,
2,-4.936395344668104,
4,-5.2708267714795305,
7,-5.4485800084055755,
9,-5.504463541989712,
16,-5.555660302417054,
2,8.644537031026509,
4,9.329751291513823,
7,15.432713891723191,
9,12.049773528150313,
16,-28.22686084209638,
