vol% (%),Remanence (A/m)
3,-4.6279328342610455,Polyrotaxane
5,-1.8369192604965257,Polyrotaxane
14,26.509563683446046,Polyrotaxane
