Thermal Diffusivity (mm²/s),Crystallization Temperature (°C)
0.16048581141097973,-0.7444483704907912,Zinc oxide/PETE
1.2326197442914122,-1.2934882625168784,Zinc oxide/PETE
4.626566842235709,-1.727258071257371,Zinc oxide/PETE
13.141903182598575,-1.9600603571687527,Zinc oxide/PETE
0.16048581141097973,5.893223505045061,MMT/PETE
1.2326197442914122,6.225755004663818,MMT/PETE
4.626566842235709,6.380338246784704,MMT/PETE
13.141903182598575,5.927686930189774,MMT/PETE
