Exposure Time (h),Specific Heat (J/(g·K))
0.5422137563232576,-4.041763700728012,Multi-wall carbon nanotubes/PEMA
1.8950125906552184,-2.9275124034534934,Multi-wall carbon nanotubes/PEMA
6.799294638302033,2.535412258822361,Multi-wall carbon nanotubes/PEMA
9.915338988318034,3.7565007760351357,Multi-wall carbon nanotubes/PEMA
12.772985622752461,57.42968601927379,Multi-wall carbon nanotubes/PEMA
13.83687426481986,64.36165136517297,Multi-wall carbon nanotubes/PEMA
