Loading Concentration (%),Thermal Conductivity (W/(m·K))
10,3.429262828998817,
14,5.222476233852329,
18,16.96957786546968,
10,4.261538597225517,
14,4.135659253770455,
18,4.056778117501524,
10,1.817908277156894,
14,8.062777080191445,
18,-6.580692520453019,
10,23.737669518157702,
14,65.47519872777218,
18,197.40498955372976,
10,4.09025629155726,
14,4.0598126153771315,
18,4.049341316376569,
