Volume Fraction (%),Zeta Potential (mV)
2.400762391116047,-2.0090979661550588,
10.555825675114853,-1.2381569550229967,
11.059324716572338,1.0248550698495116,
12.955520750708258,0.1494171713337522,
16.973452693882166,4.087428074972773,
