Ion Beam Dose (Gy),Glass Transition Temperature (°C)
3.2462499366079345,1.9679099398084312,0.2% expanded graphite/PRX
7.438001797513696,1.917987629984085,0.2% expanded graphite/PRX
10.5843573214408,1.7681437649401126,0.2% expanded graphite/PRX
10.786633849450665,1.7588802896280926,0.2% expanded graphite/PRX
15.849588740310299,1.6199682466440055,0.2% expanded graphite/PRX
16.12522266186511,1.6159333644120495,0.2% expanded graphite/PRX
