Heat Treatment Temperature (°C),Saturation Magnetization (A/m)
0,1.5709933076674938,
1,1.0067156587546937,
9,0.6771301695578942,
17,0.4307454910816265,
0,2.385844403375147,
1,1.7056300206134734,
9,1.4568281716123714,
17,1.3940050576313643,
0,-3.226155476736855,
1,-3.238160489104809,
9,-3.81532431087638,
17,-4.037241132823006,
0,-7.095056990021492,
1,-6.941259883507499,
9,-4.450625178780449,
17,-3.4204624506166708,
