Drying Time (h),Flexural Modulus (GPa)
2.8045705305395763,-3.737752141182814,polyaniline/Sodium polyacrylate
14.504808399677971,-1.9503718095913576,polyaniline/Sodium polyacrylate
18.869337157174556,9.679913489512298,polyaniline/Sodium polyacrylate
