Aspect Ratio,Modulus Of Elasticity (GPa)
1.6566864139771065,-3.8297947686134854,cellulose nanowhiskers/PnBA
12.419579900885143,-4.75267556791559,cellulose nanowhiskers/PnBA
15.817857011886097,-1.7071564175627767,cellulose nanowhiskers/PnBA
1.6566864139771065,6.818680715225598,Bentonite/PnBA
12.419579900885143,14.347365700591613,Bentonite/PnBA
15.817857011886097,16.083743049930057,Bentonite/PnBA
1.6566864139771065,-1.7950675656030937,Aluminium dioxide/PnBA
12.419579900885143,-2.351533311950084,Aluminium dioxide/PnBA
15.817857011886097,-2.417931718953056,Aluminium dioxide/PnBA
