Ultrasound Power (W),Adhesion Strength (MPa)
10,-4.819794494829303,
11,-5.8528589650414435,
16,-5.148746579172721,
10,-3.2814255875532026,
11,-1.9275736773876417,
16,-0.792896340072299,
10,1.2728536555610006,
11,0.562866825226906,
16,3.3280916642324296,
10,6.926610240927933,
11,6.9148710964761015,
16,6.884265284414204,
10,5.655241617698641,
11,4.639584274922738,
16,4.640705283711061,
