Strain,Coercivity (A/m)
1,7.147149758357771,0.22% clay/Nylon 6(3)T
6,6.837668456767366,0.22% clay/Nylon 6(3)T
16,6.5634657289276745,0.22% clay/Nylon 6(3)T
1,7.5836921628416665,0.96% clay/Nylon 6(3)T
6,12.840201579070552,0.96% clay/Nylon 6(3)T
16,431.00596841540016,0.96% clay/Nylon 6(3)T
