Elongation At Break (%),Dielectric Loss
5,11.08450553751561,Fe2O3/SBR
7,17.22000078651866,Fe2O3/SBR
12,29.578998401186517,Fe2O3/SBR
18,542.3385744488224,Fe2O3/SBR
5,10.66352537754855,Au/SBR
7,3.7423358983045434,Au/SBR
12,57.672211006171274,Au/SBR
18,130.0688601208411,Au/SBR
