Aging Temperature (°C),Fracture Toughness (MPa·m^0.5)
5.529957301721796,7.1551877714762195,
11.299274521754718,6.984791854620583,
12.224811154289906,6.978300334340265,
15.078865222266177,6.963708861468791,
5.529957301721796,3.980278667904446,
11.299274521754718,6.458831496062665,
12.224811154289906,7.991734467855075,
15.078865222266177,7.447580280046234,
