Calcination Time (h),Thermal Expansion (1/K)
3.259713233850532,6.15776828036088,
3.7651230715333894,6.074835022763885,
7.178209663248882,5.902982674935565,
17.677900607169438,5.579804678142751,
3.259713233850532,8.393266878071033,
3.7651230715333894,8.258810532777428,
7.178209663248882,8.048796566231324,
17.677900607169438,7.944573577164257,
