Crosslinking Density (mol/m³),Coefficient Of Thermal Expansion (1/K)
13.429219910668131,-4.5192534085654446,0.76% Silicon carbide
14.982597341310466,-5.757882671275944,0.76% Silicon carbide
16.788164467933516,-6.908794376190575,0.76% Silicon carbide
18.30528990378106,8.554154879895002,0.76% Silicon carbide
