Film Thickness (µm),Intrinsic Viscosity (dl/g)
2,-4.724376501977819,
4,-5.168651002382059,
19,-5.44643817891679,
2,-3.130194900410972,
4,-3.2395693523390965,
19,-3.8865193415852555,
