Light Intensity (W/m²),Complex Viscosity (Pa·s)
0.16340525932144523,5.2689786318627245,Polychlorotrifluoroethylene
0.25497360671294933,5.00541024505584,Polychlorotrifluoroethylene
5.752673233558225,5.703860400980416,Polychlorotrifluoroethylene
7.284351869904889,5.929858415891997,Polychlorotrifluoroethylene
7.542000603150099,5.518859045623533,Polychlorotrifluoroethylene
8.810884168678417,7.375503618317261,Polychlorotrifluoroethylene
