Glass Transition Temperature (°C),Glass Transition Temperature (°C)
7,9.748358687175024,0.65% Lead(II) sulfide
10,26.43700642282236,0.65% Lead(II) sulfide
19,615.4161415837225,0.65% Lead(II) sulfide
7,7.83205719744823,0.52% Lead(II) sulfide
10,7.766887317212673,0.52% Lead(II) sulfide
19,7.718665824440357,0.52% Lead(II) sulfide
