Temperature (°C),Dynamic Viscosity (Pa·s)
3.64894450789097,-0.06709778404078204,0.97% graphene nanoribbon/PVA
10.892373511101773,-0.7059767817816918,0.97% graphene nanoribbon/PVA
11.049029539943565,-0.6394858502342632,0.97% graphene nanoribbon/PVA
16.006499922666205,-0.7712164185986928,0.97% graphene nanoribbon/PVA
3.64894450789097,4.942457095388042,0.58% graphene nanoribbon/PVA
10.892373511101773,13.75171671804613,0.58% graphene nanoribbon/PVA
11.049029539943565,32.32359884218812,0.58% graphene nanoribbon/PVA
16.006499922666205,214.357075827887,0.58% graphene nanoribbon/PVA
