Pore Volume (cm³/g),Zero-shear Viscosity (Pa·s)
5.344342820195191,-0.5051985257037608,PVAC
14.15058342323849,-1.5086144573843736,PVAC
15.452045788908196,-4.039721163185238,PVAC
17.393510028967125,1.2105299674304666,PVAC
18.59163220273597,22.49087713412586,PVAC
