Aspect Ratio,Galvanic Potential (V)
9.550006135606628,1.7311060285214666,0.41% silver/P(VDF-CTFE)
13.174060070113715,1.6366338426215525,0.41% silver/P(VDF-CTFE)
17.987841961206914,1.5177864685009235,0.41% silver/P(VDF-CTFE)
19.233126509094134,1.4969859983015172,0.41% silver/P(VDF-CTFE)
