Crystallinity (%),Bet Surface Area
0,-3.135819376689513,0.44% Acetylene black
1,-2.456495822752994,0.44% Acetylene black
13,-0.21634891789516342,0.44% Acetylene black
15,-0.18033815920599183,0.44% Acetylene black
