Young’s Modulus (GPa),Magnetoresistance
0,-4.585142249652488,ZnO/PMMA
1,-4.655632922630289,ZnO/PMMA
6,-5.330940968557651,ZnO/PMMA
12,-5.434235483553815,ZnO/PMMA
17,-5.561412191340033,ZnO/PMMA
18,-5.58882021609917,ZnO/PMMA
