Pore Volume (cm³/g),Zeta Potential (mV)
0,-0.2200812159794483,
3,1.6670515146211082,
12,56.0590586356847,
0,3.84700291974935,
3,4.40213506414178,
12,5.116539526441293,
0,2.9280393236446347,
3,2.626015840535212,
12,2.037666244044626,
0,1.9709577914856728,
3,1.838428675466385,
12,1.3759133491406903,
0,1.6926494899707385,
3,1.4622429157267294,
12,0.8866994652339582,
