Stirring Speed (rpm),Particle Size (nm)
3,-1.6241468312519163,0.15% graphite
4,-1.9692388798596854,0.15% graphite
14,-2.251719781923948,0.15% graphite
18,-2.3270911840671733,0.15% graphite
3,8.218699953013765,0.54% graphite
4,8.436191879616533,0.54% graphite
14,7.865639688760268,0.54% graphite
18,7.8093601510210915,0.54% graphite
3,0.8761317082834932,0.66% graphite
4,0.7554623380662924,0.66% graphite
14,0.44486528798534175,0.66% graphite
18,0.4346647547898953,0.66% graphite
