Incubation Time (h),Electronic Conductivity (S/m)
10,-4.049352144500418,Poly(2-hydroxyethyl acrylate)
11,-4.067653549041161,Poly(2-hydroxyethyl acrylate)
19,-4.241948841561191,Poly(2-hydroxyethyl acrylate)
5,-0.37141990408049896,Bisphenol E cyanate ester resin
7,-0.5680690969696369,Bisphenol E cyanate ester resin
11,-0.7269105606442156,Bisphenol E cyanate ester resin
5,-1.6814520208409114,PA63T
10,-1.8042489680673774,PA63T
14,-1.961814330724189,PA63T
