Aging Temperature (°C),Magnetization (A/m)
6,-6.584397103455101,PAN
7,-6.557602179985141,PAN
9,-6.683623252936902,PAN
10,-6.805030999143426,PAN
17,-6.938083705679626,PAN
6,-2.3329632462769077,PCL
7,-2.350582783384933,PCL
9,-2.5344041109786732,PCL
10,-2.6055395267754156,PCL
17,-2.7526567192266227,PCL
6,3.1115964252139166,PVAC
7,3.2099688677260767,PVAC
9,2.976624854930516,PVAC
10,2.9859377791481987,PVAC
17,2.809832003796456,PVAC
