Loading Concentration (%),Poisson’s Ratio
3.3594305762626653,1.1323760429082783,montmorillonite K-10/EVA
3.6502574264740284,0.7555329984717036,montmorillonite K-10/EVA
6.360575003904221,1.2578005509487453,montmorillonite K-10/EVA
12.257404759828601,2.0282675055771877,montmorillonite K-10/EVA
12.31494601722378,3.4742863720262784,montmorillonite K-10/EVA
