Exposure Time (h),Specific Viscosity
3.2487097964236322,-6.583257700652236,
8.835401761909246,-6.628150616976414,
17.48337108337926,0.8544755491290452,
18.322398751272317,2.2321244574364645,
3.2487097964236322,2.1825715377121258,
8.835401761909246,5.256667775051984,
17.48337108337926,548.7765575185628,
18.322398751272317,-216.21165007346988,
