Tensile Strength (MPa),Heat Of Crystallization (J/g)
1.099964292200204,8.070829448539993,0.74% C.I. Pigment Black 6/silicone
9.635863181799538,9.51062531009742,0.74% C.I. Pigment Black 6/silicone
12.057838946620087,10.53792441939616,0.74% C.I. Pigment Black 6/silicone
15.330496573104925,10.876522370202107,0.74% C.I. Pigment Black 6/silicone
19.13989167645457,13.215900699735673,0.74% C.I. Pigment Black 6/silicone
