Volume Fraction (%),Particle Size Distribution
5,8.238064866488537,
8,8.069187908260561,
14,8.001059296049686,
16,7.99389638162711,
19,7.988894690096196,
