Nanoparticle Volume (%),Loss Factor
4,9.2599191961571,
7,10.112143689760023,
8,9.258673970864534,
11,10.735318270435311,
12,10.824265655874957,
18,9.756537763579548,
19,33.79884253334778,
4,7.953546741513474,
7,7.501770254602578,
8,8.527503814408798,
11,8.76779785404531,
12,8.332612244113863,
18,5.643636254136501,
19,27.07916053315906,
