Drying Time (h),Electronic Conductivity (S/m)
0,4.896962833306605,PVP
5,4.298142704656951,PVP
8,4.136622342642501,PVP
11,4.085354452880126,PVP
13,4.065166132205969,PVP
14,4.060321673246501,PVP
16,4.053309248782704,PVP
