Polymer Molecular Weight (g/mol),Melting Temperature (°C)
0,0.6373198156615518,
9,-0.010984594470824949,
16,-0.2062791968180984,
17,-0.2142320006653353,
18,-0.23003467728134977,
