Heat Treatment Temperature (°C),Thermal Resistance (K/W)
7,-1.4664392115011526,
8,-1.5669152573218215,
14,-1.8275077085119649,
