Elongation At Break (%),Bet Surface Area
1,-6.158707682429207,SAF/PBAT
3,-6.101791009016417,SAF/PBAT
5,-4.923877717858087,SAF/PBAT
7,-4.5628472119159404,SAF/PBAT
