Solvent Concentration (M),Reduction Potential (V)
5,-1.3720105462539722,0.76% CuPP
8,10.598226382573415,0.76% CuPP
11,46.45600289680927,0.76% CuPP
5,3.1069280595704836,0.26% CuPP
8,2.9374564425342014,0.26% CuPP
11,2.896011786600798,0.26% CuPP
