Ion Beam Dose (Gy),Conductivity (S/m)
4.975461962471801,-2.8040564196400437,0.32% Molybdenum disulfide/PA 6T
14.371430702501982,-2.9942988408766538,0.32% Molybdenum disulfide/PA 6T
14.499706990536582,-2.9954262273107397,0.32% Molybdenum disulfide/PA 6T
4.975461962471801,7.759085229279841,0.58% Molybdenum disulfide/PA 6T
14.371430702501982,35.5929598059314,0.58% Molybdenum disulfide/PA 6T
14.499706990536582,130.12091604219114,0.58% Molybdenum disulfide/PA 6T
4.975461962471801,6.480573388648757,0.41% Molybdenum disulfide/PA 6T
14.371430702501982,5.688660456274576,0.41% Molybdenum disulfide/PA 6T
14.499706990536582,5.370195820427046,0.41% Molybdenum disulfide/PA 6T
