Calcination Temperature (°C),Melting Temperature (°C)
4.45172591128842,-3.660047433464522,
10.17342042949496,-3.8182954031631504,
12.854895829160402,-3.8457927748297682,
17.923788560486955,-3.8626913151186297,
