Synthesis Time (min),Bet Surface Area
11.743071132365362,28.578408655649728,0.06% Lamp black
15.765590883301337,126.13445462381496,0.06% Lamp black
16.11228292944897,324.89225709099975,0.06% Lamp black
16.972198644284855,186.4707173961911,0.06% Lamp black
