Evaporation Temperature (°C),Heat Capacity (J/K)
16,6.348111356108417,S-SEBS
17,2.950314561215734,S-SEBS
18,-16.118610928941195,S-SEBS
16,1.553737253972272,Polylactic acid
17,1.5521902753332582,Polylactic acid
18,1.5504684146697592,Polylactic acid
