Thermal Diffusivity (mm²/s),Glass Transition Temperature (°C)
14.751388513564736,-6.599704853585696,carbon nanotube/PMMA-PnBA
15.354977056113135,-6.603259673488681,carbon nanotube/PMMA-PnBA
16.042244192845395,-6.6036507983442725,carbon nanotube/PMMA-PnBA
19.90247371614827,-6.609363172227588,carbon nanotube/PMMA-PnBA
