Hardness (HV),Impact Strength (kJ/m²)
6.773600203558587,0.2802664262350367,Poly(styrene-b-butadiene)
9.19767863822931,0.13382357506315934,Poly(styrene-b-butadiene)
9.465386533694879,0.15569886261329297,Poly(styrene-b-butadiene)
11.044573601269915,0.03908842890597908,Poly(styrene-b-butadiene)
17.620510313259018,-0.08024534228484745,Poly(styrene-b-butadiene)
18.4218904530316,-0.0959854421038791,Poly(styrene-b-butadiene)
