Volume Fraction (%),Peel Strength (N/m)
6.388673228550554,-1.06101807432461,Lamp black/Poly(vinyl acetate)
11.245361560130487,-1.1614999700133024,Lamp black/Poly(vinyl acetate)
15.797938292823993,-1.1878404288529585,Lamp black/Poly(vinyl acetate)
6.388673228550554,11.61313609520618,Au/Poly(vinyl acetate)
11.245361560130487,52.900311977590945,Au/Poly(vinyl acetate)
15.797938292823993,213.36095831633216,Au/Poly(vinyl acetate)
6.388673228550554,-6.27683232570125,Bentonite clay/Poly(vinyl acetate)
11.245361560130487,-6.384227059449052,Bentonite clay/Poly(vinyl acetate)
15.797938292823993,-6.408718193849621,Bentonite clay/Poly(vinyl acetate)
