Nanoparticle Mass (%),Impact Strength (kJ/m²)
6,-0.08313615128239149,Poly(butylene terephthalate)
7,-0.056336998804414895,Poly(butylene terephthalate)
19,-0.4807895430283283,Poly(butylene terephthalate)
6,-2.362251222307956,aPP
7,-1.582153425988785,aPP
19,7.3097713943474165,aPP
