filler labels,Young’s Modulus (GPa)
3,-0.22517493338700634,
4,-0.4245349369426574,
12,-0.7314590689134497,
19,-0.8923096605483798,
3,6.862385173297657,
4,5.983346226870272,
12,7.7197150470794424,
19,23.953143071566274,
3,-4.023826220864235,
4,-4.112055385441711,
12,-4.364250370588893,
19,-4.386954630732114,
