Time (s),Remanence (A/m)
2,-1.4118469910448037,0.64% HAF
7,-1.9676884915056712,0.64% HAF
8,-1.871697694774174,0.64% HAF
10,-1.9950458460732454,0.64% HAF
11,-2.040035016404904,0.64% HAF
13,-2.0972454042417215,0.64% HAF
