Young’s Modulus (GPa),Shear Modulus (GPa)
6.975511250730815,2.95507874909425,0.49% Molybdenum disulfide
8.468499955427566,2.8475338843911255,0.49% Molybdenum disulfide
11.826881627360088,2.763896642647941,0.49% Molybdenum disulfide
13.352692924298097,2.6909878748106864,0.49% Molybdenum disulfide
17.625129549514938,2.6259113979902216,0.49% Molybdenum disulfide
