Polymer Molecular Weight (g/mol),Polarization Resistance (Ω·m²)
4.4199130844857715,-0.5767976217560493,SAN24
12.498111272872332,91.75593087586505,SAN24
15.144594442192414,67.91188881595106,SAN24
