X-ray Dose (Gy),Porosity (%)
3.4224048147727903,-1.255176058317134,0.54% silver hexafluoroantimonate/S-EB-S
4.408312938304237,-1.2854912454738852,0.54% silver hexafluoroantimonate/S-EB-S
8.601794651443006,-1.5117306990671877,0.54% silver hexafluoroantimonate/S-EB-S
3.4224048147727903,5.116059244295397,0.57% silver hexafluoroantimonate/S-EB-S
4.408312938304237,5.060209885758035,0.57% silver hexafluoroantimonate/S-EB-S
8.601794651443006,4.793201718181699,0.57% silver hexafluoroantimonate/S-EB-S
