Crosslinking Density (mol/m³),Shear Viscosity (Pa·s)
5.283819010813675,-1.90519526950684,
9.576756337663427,-2.0712141658030956,
9.866484144696123,-2.0718024828048516,
15.763765026616579,-2.1137594928358867,
16.43758986564881,-2.115452787473497,
