wt% (%),Ionic Conductivity (S/m)
0,6.568294765949992,
3,5.997740049970016,
4,5.932811961345114,
9,5.675103651740154,
12,5.635950964104894,
