Heat Treatment Time (h),Zeta Potential (mV)
0,0.4551287461720852,0.58% Gold
2,-0.2046327380614838,0.58% Gold
15,-0.6290638160040063,0.58% Gold
16,-0.6320701947795407,0.58% Gold
0,8.80091236601633,0.21% Gold
2,9.663016244666007,0.21% Gold
15,75.00500482698534,0.21% Gold
16,276.3098659591319,0.21% Gold
