Loading Concentration (%),Particle Size Distribution
11.813175334981853,4.457940976440764,
15.44954359811909,-4.852862217894217,
16.671568424082164,0.93833097555359,
11.813175334981853,7.931739213610376,
15.44954359811909,7.864823085602529,
16.671568424082164,7.850100801329635,
11.813175334981853,-6.12860340186045,
15.44954359811909,-6.199797502960205,
16.671568424082164,-6.236292013011006,
