Reaction Time (h),Elastic Modulus (GPa)
5,9.688084009585236,0.16% Mineral oil/PMS
6,7.690698631822541,0.16% Mineral oil/PMS
13,24.505281292615216,0.16% Mineral oil/PMS
5,-3.92368999101633,0.62% Mineral oil/PMS
6,-3.3696087099791994,0.62% Mineral oil/PMS
13,-2.775211893684137,0.62% Mineral oil/PMS
5,1.528599767557691,0.82% Mineral oil/PMS
6,1.0878268448761528,0.82% Mineral oil/PMS
13,59.440473661950804,0.82% Mineral oil/PMS
