Calcination Temperature (°C),Loss Factor
2.8135829968370274,0.8455123583924518,0.02% Cellulose/PHFP
3.848014547169616,0.6641407272221453,0.02% Cellulose/PHFP
4.551318491000633,1.0581967526953455,0.02% Cellulose/PHFP
11.300610431640493,1.2872482023731786,0.02% Cellulose/PHFP
