Particle Diameter (nm),Corrosion Rate (mm/year)
3,7.2067632445745025,0.83% graphite nanoplates
12,7.793795533143095,0.83% graphite nanoplates
14,1.0899149964255326,0.83% graphite nanoplates
3,4.442263105059807,0.05% graphite nanoplates
12,4.179049645345185,0.05% graphite nanoplates
14,4.1034301928206025,0.05% graphite nanoplates
3,-3.3529759614107446,0.08% graphite nanoplates
12,-3.808284708148631,0.08% graphite nanoplates
14,-3.819527734113854,0.08% graphite nanoplates
