Time (s),Intrinsic Viscosity (dl/g)
0,4.123438543062384,0.58% Cloisite
2,3.6041278498684153,0.58% Cloisite
4,3.4217459584264924,0.58% Cloisite
7,3.257015912506049,0.58% Cloisite
9,3.187286517025897,0.58% Cloisite
12,3.151703666713,0.58% Cloisite
17,3.1305733227934507,0.58% Cloisite
