Incubation Temperature (°C),Hysteresis Loss (J/m³)
10.663757602096675,-1.096710405415625,0.11% Talcum
10.906663888804125,-1.1011436487999484,0.11% Talcum
14.485055952704446,-1.2373004378343726,0.11% Talcum
15.547379915314979,-1.2560744093164147,0.11% Talcum
10.663757602096675,37.74096351855944,0.47% Talcum
10.906663888804125,10.101648698471545,0.47% Talcum
14.485055952704446,118.28956094595215,0.47% Talcum
15.547379915314979,128.21251208119494,0.47% Talcum
