Surfactant Concentration (M),Coercivity (A/m)
15.067539510618706,-2.420624870089328,Polyaniline/COC
16.86714038600195,4.025174666500121,Polyaniline/COC
19.039545386738006,-15.773595336521009,Polyaniline/COC
15.067539510618706,-6.234676350095942,Poly(acrylonitrile)/COC
16.86714038600195,-6.248435500605304,Poly(acrylonitrile)/COC
19.039545386738006,-6.297207514273797,Poly(acrylonitrile)/COC
