Ion Beam Dose (Gy),X-ray Diffraction Intensity
5.870314774703031,-3.885046643565975,BR
7.647201229801885,-4.036597628543613,BR
9.859147797423663,-4.070202011102422,BR
14.26369274376965,-4.229408292195313,BR
5.870314774703031,-6.962286436727528,P(BA-a)
7.647201229801885,-7.036409384813077,P(BA-a)
9.859147797423663,-7.081053720952463,P(BA-a)
14.26369274376965,-7.121954207170661,P(BA-a)
