Volume Fraction (%),Saturation Magnetization (A/m)
0,7.48864819591671,
4,7.1541920757278135,
15,6.696047150786823,
16,6.6760569211651495,
19,6.620546481599302,
