Filler Content (%),Porosity (%)
3.784941099498562,6.601302230540812,P(Baph)
15.166927046890796,60.5957409371525,P(Baph)
15.736407996191357,136.86027518195505,P(Baph)
3.784941099498562,-1.6897955932702253,PBAT
15.166927046890796,-2.0590350328020306,PBAT
15.736407996191357,-2.0610465162500566,PBAT
3.784941099498562,6.954421787552701,PCL
15.166927046890796,161.2622798330084,PCL
15.736407996191357,111.95162209565409,PCL
