Exposure Time (h),Conductivity (S/m)
0.5230881056913006,1.150227700568513,zinc oxide/PnBA
2.5232518148549277,0.8951316295167501,zinc oxide/PnBA
8.046666157775908,0.5844397398862385,zinc oxide/PnBA
0.5230881056913006,8.082451144357412,White mineral oil/PnBA
2.5232518148549277,8.92057855789569,White mineral oil/PnBA
8.046666157775908,19.62445648727241,White mineral oil/PnBA
0.5230881056913006,2.4789451132589613,Graphite Nanoplatelets/PnBA
2.5232518148549277,2.041023163722152,Graphite Nanoplatelets/PnBA
8.046666157775908,1.769752418137374,Graphite Nanoplatelets/PnBA
