Ultrasound Time (min),Loss Factor
4,-3.309240575232249,
9,15.190549404233504,
10,7.733110587818917,
4,0.3030199319269504,
9,0.015856078396665974,
10,-0.08746152939037549,
