Volume Fraction,Specific Viscosity
4.189065468368016,9.588283223065645,Magnesium oxide/Poly(vinyl acetate)
6.769909465153805,11.40826139416597,Magnesium oxide/Poly(vinyl acetate)
8.026671617452957,15.986143136056151,Magnesium oxide/Poly(vinyl acetate)
11.750545156610885,3.8724930959668686,Magnesium oxide/Poly(vinyl acetate)
14.52774737817826,28.073703473983556,Magnesium oxide/Poly(vinyl acetate)
15.61413424687352,235.37692740656166,Magnesium oxide/Poly(vinyl acetate)
