Stress (Pa),Elongation At Break (%)
1.0043465373059002,-2.5783519374373145,0.16% SWCNT
4.6562085104117745,-2.4000643816214575,0.16% SWCNT
13.964832881066844,-4.655169054750305,0.16% SWCNT
14.620100167466873,3.4003014716919386,0.16% SWCNT
