Softening Temperature (°C),Crystallinity (%)
1.7760920514558132,-2.831018405943259,PR
6.228921649191522,3.955505621619473,PR
9.14420846726357,1.3159386642629798,PR
14.001771657465254,-11.091394966093157,PR
1.7760920514558132,-2.0733882159943966,PEMA
6.228921649191522,-2.4601423834959966,PEMA
9.14420846726357,-2.5445522441734005,PEMA
14.001771657465254,-2.5958003017859372,PEMA
