Thickness (µm),Thermal Diffusivity (mm²/s)
0,4.728304136722017,PR
4,3.8928995104595994,PR
8,3.7034699917761222,PR
10,3.6363925486317012,PR
