Particle Size (nm),Modulus Of Elasticity (GPa)
4,-1.9086036634805066,
9,-2.0666967760993895,
14,-3.349756428471583,
17,-5.200721213447931,
4,7.1644256472214405,
9,6.950232942675293,
14,6.892632330802,
17,6.883072108854584,
