Synthesis Time (min),Elongation At Break (%)
5,9.210645317490233,
15,51.444882057719866,
17,-61.63090680616429,
5,-6.645396467775939,
15,-9.621370992220015,
17,2.0085135326217856,
