Volume Fraction,Glass Transition Temperature (°C)
9,3.6198178703572736,PANa
13,4.938988463152579,PANa
18,-0.14857742812773722,PANa
9,6.02886339977027,Polybutadiene
13,5.947296176340097,Polybutadiene
18,13.726397985113655,Polybutadiene
9,1.9675499231487015,Poly(ethylene)
13,1.9145568796598846,Poly(ethylene)
18,1.9005381430036064,Poly(ethylene)
9,-0.7655780204399566,PAA
13,-0.816676051231785,PAA
18,-0.8337008786471956,PAA
