Light Intensity (W/m²),Thermal Diffusivity (mm²/s)
0,5.539335154205498,0.38% Ag
3,6.321294008019615,0.38% Ag
7,7.671372189857564,0.38% Ag
18,12.49385265310132,0.38% Ag
19,5.119495250015247,0.38% Ag
0,3.1963705752684572,0.86% Ag
3,2.9193969534181843,0.86% Ag
7,2.6451407649845793,0.86% Ag
18,2.184445441328866,0.86% Ag
19,2.176799692775181,0.86% Ag
