Shear Rate (1/s),Porosity (%)
2,8.874297647145605,aPP
4,9.509793853965025,aPP
13,9.462606372437874,aPP
15,17.687124937109893,aPP
2,0.17290404460270953,CAB
4,-0.02002138497736955,CAB
13,-0.26909514644684973,CAB
15,-0.2780311002994911,CAB
2,5.424967554425281,PBA-a
4,5.2276169581329235,PBA-a
13,4.9269340677086735,PBA-a
15,4.91806857365831,PBA-a
