Thickness (µm),Heat Capacity (J/K)
1,-5.777781114288829,COC
8,3.6713361705329444,COC
9,6.953397540418187,COC
17,155.03394797761607,COC
1,3.3521853074667987,PEO
8,13.890879816459934,PEO
9,23.251126954271232,PEO
17,188.89171355718295,PEO
