Ion Beam Dose (Gy),Adhesion Strength (MPa)
0.295980710379955,2.26734554502655,0.56% Titanium dioxide/EPDM
6.332119257315318,1.7982351476771672,0.56% Titanium dioxide/EPDM
11.476053775487609,1.683018635540831,0.56% Titanium dioxide/EPDM
17.194973038026323,1.6569916941761407,0.56% Titanium dioxide/EPDM
6.741437701546625,5.623315863978504,0.26% Titanium dioxide/EPDM
7.77970630912618,5.5667723081586225,0.26% Titanium dioxide/EPDM
8.501392098967269,5.576221908595118,0.26% Titanium dioxide/EPDM
17.334454661141326,5.4952064031296075,0.26% Titanium dioxide/EPDM
