Dielectric Loss,Thermal Expansion (1/K)
6.093159272842172,2.898115487365214,0.6% Aluminium dioxide
8.532300970773196,2.8257497938939173,0.6% Aluminium dioxide
13.94056438692478,2.5852165748402456,0.6% Aluminium dioxide
14.748894010814798,2.5701906332155855,0.6% Aluminium dioxide
16.29497830407511,2.536324157612481,0.6% Aluminium dioxide
