Exposure Time (h),Remanence (A/m)
6,-2.1396043171481134,0.4% Aluminium
10,-0.9849750203600056,0.4% Aluminium
13,-5.024861186933943,0.4% Aluminium
14,-1.6203965892519605,0.4% Aluminium
6,0.5418610774960602,0.65% Aluminium
10,0.8713330990828614,0.65% Aluminium
13,1.2931149258794576,0.65% Aluminium
14,6.349341919152728,0.65% Aluminium
6,4.187305347193481,0.43% Aluminium
10,4.070650680117633,0.43% Aluminium
13,3.9489847583436504,0.43% Aluminium
14,3.906860359561906,0.43% Aluminium
