UV Exposure Time (h),Electrical Conductivity (S/m)
14,2.6435870897349956,PMMA
18,2.633994233032052,PMMA
19,2.632858211482571,PMMA
3,-1.1330117579358658,PDMS
6,-1.3268062374010907,PDMS
18,-1.7337130911283396,PDMS
