Pressure (Pa),X-ray Diffraction Intensity
0,3.9858467355779608,0.01% Barium Titanate
7,3.516951162279047,0.01% Barium Titanate
15,3.347278713389808,0.01% Barium Titanate
0,-1.8545134071251572,0.58% Barium Titanate
7,0.7590622827342894,0.58% Barium Titanate
15,-1.393584080400454,0.58% Barium Titanate
