Loading Concentration (%),Bond Strength (MPa)
2,4.930754341853514,
6,9.222516729479752,
8,6.8412654548394345,
10,35.07524311440267,
2,-5.688074358524302,
6,-3.9375266292230813,
8,-3.7096999077068062,
10,-3.854530756006592,
2,9.184499124262341,
6,12.474626715413148,
8,12.117954961510588,
10,25.434419750110585,
2,2.956344277603548,
6,9.097578641070156,
8,11.095979604714309,
10,8.414716906940374,
