Exposure Time (h),Impact Strength (kJ/m²)
0,-4.137753268955558,
10,-4.221599379845625,
12,-3.9871673761073576,
16,2.5234951825606995,
0,-3.2172905279580233,
10,-4.099309297339974,
12,-4.133320717812383,
16,-4.266132401531021,
0,-0.6604716263379882,
10,-1.3822488647816216,
12,3.9610710225043455,
16,0.8224672449237889,
0,-3.5955641402683485,
10,19.265495723875283,
12,5.537666055162118,
16,170.80472055476264,
