Degradation Temperature (°C),Electric Field Strength (V/m)
5,4.138622873783724,0.6% clay/Nylon 66
10,22.865418128965153,0.6% clay/Nylon 66
19,221.9052378051565,0.6% clay/Nylon 66
5,-5.607023748384231,0.48% clay/Nylon 66
10,-6.027808729283321,0.48% clay/Nylon 66
19,-3.9993515840046183,0.48% clay/Nylon 66
