Loading Concentration (%),Dynamic Viscosity (Pa·s)
2,6.653920772916162,PVP
11,5.4977904708475425,PVP
12,63.37044343124513,PVP
16,135.27145193101035,PVP
18,159.63499336428018,PVP
19,445.9731788295621,PVP
