Nanoparticle Mass (%),Degradation Temperature (°C)
9.32911702500091,5.791973987834797,White spirits/EPDM
10.099155032341137,5.7295142365759135,White spirits/EPDM
15.08139602134188,5.630062679167057,White spirits/EPDM
9.32911702500091,7.189455720167606,Colloidal silica/EPDM
10.099155032341137,8.216912718164131,Colloidal silica/EPDM
15.08139602134188,3.04547124942017,Colloidal silica/EPDM
9.32911702500091,-6.2543049732539195,MoS2/EPDM
10.099155032341137,-6.265906184071363,MoS2/EPDM
15.08139602134188,-6.303052599396637,MoS2/EPDM
