Loading Concentration (%),Magnetoresistance
2.8251963565583837,7.062072500215037,FeO/PBAT
13.664297843640947,6.496401060910532,FeO/PBAT
14.491580342100633,6.497957104488941,FeO/PBAT
15.498404688448522,6.47173530316075,FeO/PBAT
16.358981561040295,6.44087588504466,FeO/PBAT
17.138346765383282,6.430479120455993,FeO/PBAT
