Curing Time (min),Pore Size (nm)
0.8144426417997552,2.6464413302403704,0.41% 9-Anthracenemethanol/Polyurethane
2.4432958114287895,2.637936982588485,0.41% 9-Anthracenemethanol/Polyurethane
10.552319560080456,4.029909394213575,0.41% 9-Anthracenemethanol/Polyurethane
