Film Thickness (µm),Galvanic Potential (V)
7.746307349999366,1.7456303088930278,0.68% Methoxy(dimethyl)octylsilane
13.788554117483468,60.39929604969712,0.68% Methoxy(dimethyl)octylsilane
15.644149669479395,198.18995759736833,0.68% Methoxy(dimethyl)octylsilane
7.746307349999366,8.089111109067412,0.86% Methoxy(dimethyl)octylsilane
13.788554117483468,12.377263683583646,0.86% Methoxy(dimethyl)octylsilane
15.644149669479395,9.12794292788777,0.86% Methoxy(dimethyl)octylsilane
