Electric Field (V/m),Bulk Modulus (GPa)
4.969132088284576,-6.740256289863746,
7.900394488459868,-7.001952912031065,
10.55634247378337,-7.0984866147638375,
14.440902740655222,-7.217733285518033,
16.223310178498306,-7.265173219352636,
4.969132088284576,-6.195212653812754,
7.900394488459868,-6.343041923350877,
10.55634247378337,-6.399559003119485,
14.440902740655222,-6.430546736808682,
16.223310178498306,-6.4360525596946765,
