Mechanical Strength (MPa),Dielectric Breakdown Strength (MV/m)
2,-6.635197405069498,PPSF
4,-6.590406864767926,PPSF
13,-7.008384590037474,PPSF
18,-7.104526154496362,PPSF
2,-1.0175223861277205,Nylon 66
4,-1.2688711378499082,Nylon 66
13,-1.5070740169214125,Nylon 66
18,-1.6413589219107827,Nylon 66
2,0.537725540037297,Nylon 6
4,0.33909629087045356,Nylon 6
13,-0.026207778761319744,Nylon 6
18,-0.15245346144009045,Nylon 6
