Calcination Time (h),Dynamic Viscosity (Pa·s)
5,7.121062777805744,
6,7.185288028136223,
7,8.683656019734777,
11,39.111324710676385,
12,0.87969735365599,
16,-6.956392201413765,
5,-3.097334274108661,
6,-3.0997763553409925,
7,-3.2493001623547286,
11,-3.3562039402323713,
12,-3.3712873031220467,
16,-3.4697582938362035,
5,7.78964684704584,
6,8.322813824553513,
7,8.786390110275255,
11,8.521020010506753,
12,13.359577361718959,
16,9.536399410515521,
