Surfactant Concentration (M),Young’s Modulus (GPa)
9,0.4764832213102417,0.22% Carbon Black/PnBA
17,3.667006142497799,0.22% Carbon Black/PnBA
19,6.413563480702376,0.22% Carbon Black/PnBA
9,2.0250009764376653,0.22% Carbon Black/PnBA
17,1.7935449075249286,0.22% Carbon Black/PnBA
19,1.7652153683556733,0.22% Carbon Black/PnBA
9,5.467472493850212,0.47% Carbon Black/PnBA
17,5.172236542655132,0.47% Carbon Black/PnBA
19,5.143318983033343,0.47% Carbon Black/PnBA
