Time (s),Melting Temperature (°C)
5.8426625355529405,-5.667267341817647,
5.9940527851513465,-5.256024198857877,
15.034554862728871,3.793965391495343,
3.6933166904406467,5.656624913785996,
13.671647791484462,8.800597826992973,
14.985631486054444,11.545222098052156,
3.490207439681361,-0.07277506970935399,
10.07468025093274,-0.3332235158110032,
14.074747317624203,-0.3682994291943165,
