pH,Saturation Magnetization (A/m)
2,7.5302433649013345,PBT
6,8.002886091023829,PBT
12,10.139727414712073,PBT
2.3404158317112778,-1.0258318390650194,VER
11.260369374897962,-1.4029564393282041,VER
16.03771072857213,-1.5523435381559962,VER
7.859922465634597,-1.3711597874594827,Polyimide
16.353091549342047,-1.4558083069115249,Polyimide
17.145245893566333,-1.4578344413431663,Polyimide
3,-1.5078378737459497,PVDF
15,-2.0118688968802143,PVDF
16,-2.0408951836637512,PVDF
