Stirring Speed (rpm),Thermal Expansion (1/K)
2,8.709636364416232,
4,8.896713307599793,
5,8.89129475599752,
2,5.862379275370582,
4,6.728804204667506,
5,7.482948748117418,
2,-4.783663191969165,
4,-3.7918148681213553,
5,-3.0017882730550776,
2,0.6162999088621287,
4,0.2255428113647865,
5,0.2473782531872969,
