Light Intensity (W/m²),Shear Modulus (GPa)
1.3156423451129373,-2.881098449739615,CCTO/PEA
1.8001538072246603,-2.7111998239783492,CCTO/PEA
9.29384058129749,-2.7809909302157036,CCTO/PEA
19.25570080622873,16.17365700143369,CCTO/PEA
