Nanoparticle Volume (%),Thermal Expansion (1/K)
3,-0.285713243213747,
14,3.8010147770066647,
18,16.072159324305343,
3,6.717869599656607,
14,9.981673604229474,
18,8.019240540002299,
