Degradation Temperature (°C),Intrinsic Viscosity (dl/g)
1.0919862015133108,9.188038083713206,
7.727559822344761,10.52989355488729,
7.891438446984931,8.828362279093517,
8.3678716378059,9.474767887073016,
17.402324733405035,16.063208192572837,
