Nanoparticle Volume (%),Poisson’s Ratio
1.9328728574296772,4.914360357859881,Polyimide
8.662742423813729,4.555801999678158,Polyimide
9.892667675452122,4.567800919054961,Polyimide
13.748697971832208,4.4457156053016496,Polyimide
