Ultrasound Power (W),Magnetization (A/m)
10,28.236101788643403,0.84% silica nanoparticles
11,39.45975215658925,0.84% silica nanoparticles
12,65.00733345008433,0.84% silica nanoparticles
13,-4.759960233023987,0.84% silica nanoparticles
15,105.83696441209658,0.84% silica nanoparticles
19,-141.7200444036939,0.84% silica nanoparticles
