Particle Size (nm),Kinematic Viscosity (mm²/s)
0.794028313934525,2.9964801921726254,0.99% Cellulose
3.029559701432316,4.7467870178226725,0.99% Cellulose
9.713775678298378,20.457936140228735,0.99% Cellulose
10.985706509452625,18.932515277111413,0.99% Cellulose
18.306024819627446,138.03361985275785,0.99% Cellulose
