Aspect Ratio,Young’s Modulus (GPa)
6,-3.560310080645481,0.33% silica
8,-3.6373657087308273,0.33% silica
11,-3.6797922471714304,0.33% silica
6,5.995020534160139,0.15% silica
8,5.833563380220314,0.15% silica
11,5.739359891078976,0.15% silica
6,10.434872159147348,0.27% silica
8,21.983785394551724,0.27% silica
11,6.247485316494794,0.27% silica
6,-1.9404721252991766,0.03% silica
8,1.4344959175327627,0.03% silica
11,1.709174518411933,0.03% silica
