Calcination Temperature (°C),Thermal Expansion (1/K)
8,5.906217092023815,BECy
11,5.807077955996856,BECy
19,5.648753941714814,BECy
