Calcination Temperature (°C),Poisson’s Ratio
0.431270585914445,-4.417503995120192,
5.056198203042697,-3.4000549159917064,
15.748103587840042,1.599374564695271,
