Magnetic Field Strength (T),Specific Heat (J/(g·K))
3.2331047630731913,-4.0554215542868075,
5.06793756424067,-4.173995874263119,
12.431338945006624,-4.517912426297225,
15.553181933986394,-4.596730653269931,
18.62917196402863,-4.646805019359363,
