Crosslinking Density (mol/m³),Bond Strength (MPa)
1.6634854496932316,-1.6563833421777483,
9.379562562574256,-0.793353263157023,
10.060991878581323,19.916386575054055,
18.99321383660296,331.77005034204564,
