Volume Fraction (%),Charge Transfer Resistance (Ω·m²)
0.5336400610866909,6.100942704549135,
4.206518091325964,6.046532564728271,
6.786666464457993,6.9283335128740795,
13.272623960727623,3.981120596786025,
13.592418469368182,7.359773658353749,
0.5336400610866909,-5.492381638290774,
4.206518091325964,-5.237359745503997,
6.786666464457993,-4.538891527108773,
13.272623960727623,-2.062273433784613,
13.592418469368182,-3.883785993198564,
