UV Exposure Time (h),Electrical Resistivity (Ω·m)
1,-2.699974205640816,
2,-2.5654306360756443,
11,-1.0253922976434588,
16,13.097741585026426,
19,10.40944779344056,
1,2.006574014844172,
2,2.049567776264685,
11,1.3935728072797213,
16,1.286039641586145,
19,1.2234947451570304,
1,-3.6133297946009417,
2,-3.6331113220771583,
11,-4.275016831105626,
16,-4.302488906927518,
19,-4.30735664181907,
