Mixing Time (min),Compressive Modulus (GPa)
0.7361665886338553,6.246251144673587,graphene platelet/PCTFE
4.560909102373243,5.65869970892376,graphene platelet/PCTFE
6.232476512232166,5.553413543545468,graphene platelet/PCTFE
12.69267787401766,5.406311335120425,graphene platelet/PCTFE
0.7361665886338553,-5.863363230853258,OFG/PCTFE
4.560909102373243,-3.439320396396866,OFG/PCTFE
6.232476512232166,-1.4565528813975286,OFG/PCTFE
12.69267787401766,33.511011156423585,OFG/PCTFE
