Reaction Time (h),Adhesion Strength (MPa)
4,2.740900660194616,P2VP
7,4.067649880269432,P2VP
18,18.141903243420646,P2VP
