Volume Fraction (%),Magnetic Anisotropy (J/m³)
3,-4.065209593526443,DGEBD
14,4.690165274606521,DGEBD
17,-3.4625257376761276,DGEBD
3,1.608368208592681,P(Baph)
14,1.007733200700935,P(Baph)
17,6.748169999391996,P(Baph)
3,8.097680906443506,PEEK
14,7.673593621553915,PEEK
17,7.664641934395785,PEEK
