Rotational Speed (rpm),Modulus Of Elasticity (GPa)
0,7.330670501495963,
1,6.820891230647018,
7,6.317161566010747,
9,6.289850048852845,
0,5.6200338926614615,
1,5.3279103291172625,
7,4.922210565942913,
9,4.854966805890505,
0,2.1378205146973706,
1,2.209637886236626,
7,1.8110742787713212,
9,1.8243299986116903,
0,3.7671926385810313,
1,4.257600185293089,
7,6.490184689395872,
9,4.251816648471774,
