Holding Time (min),Tan Delta
6.056761828612602,1.8864753898474143,graphite oxide/PAI
7.486800884019615,1.8167902162265788,graphite oxide/PAI
12.62949842270177,1.610301671281194,graphite oxide/PAI
13.305072383980121,1.608201910903723,graphite oxide/PAI
6.056761828612602,-6.504174640100836,White mineral oil/PAI
7.486800884019615,-6.582931771655211,White mineral oil/PAI
12.62949842270177,-6.73115742401401,White mineral oil/PAI
13.305072383980121,-6.75048237358489,White mineral oil/PAI
