Mixing Time (min),Electrical Conductivity (S/m)
3.072544400940762,-6.240416543055101,
4.633527911887796,-5.28454937469145,
9.597655295588437,-3.5317815817809377,
16.58290479605155,0.22869809600052182,
17.789939291098506,-5.569343360999564,
