Incubation Temperature (°C),Corrosion Rate (mm/year)
1.5005532017989553,-1.0692040902207351,
1.8615343054699096,-1.6582595022928255,
9.642587089801193,0.31591177250794766,
12.017929621636894,1.5001900927982472,
18.158517403830693,20.13901219892574,
