pH,Shear Viscosity (Pa·s)
3.3939770988708506,-6.381788794201235,PBD
6.0156639553319025,-6.693568104050737,PBD
6.156573554128109,-6.6666390318467075,PBD
16.72679513978685,-6.8156582502719525,PBD
19.310177192270395,-6.819570660320637,PBD
