Dielectric Loss,Shear Strength (MPa)
4,4.440889383429656,
6,4.252457095894869,
8,4.184760807494381,
14,3.930281869884008,
4,1.0493521923473539,
6,1.1291773055780259,
8,0.9591625524207621,
14,0.7622019726240559,
4,11.569868483089177,
6,11.269802898840805,
8,27.07661541131671,
14,119.04769014326111,
