Storage Time (days),Modulus Of Elasticity (GPa)
0,8.123032546352624,nanosilica/PRX
2,9.458466611994691,nanosilica/PRX
5,9.92255720898444,nanosilica/PRX
7,12.569016202050257,nanosilica/PRX
12,103.70486255572368,nanosilica/PRX
16,323.3612306954709,nanosilica/PRX
