Heat Capacity (J/K),Reduction Potential (V)
4.741940248338469,-3.6261074641644084,PA 6(3)T
5.201614295644323,-3.451995314695269,PA 6(3)T
13.883130615327712,-19.625436931854903,PA 6(3)T
16.902326219756667,473.68407736344255,PA 6(3)T
4.741940248338469,-2.167516239442719,Poly(bisphenol A carbonate)
5.201614295644323,-2.110795353027846,Poly(bisphenol A carbonate)
13.883130615327712,-2.331287468213012,Poly(bisphenol A carbonate)
16.902326219756667,-2.3399025251008183,Poly(bisphenol A carbonate)
