Electric Field (V/m),Fatigue Strength (MPa)
5,2.606005943736345,0.03% Poly(vinyl alcohol)
12,3.5217113282939625,0.03% Poly(vinyl alcohol)
18,2.5499709146147502,0.03% Poly(vinyl alcohol)
5,3.939104977078933,0.67% Poly(vinyl alcohol)
12,3.464823905870288,0.67% Poly(vinyl alcohol)
18,3.3328045489122373,0.67% Poly(vinyl alcohol)
5,-3.905367256563488,0.01% Poly(vinyl alcohol)
12,-4.10595369235184,0.01% Poly(vinyl alcohol)
18,-4.130156605206416,0.01% Poly(vinyl alcohol)
