Pressure (Pa),Thermal Expansion (1/K)
1.9177521090845606,-4.779418876043534,
2.0029582926275236,-4.99932852983516,
9.74344699536842,-5.349019175409071,
17.521749878176113,-5.573241018205955,
19.76266231215326,-5.6099584014433885,
