Holding Time (min),Particle Size (nm)
4,1.2552852058151558,Poly(ethylene-vinyl acetate)
7,0.9187066541811751,Poly(ethylene-vinyl acetate)
12,0.8221169761943304,Poly(ethylene-vinyl acetate)
15,0.7718179553043134,Poly(ethylene-vinyl acetate)
19,0.6764375207382027,Poly(ethylene-vinyl acetate)
4,1.6264418510670604,PAN
7,1.3438935337230486,PAN
12,1.261006075679616,PAN
15,1.2435692255558501,PAN
19,1.2357440765859673,PAN
