Incubation Time (h),Complex Modulus (Pa)
1.080695787990067,3.15794936947772,Poly(caprolactone)
16.603601762142862,308.25364810495245,Poly(caprolactone)
17.42898251055522,379.70333638934795,Poly(caprolactone)
