Specific Heat Capacity (J/(g·K)),Electronic Conductivity (S/m)
7.249008919744259,5.866358679035429,0.79% TPP/PC
10.383547761805193,5.789420341726684,0.79% TPP/PC
12.306622476036527,5.723181052946191,0.79% TPP/PC
7.249008919744259,3.249146622849519,0.61% TPP/PC
10.383547761805193,18.95640700965,0.61% TPP/PC
12.306622476036527,33.01657012572822,0.61% TPP/PC
