Volume Fraction (%),Passivation Current Density (A/m²)
0.43746626610100536,7.608121443135358,AuNPs/PB
5.082382367927543,7.465147535449604,AuNPs/PB
11.671541005336694,7.0605288857881705,AuNPs/PB
18.265893142956276,6.932872639889269,AuNPs/PB
0,8.653249499611656,silica nanoparticles/PB
9,7.478813374900076,silica nanoparticles/PB
12,7.432640313633106,silica nanoparticles/PB
17,7.413944665338282,silica nanoparticles/PB
