Calcination Time (h),Dynamic Viscosity (Pa·s)
1,-6.428813679649338,
6,-6.953703574103179,
16,-7.129091685455406,
18,-7.133564293141334,
19,-7.134737016177222,
1,-5.805271965099958,
6,-6.473054792215198,
16,-6.621694241872831,
18,-6.625885384776164,
19,-6.62699468719695,
