Light Intensity (W/m²),Pore Size (nm)
8,-3.400033274992535,SiO2/PA 6
12,-2.2624631007927483,SiO2/PA 6
15,4.531655145827887,SiO2/PA 6
17,-0.8178125760198318,SiO2/PA 6
