Time (s),Modulus Of Elasticity (GPa)
7.730897548449032,-3.4254324026522047,0.58% Titanium dioxide
10.664966909015599,-3.481709101043562,0.58% Titanium dioxide
11.550679307698001,-3.4914084708733575,0.58% Titanium dioxide
13.54002389265198,-3.504855994128635,0.58% Titanium dioxide
15.962393754849757,-3.5138875712438313,0.58% Titanium dioxide
