Stress (Pa),Degradation Temperature (°C)
3,5.3241003643182685,0.73% SWCNTs
4,6.886571705780375,0.73% SWCNTs
14,103.94977503909227,0.73% SWCNTs
16,90.29735797656615,0.73% SWCNTs
3,3.794855998703131,0.43% SWCNTs
4,3.7195869699242663,0.43% SWCNTs
14,-25.756940171939277,0.43% SWCNTs
16,27.714122990362142,0.43% SWCNTs
