Magnetic Field Strength (T),Corrosion Rate (mm/year)
7,0.0522745247849144,
8,0.027896098229574118,
18,-0.2842264588642418,
7,5.004366426869799,
8,7.663876780093574,
18,-219.59454103139416,
7,5.258516534517012,
8,3.680912422667901,
18,357.48738298358694,
7,-3.312085020861351,
8,-3.3455055679833308,
18,-3.6820260594597833,
