Electric Field (V/m),Crystallinity (%)
9.647465181575841,-7.618716158112992,0.38% high abrasion furnace black
11.578474111869724,-7.670361518055727,0.38% high abrasion furnace black
15.079118763966395,-7.7250679696394196,0.38% high abrasion furnace black
16.663848436959853,-7.780770963493275,0.38% high abrasion furnace black
