Nanoparticle Mass (%),Zero-shear Viscosity (Pa·s)
1,1.2434767843490597,
14,0.7471050781486901,
15,0.7046491653804897,
10.335258556760529,21.122880807860295,
11.398064079360488,38.953635675041426,
17.769280198641532,116.06259814365418,
