Thermal Conductivity (W/(m·K)),Polarization Resistance (Ω·m²)
5.086626612696355,3.1420229724261377,0.54% PAN
6.055681530722348,2.937113387691478,0.54% PAN
8.665233999918707,2.931242713551618,0.54% PAN
9.619328958869989,2.8184617520041906,0.54% PAN
11.565492622798727,2.7283806189711717,0.54% PAN
