Temperature (°C),Fatigue Strength (MPa)
5,-7.772439287050837,
8,-7.898827627469114,
12,-7.945606697124779,
5,-7.520838800569219,
8,-7.663144205563569,
12,-7.725118483119176,
5,9.665077188749315,
8,8.853910266050415,
12,9.385198231386804,
5,-2.558689212649568,
8,-1.6920101171469675,
12,0.19414765261200806,
