Film Thickness (µm),Shear Modulus (GPa)
7,4.66909636982924,
18,4.533567096926262,
19,4.531943762757124,
