Curing Time (min),Thermal Conductivity (W/(m·K))
8,14.429027463180763,PA 8
10,31.57663100308222,PA 8
12,29.803294775924165,PA 8
14,3.914032564937594,PA 8
