Ultrasound Time (min),Complex Viscosity (Pa·s)
3.2737328674868738,-5.919856480238413,Poly(methyl methacrylate)
5.544460773448485,-5.195045522024138,Poly(methyl methacrylate)
13.119671970275332,-4.520516172901219,Poly(methyl methacrylate)
0,7.033629236739097,PB
2,7.027386957733761,PB
3,7.182257822289352,PB
9,0.7740852354934413,PEEK
13,0.7241374713227601,PEEK
15,0.7139827341847218,PEEK
