Dielectric Constant,Bet Surface Area
1,6.977717750346205,
9,10.29665762265795,
10,5.436865264379721,
13,59.695947415536644,
16,159.6056283715201,
1,-4.21069723739523,
9,-5.0593817557281495,
10,-5.075401233795146,
13,-5.1062088049964585,
16,-5.117350628219672,
1,5.408655637292577,
9,7.624265573956549,
10,7.687761898144473,
13,13.754066868718189,
16,6.650055431214955,
