Melting Temperature (°C),Corrosion Rate (mm/year)
1.7330523997412506,-4.809609928610266,
9.048807703982062,-3.289509480473452,
10.409822639112514,-0.5577428116956096,
14.853464576302091,-1.2367458563894047,
