Particle Diameter (nm),Dielectric Breakdown Strength (MV/m)
0.1663139664528024,-6.759264085063751,PA 8
7.908013606478854,8.077745246760811,PA 8
14.273558556593457,-66.70951786231764,PA 8
0.1663139664528024,1.2471091986536584,Nylon 12
7.908013606478854,0.7722592076580583,Nylon 12
14.273558556593457,0.5666975148533847,Nylon 12
