Solvent Concentration (M),Particle Size Distribution
0,2.615620713590934,zinc oxide/PEO
5,1.8302330068437223,zinc oxide/PEO
6,1.774351231531418,zinc oxide/PEO
7,1.7300424079877876,zinc oxide/PEO
11,1.669622069522773,zinc oxide/PEO
0,-2.5264852121496633,Channel black/PEO
5,-1.9596516573771887,Channel black/PEO
6,-1.5514205536571537,Channel black/PEO
7,-1.3059961569259704,Channel black/PEO
11,1.9456007933003434,Channel black/PEO
