Particle Density,Zeta Potential (mV)
0,4.196894433131971,
7,3.4303700157333896,
10,3.363746966874836,
12,3.338912298259984,
14,3.3275668515895553,
0,-6.1238503569618175,
7,-5.373741202985737,
10,-3.2080720917013563,
12,-6.810061284119669,
14,-0.1659632068484882,
