Reaction Temperature (°C),Zeta Potential (mV)
4.211829142474183,1.6616968471199405,Ba0.7Sr0.3TiO3/DGEBF Epoxy Resin
5.446374871662747,1.5503952940504448,Ba0.7Sr0.3TiO3/DGEBF Epoxy Resin
8.437158936146648,1.4021180145737469,Ba0.7Sr0.3TiO3/DGEBF Epoxy Resin
4.211829142474183,3.063460848647586,Calcium Carbonate/DGEBF Epoxy Resin
5.446374871662747,4.461233430069136,Calcium Carbonate/DGEBF Epoxy Resin
8.437158936146648,19.414655234685,Calcium Carbonate/DGEBF Epoxy Resin
