Particle Size (nm),Young’s Modulus (GPa)
5.084260019771487,4.516770219338838,
7.513303092169679,3.297143791478617,
7.942939586385107,4.344778587257183,
8.43613991403493,5.124137158960083,
18.306163949064945,0.24339708244829072,
