Ultrasound Time (min),Magnetoresistance
5,-2.227204957857837,
11,-4.46277713924164,
16,-0.5269269797892022,
