Exposure Time (h),Remanence (A/m)
1,2.449472577314604,0.6% aluminum
5,2.244404909049062,0.6% aluminum
17,10.341333231698522,0.6% aluminum
