Melting Temperature (°C),Porosity (%)
3,4.96038162965786,TGDDM
7,6.3081313834293535,TGDDM
10,21.787547111666598,TGDDM
11,37.37602099130174,TGDDM
3,6.313609084826152,PC
7,7.108113050048846,PC
10,8.630046852515633,PC
11,7.4547302410460645,PC
3,8.827334998243039,TGPAP
7,9.182318742138916,TGPAP
10,8.63736667759465,TGPAP
11,11.658359917818697,TGPAP
