Aging Time (h),Thermal Diffusivity (mm²/s)
1.4057554344421996,-5.046132347057336,graphite nanoplatelets/Polyurethane
9.29558816047944,-5.634846967946263,graphite nanoplatelets/Polyurethane
10.815471479368956,-5.668806980035816,graphite nanoplatelets/Polyurethane
16.023288554671595,-5.843282399617575,graphite nanoplatelets/Polyurethane
18.327524649792693,-5.878838926032261,graphite nanoplatelets/Polyurethane
