Rotational Speed (rpm),Permittivity
1.091411583905555,-5.926774219265906,
6.129947459110349,-1.9665322128766247,
19.826803773395657,178.4812851404748,
1.091411583905555,-2.6232145524909027,
6.129947459110349,-1.0211581461721781,
19.826803773395657,20.316997156946186,
1.091411583905555,9.11554321205722,
6.129947459110349,14.40065673053585,
19.826803773395657,802.3002930613613,
