Decomposition Temperature (°C),Electronic Conductivity (S/m)
4,8.455437930702079,Poly(acrylamide)
5,8.428215470059992,Poly(acrylamide)
9,8.189765378779283,Poly(acrylamide)
16,5.730412351298011,Poly(acrylamide)
18,10.740733008646512,Poly(acrylamide)
4,-0.5331918204049635,DGEBD
5,-1.269670441384029,DGEBD
9,-3.551084073071909,DGEBD
16,7.257720463690498,DGEBD
18,700.5055672915681,DGEBD
