Particle Size (nm),Oxidation Potential (V)
10,3.043743821408661,PETE
12,3.022962511321284,PETE
17,3.001467651754492,PETE
10,25.10978891046488,Poly(4-vinyl pyridine)
12,44.809410361030125,Poly(4-vinyl pyridine)
17,417.8118289596151,Poly(4-vinyl pyridine)
10,6.771801393161297,PS
12,-6.522043685450905,PS
17,198.2801481258991,PS
10,2.242800228317528,Poly(ethylene-vinyl acetate)
12,4.435407319684928,Poly(ethylene-vinyl acetate)
17,9.613495834679664,Poly(ethylene-vinyl acetate)
