Mechanical Strength (MPa),Flexural Modulus (GPa)
7.43783673998073,-6.147177175456039,
14.595629502948771,-6.2423492264863745,
18.429882829157936,-6.251242684751529,
