Calcination Temperature (°C),Young’s Modulus (GPa)
0,-6.5251521295886965,
9,-7.16934614192156,
17,-7.22127489124238,
