Reaction Temperature (°C),Flexural Strength (MPa)
0.27188979554774617,1.2786486138216349,0.45% talc/PANa
3.833531786877533,3.6044178427021905,0.45% talc/PANa
5.396509336674022,5.457474356494366,0.45% talc/PANa
5.665908473933953,8.144933175291829,0.45% talc/PANa
15.122581234690005,57.53369030893218,0.45% talc/PANa
16.526974964184618,401.63868452555045,0.45% talc/PANa
