Reaction Time (h),Elongation At Break (%)
5.042169856691155,4.5740165407138536,0.01% fumed silica/PU
5.826535788401859,4.556312292062859,0.01% fumed silica/PU
16.543329678728348,4.386668808815649,0.01% fumed silica/PU
