pH,Bulk Modulus (GPa)
12,4.358784067036815,Nylon 66
14,4.288497156551375,Nylon 66
15,4.266652613448078,Nylon 66
