Thermal Conductivity (W/(m·K)),Magnetoresistance
7.993328540060196,19.31927943680852,CNBR
8.756497271828076,28.18270019935458,CNBR
18.864915757889168,345.902331228664,CNBR
6,7.987404536385645,PA 6
16,23.88747156330441,PA 6
17,63.252661337899546,PA 6
5.802544843821011,-3.7463707296591204,Polyrotaxane
10.237938016052617,-3.8635807084948297,Polyrotaxane
15.054040429720242,-3.895936303122362,Polyrotaxane
