Nanoparticle Mass (%),Loss Factor
2.77165007985656,5.742362254280753,PMMA-PnBA
11.187907119205283,39.99538298451325,PMMA-PnBA
12.78507418026049,14.76796860036191,PMMA-PnBA
12.852131478481184,60.42840986916965,PMMA-PnBA
15.313084862812605,164.0979611639139,PMMA-PnBA
15.331293103006082,109.00913062085425,PMMA-PnBA
