Time (s),Shear Viscosity (Pa·s)
4.5777090984915825,8.030192848080395,
12.50302683760708,7.851739636205093,
18.352793370877528,7.831159549693861,
19.864951706745494,7.829728405298661,
