Specific Surface Area (m²/g),Shear Modulus (GPa)
8,-2.153431929053019,0.22% Na2TiO3/Nylon 66
9,-2.1698162200360445,0.22% Na2TiO3/Nylon 66
12,-2.2144853702047076,0.22% Na2TiO3/Nylon 66
14,-2.2260625475109386,0.22% Na2TiO3/Nylon 66
8,-1.050567716375217,0.59% Na2TiO3/Nylon 66
9,-1.7488274073163663,0.59% Na2TiO3/Nylon 66
12,2.2708903027793124,0.59% Na2TiO3/Nylon 66
14,0.12237800794755405,0.59% Na2TiO3/Nylon 66
