Volume Fraction (%),Impact Strength (kJ/m²)
0,-0.7433118412713136,
4,-1.0242717088332696,
5,-1.1940343028217795,
10,-1.4178771397880827,
11,-1.4351850643315367,
