Ultrasound Time (min),Magnetic Permeability (H/m)
5.77414720269398,0.37307826821928636,0.64% calcium carbonate
13.072896573312926,65.78766787315702,0.64% calcium carbonate
14.549534504627367,219.07643281764143,0.64% calcium carbonate
5.77414720269398,-6.705964410991202,0.47% calcium carbonate
13.072896573312926,-7.056059698146679,0.47% calcium carbonate
14.549534504627367,-7.091155863137692,0.47% calcium carbonate
5.77414720269398,-1.081347573694989,0.63% calcium carbonate
13.072896573312926,-1.252331947853123,0.63% calcium carbonate
14.549534504627367,-1.2591399991313788,0.63% calcium carbonate
