Stress (Pa),Decomposition Temperature (°C)
1.6575590389121952,3.6772131309144918,PR
3.184759837269915,4.3697131686841715,PR
17.276534784013982,215.786836315492,PR
1.6575590389121952,0.9400230728549334,Poly(ethyl acrylate)
3.184759837269915,0.6586243129656737,Poly(ethyl acrylate)
17.276534784013982,0.31974436227823866,Poly(ethyl acrylate)
