Coefficient Of Thermal Expansion (1/K),Ionic Conductivity (S/m)
4,0.8604676479164662,
5,0.767768347197475,
18,0.5738503586761877,
