Mechanical Strength (MPa),Bond Strength (MPa)
5.583153030700485,1.6096013246524121,0.11% Fluorine mica
10.91112869672789,1.3399410910707126,0.11% Fluorine mica
16.5501878901086,1.220958725180319,0.11% Fluorine mica
16.809483285052377,1.220973400981327,0.11% Fluorine mica
17.551830727872318,1.2131320708690725,0.11% Fluorine mica
