Degradation Temperature (°C),Intrinsic Viscosity (dl/g)
6.237668431663563,-0.253726643671051,0.01% Gold/P2VP
12.202978919390336,32.184084715924094,0.01% Gold/P2VP
13.671725991526223,121.46211109622706,0.01% Gold/P2VP
13.877080130487576,87.08416376359618,0.01% Gold/P2VP
14.390501052608291,81.82077209441843,0.01% Gold/P2VP
