Loading Concentration (%),Compression Strength (MPa)
6,1.6636731449160287,PA 11
9,1.4973055201737147,PA 11
13,1.3880133347996402,PA 11
14,1.3730553867245319,PA 11
6,5.404684485969403,PHFP
9,5.278362836470966,PHFP
13,5.24609219451853,PHFP
14,5.2401236383562955,PHFP
