Crystallization Temperature (°C),Surface Area (m²/g)
1,3.9357706434033815,0.87% AuNPs
2,4.936706941398942,0.87% AuNPs
17,-30.62276122775892,0.87% AuNPs
18,-105.20335836015747,0.87% AuNPs
19,-151.34827187846923,0.87% AuNPs
