Light Intensity (W/m²),Hysteresis Loss (J/m³)
1.6802956766265398,8.208636594954536,Fluorine mica/PVC-P
5.244315500607673,7.80320878387581,Fluorine mica/PVC-P
6.1371254892419,7.8806880398600345,Fluorine mica/PVC-P
6.332197216933846,7.853472733527089,Fluorine mica/PVC-P
