Softening Temperature (°C),Adhesion Strength (MPa)
6.090958345098665,-2.93679675970496,PVAc
9.53164674123704,-1.2064075352758912,PVAc
19.02771476205633,-13.200471945698508,PVAc
