Ultrasound Power (W),Hardness (HV)
1,5.9399916537030215,0.9% Fe3O4
2,6.191121848098067,0.9% Fe3O4
16,48.11585806251014,0.9% Fe3O4
18,74.67164726007834,0.9% Fe3O4
