Filler Content (%),Bond Strength (MPa)
1.4930547152902696,-2.348922526236638,Aluminium oxide/PHFP
13.440868242088,-0.5490280979612931,Aluminium oxide/PHFP
14.061123545862536,3.4365309201785674,Aluminium oxide/PHFP
1.4930547152902696,-4.5514135564072395,aluminum/PHFP
13.440868242088,-5.668190163252206,aluminum/PHFP
14.061123545862536,3.363384504106266,aluminum/PHFP
1.4930547152902696,-4.938892956228772,Copper(II) phenyl phosphate/PHFP
13.440868242088,98.39457022894209,Copper(II) phenyl phosphate/PHFP
14.061123545862536,86.38213622656015,Copper(II) phenyl phosphate/PHFP
