Synthesis Time (min),Charge Transfer Resistance (Ω·m²)
3.8532114903973747,-1.0252835495055743,0.09% Synthetic fluorine mica
3.9028128647220495,-2.9563920288241388,0.09% Synthetic fluorine mica
8.468986279797988,3.7646003834388075,0.09% Synthetic fluorine mica
12.506369493851043,30.861562530773675,0.09% Synthetic fluorine mica
