Incubation Time (h),Kinematic Viscosity (mm²/s)
4,-0.012288954771461746,
5,-0.22539467846326444,
14,-0.5397440764143282,
17,-0.5879725813682778,
4,2.037328459219097,
5,1.9825759932470488,
14,1.5504019378760108,
17,1.4839329184220202,
4,-4.466738341038595,
5,-5.1251166153301195,
14,-9.51091151071154,
17,13.893522974974028,
4,1.1529006618834232,
5,1.0343538487667616,
14,0.8436380412019853,
17,0.7640120636297627,
