Temperature (°C),Pore Size (nm)
7,-1.2828013348597247,PA 6
10,-1.3628607914771689,PA 6
17,-1.4067931913852978,PA 6
7,-2.238253367615961,PA 6(3)T
10,0.5455935719637548,PA 6(3)T
17,1.6342880010030587,PA 6(3)T
