Particle Diameter (nm),Zeta Potential (mV)
8,-5.5793982217087965,OMLS/PHFP
15,-5.6733526412949855,OMLS/PHFP
18,-5.67964535557069,OMLS/PHFP
19,-5.680726563507735,OMLS/PHFP
8,-4.760764210043529,9-Anthracenemethanol/PHFP
15,-4.840338726565996,9-Anthracenemethanol/PHFP
18,-4.846748115383236,9-Anthracenemethanol/PHFP
19,-4.848077843183866,9-Anthracenemethanol/PHFP
