Light Intensity (W/m²),Electrochemical Potential (V)
4.364569825083395,2.3088257433870076,Epoxy novolac viny ester resin
5.672755781749803,2.2341720378806675,Epoxy novolac viny ester resin
12.706886915187486,2.0195689239641283,Epoxy novolac viny ester resin
16.899852660560317,1.9204725914756238,Epoxy novolac viny ester resin
4.364569825083395,7.559303536206936,Polyetherketoneketone
5.672755781749803,6.845223956521616,Polyetherketoneketone
12.706886915187486,14.790150046487602,Polyetherketoneketone
16.899852660560317,11.997951662372135,Polyetherketoneketone
