Pore Size (nm),Complex Modulus (Pa)
1.047600184042301,-0.401137456264578,PVA/Poly(butyl acrylate)
8.846269867266026,-0.9230470178357222,PVA/Poly(butyl acrylate)
11.730211807683864,-0.9615869290985245,PVA/Poly(butyl acrylate)
15.218000345060624,-0.9808475526183585,PVA/Poly(butyl acrylate)
1.047600184042301,7.478357947612414,montmorillonite K-10/Poly(butyl acrylate)
8.846269867266026,6.751994585763676,montmorillonite K-10/Poly(butyl acrylate)
11.730211807683864,6.709908114120868,montmorillonite K-10/Poly(butyl acrylate)
15.218000345060624,6.688064095940135,montmorillonite K-10/Poly(butyl acrylate)
