Time (s),Viscosity (Pa·s)
0.34036606463511365,-1.5252963856616575,PVA
2.2179758365809366,-2.061170868230041,PVA
3.8606703717708846,-2.430077329462892,PVA
5.6223416384279234,-2.449748597358381,PVA
10.16583396467711,-2.5892505456896147,PVA
11.629962435085561,-2.609241803381023,PVA
14.153885010750937,-2.622304885984579,PVA
18.883141208912782,-2.6327065060689114,PVA
