Film Thickness (µm),Magnetoresistance
0.6949192885634159,6.701789414043562,0.19% Fe2O3
0.8254540441676594,7.052050159660811,0.19% Fe2O3
2.7216452065013264,6.738769757937227,0.19% Fe2O3
6.943120909118878,7.48790056743074,0.19% Fe2O3
