Tensile Strength (MPa),Thermal Conductivity (W/(m·K))
1.8622197397519358,-6.619935352370582,PS
8.6517366119302,-7.124498134165795,PS
8.744503239011648,-7.125258111358074,PS
14.793522950166427,-7.190543169704208,PS
19.375465692148847,-7.199571749634892,PS
1.8622197397519358,0.8897948124692758,FKM
8.6517366119302,0.7332088580369072,FKM
8.744503239011648,0.7730005882196214,FKM
14.793522950166427,0.5386367168981312,FKM
19.375465692148847,0.4497111966953054,FKM
