Solvent Concentration (M),Particle Size Distribution
10.087575067739472,0.9667620365386784,Polychlorotrifluoroethylene
10.453690405077776,-2.2346803539916036,Polychlorotrifluoroethylene
18.585645173021117,13.040898261618008,Polychlorotrifluoroethylene
16,13.538862851022285,PBTP
17,-2.3836974666486146,PBTP
19,12.69796812053182,PBTP
7.052419678797836,-6.329436204676461,PEO
8.516437715474346,-6.374354171181685,PEO
9.608791363162828,-6.4050730854833695,PEO
