Reaction Time (h),Magnetic Permeability (H/m)
3.6798559882401816,-5.6422288811759795,
4.161006958512399,-5.8261563622539425,
19.508698626869887,-6.248271192063884,
3.6798559882401816,4.0856791450489665,
4.161006958512399,4.080017155271323,
19.508698626869887,3.582897413293941,
3.6798559882401816,-3.695471027574836,
4.161006958512399,-2.979348340245621,
19.508698626869887,-12.842099507486155,
