Rotational Speed (rpm),Pore Volume (cm³/g)
1.8732154905267517,-0.6900210284782645,0.75% BaTiO3
4.113675390860257,-0.7533417474123965,0.75% BaTiO3
10.176896302497285,-0.9881413240742755,0.75% BaTiO3
