Volume Fraction,Oxidation Potential (V)
7.383868309851178,3.4560743157959877,
7.547130616501394,3.466604773075897,
8.927330037404014,3.42549719897024,
7.383868309851178,-4.910491599480805,
7.547130616501394,-4.929801400157424,
8.927330037404014,-4.95483408484093,
7.383868309851178,2.886341517551024,
7.547130616501394,3.0235004048591705,
8.927330037404014,2.2278463013734626,
