Strain,Tg (°C)
6,2.5242166087856592,0.04% polyaniline
11,2.4236895737271174,0.04% polyaniline
12,2.4134910564834247,0.04% polyaniline
17,2.392843289221537,0.04% polyaniline
6,1.542733545061079,0.64% polyaniline
11,1.4466819349262519,0.64% polyaniline
12,7.3836158458149574,0.64% polyaniline
17,-5.655709786839317,0.64% polyaniline
