Drying Temperature (°C),Thermal Conductivity (W/(m·K))
3.1483194524484803,5.505583788215512,
12.514715973157832,7.628152926119081,
14.71259925068857,12.293414988461993,
16.59537095239692,5.477026368249909,
