Ion Beam Dose (Gy),Permittivity
1.1208849332178938,-2.025735366667473,S-EB-S
4.307960518901972,-2.2587386181919906,S-EB-S
4.87861504883398,-2.1424599380746434,S-EB-S
