Pore Volume (cm³/g),Intrinsic Viscosity (dl/g)
2,1.5635219090141506,0.56% SWNTs
11,1.144103234948561,0.56% SWNTs
13,1.1230703322340452,0.56% SWNTs
17,1.1083215455509283,0.56% SWNTs
18,1.1066479489871337,0.56% SWNTs
