Calcination Time (h),Conductivity (S/m)
3.6821695856342473,3.275988929940033,0.38% talc/Poly(ethylene glycol)
8.733214228365991,3.008364553346465,0.38% talc/Poly(ethylene glycol)
19.60128436013287,2.7576995044664843,0.38% talc/Poly(ethylene glycol)
