Drying Time (h),Viscosity (Pa·s)
11,-3.949505488785489,0.4% Alumina/PMA
16,-4.039857113069675,0.4% Alumina/PMA
18,-4.09255202016755,0.4% Alumina/PMA
11,-2.6164923798487827,0.9% Alumina/PMA
16,-2.6479433144666475,0.9% Alumina/PMA
18,-2.651931861051967,0.9% Alumina/PMA
11,12.640978092263753,0.4% Alumina/PMA
16,-1.004040165117475,0.4% Alumina/PMA
18,3.539114802601694,0.4% Alumina/PMA
