Nanoparticle Volume (%),Particle Size Distribution
10.097858371603731,18.87779143956373,
14.752472521981222,126.80867953163798,
16.60635637173553,244.56789246058457,
18.003943836189308,-0.45332514563637005,
10.097858371603731,3.1383311785899584,
14.752472521981222,7.549873617921029,
16.60635637173553,-0.48892734398290383,
18.003943836189308,4.24389560668356,
