X-ray Dose (Gy),X-ray Diffraction Intensity
6.13386507896835,-0.44376965562121296,
9.705671895702206,-0.6420686265784767,
12.005796736447653,-0.7348269995192509,
16.567081430370095,-0.8377944603771635,
