Pore Volume (cm³/g),Elastic Modulus (GPa)
1.920686169423207,4.40926201027105,0.67% graphene oxide
5.143938322432319,4.807891311659136,0.67% graphene oxide
5.315923666325939,5.6414780527563115,0.67% graphene oxide
12.622155074800073,5.563987544330341,0.67% graphene oxide
