Degradation Temperature (°C),Thermal Diffusivity (mm²/s)
3.7961542830604267,-7.261025499293047,0.15% PVA/P2VP
9.817714838597789,-7.507174099925088,0.15% PVA/P2VP
14.318962015454659,-7.544070267515108,0.15% PVA/P2VP
3.7961542830604267,-6.269789976855785,0.69% PVA/P2VP
9.817714838597789,-4.621944185321448,0.69% PVA/P2VP
14.318962015454659,0.46245799869779436,0.69% PVA/P2VP
3.7961542830604267,-4.7425480456101194,0.81% PVA/P2VP
9.817714838597789,9.952653960100232,0.81% PVA/P2VP
14.318962015454659,142.67202945739217,0.81% PVA/P2VP
