Storage Time (days),Thermal Conductivity (W/(m·K))
3.593606937898235,6.264095313969691,
4.223321540726108,5.893642726940331,
11.091772079453378,5.6755113557770756,
3.593606937898235,2.1449373119167516,
4.223321540726108,4.050471049972505,
11.091772079453378,69.06253457295622,
