wt% (%),Pore Size (nm)
1.5484116034058237,1.5871940035430923,PBuA
6.947407011777161,5.092128685058258,PBuA
8.120928104899312,14.116690113275318,PBuA
14.463373456199523,167.99084705760794,PBuA
1.5484116034058237,-4.503927578624843,PAA
6.947407011777161,-5.002654623260272,PAA
8.120928104899312,-5.039624340167386,PAA
14.463373456199523,-5.105611660438893,PAA
