Aging Time (h),Heat Of Crystallization (J/g)
1,-1.2051003826662805,
6,-1.4930785271158076,
15,-1.81471418006088,
1.2763187282881838,-6.0113762505736155,
8.577891862972134,-6.528629093049356,
13.679477803861984,-6.737109507070005,
8.813991078530506,3.1057974251578577,
9.245227057755939,3.018513875852561,
16.717073084622005,2.878271186179622,
14,9.375147040905025,
15,134.3144150580311,
18,313.25735812294346,
