Aspect Ratio,Tensile Strength (MPa)
4,5.422518242816755,
10,5.1379234918383245,
11,5.131968880041064,
