Glass Transition Temperature (°C),Remanence (A/m)
2,0.16895586720136946,BXZ
4,0.036467826084305655,BXZ
5,-0.22727174091014946,BXZ
19,-0.6232758923826991,BXZ
2,-7.189233985470046,DGEBD Epoxy Resin
4,-7.3722906312551215,DGEBD Epoxy Resin
5,-7.412768395790082,DGEBD Epoxy Resin
19,-7.6409700338908975,DGEBD Epoxy Resin
