wt% (%),Magnetic Permeability (H/m)
3.0427356232669966,7.601680140105365,
3.5327262277268257,7.597343643557554,
12.854024263321344,7.219729867619082,
12.966736812788389,7.21894537506321,
18.387560699618138,7.201537238458691,
