pH,Electronic Conductivity (S/m)
6,-1.0415609457617945,PEMA
8,0.5773924836449917,PEMA
18,1.214812762035344,PEMA
