Frequency (Hz),Elastic Modulus (GPa)
5.088272789292072,4.6552288372348825,0.0% White spirits
6.22789809311092,4.596027762399038,0.0% White spirits
8.998549633412246,4.499642009353806,0.0% White spirits
10.544130876912192,4.4851815253776985,0.0% White spirits
5.088272789292072,-4.001507295458749,0.01% White spirits
6.22789809311092,-4.008983618272952,0.01% White spirits
8.998549633412246,-4.030995633510687,0.01% White spirits
10.544130876912192,-4.167804731683798,0.01% White spirits
