Melting Temperature (°C),Ionic Conductivity (S/m)
2,-5.729389292422308,0.92% silicon dioxide
4,-5.509888512167767,0.92% silicon dioxide
13,-6.056174729359228,0.92% silicon dioxide
6,-2.420817176655892,0.33% silicon dioxide
11,-2.5802363789693796,0.33% silicon dioxide
14,-2.642623045464415,0.33% silicon dioxide
