Calcination Temperature (°C),Thermal Resistance (K/W)
3.656732400221563,12.00875073257599,silicone
12.13344146468649,56.439314697478636,silicone
18.81928422399361,-69.82361183899931,silicone
19.071040843431707,427.2535798380047,silicone
