vol%,Coercivity (A/m)
8.41475349389589,8.118317304945874,montmorillonite/PHFP
13.052172679291367,13.598336202178087,montmorillonite/PHFP
13.876135497163453,28.945853163015343,montmorillonite/PHFP
8.41475349389589,11.651903246901625,Zinc Oxide/PHFP
13.052172679291367,53.14679674372668,Zinc Oxide/PHFP
13.876135497163453,39.990019372020754,Zinc Oxide/PHFP
