Thermal Conductivity (W/(m·K)),Electric Field Strength (V/m)
1.8323064506561315,5.736648822034367,0.8% Aluminium oxide
6.05695391748565,6.6448454376719726,0.8% Aluminium oxide
6.7882497913549305,6.352745074696137,0.8% Aluminium oxide
8.537305586507227,3.7550495434424405,0.8% Aluminium oxide
9.69791254812668,7.296187434676829,0.8% Aluminium oxide
13.806284826850481,6.517185925757925,0.8% Aluminium oxide
14.75507927195449,7.817335780804512,0.8% Aluminium oxide
