Crystallinity (%),Tensile Modulus (GPa)
3,0.9289698785353687,
15,0.6077692899697361,
19,0.6002547292532415,
3,7.0164937201493,
15,6.527450700009145,
19,6.520132258174802,
