Curing Time (min),Magnetic Anisotropy (J/m³)
4.000362072486475,1.9126711619827814,0.42% cellulose nanowhiskers/Nylon 8
7.077462291631198,4.1764759788117605,0.42% cellulose nanowhiskers/Nylon 8
8.348666673634447,16.7665871293579,0.42% cellulose nanowhiskers/Nylon 8
8.788898408916863,17.826415150969197,0.42% cellulose nanowhiskers/Nylon 8
12.233900115236743,-3.579334479872564,0.42% cellulose nanowhiskers/Nylon 8
14.858646957746265,155.55108961612285,0.42% cellulose nanowhiskers/Nylon 8
15.22116580176653,71.04429748408867,0.42% cellulose nanowhiskers/Nylon 8
