UV Exposure Time (h),Electronic Conductivity (S/m)
12,-3.4275709055286714,triglycidyl para-aminophenol
14,-3.462399448169247,triglycidyl para-aminophenol
15,-3.493387141009759,triglycidyl para-aminophenol
12,5.651329993022718,PTrFE
14,2.644013265368938,PTrFE
15,13.296423011374838,PTrFE
12,11.089826306109629,SAN
14,4.407013189975208,SAN
15,9.554342718003323,SAN
12,-5.088193239311119,BPA-Ph
14,-5.117662038400954,BPA-Ph
15,-5.151613608302462,BPA-Ph
