Elongation At Break (%),Thermal Stability (°C)
4.843006908414356,-1.8077232434859376,PPSF
8.7814232166249,-2.0200477213552146,PPSF
17.757632939073538,-2.0884331303903174,PPSF
4.843006908414356,2.665333300668288,PVAc
8.7814232166249,2.5211542976302703,PVAc
17.757632939073538,2.453672654327765,PVAc
