Incubation Temperature (°C),Degradation Temperature (°C)
0.3948446514200987,7.567018527388281,0.96% Titanium Dioxide/PU
0.9033085756446724,8.147549592398612,0.96% Titanium Dioxide/PU
19.261396238872134,13.906639988431952,0.96% Titanium Dioxide/PU
0.3948446514200987,-2.8322806046824915,0.31% Titanium Dioxide/PU
0.9033085756446724,-3.1952699806801803,0.31% Titanium Dioxide/PU
19.261396238872134,-3.955233410600879,0.31% Titanium Dioxide/PU
