Glass Transition Temperature (°C),Crystallinity (%)
3.242139534945514,0.3640768993873693,0.71% OAP-POSS/BECy
4.121223570978973,0.10355248438636622,0.71% OAP-POSS/BECy
4.329535626912103,1.1520103265398465,0.71% OAP-POSS/BECy
9.569138909750045,15.933968214708914,0.71% OAP-POSS/BECy
