Pore Size (nm),Conductivity (S/m)
3.725954354589014,0.924234737773896,0.98% Polyaniline/PA63T
6.5445580578724405,0.7362636919304331,0.98% Polyaniline/PA63T
11.062772464999801,1.0307432927295515,0.98% Polyaniline/PA63T
