Reaction Temperature (°C),Peel Strength (N/m)
4.004207091463041,-4.138274086356058,PEA
8.289136492664259,0.44508492087952334,PEA
11.119230521493357,-0.860934377908241,PEA
11.381674894537092,-2.0136426035351316,PEA
13.07762143929937,0.2982695313467181,PEA
