Coefficient Of Thermal Expansion (1/K),Porosity (%)
1.2164449322590687,7.094541445450428,Nylon 6
7.494826878211729,8.298772956856421,Nylon 6
15.056731197728816,144.7334309241321,Nylon 6
19.133096786182904,729.3831451925661,Nylon 6
1.2164449322590687,-1.3947542871525265,PETE
7.494826878211729,-1.1269508992296202,PETE
15.056731197728816,0.36387046413717483,PETE
19.133096786182904,7.204074808691219,PETE
