Synthesis Temperature (°C),Fatigue Strength (MPa)
0.6896522523471638,2.0948081488937547,SWNT/PB-1
3.3105579132408636,1.7838302130433086,SWNT/PB-1
19.084349018141722,1.1424541108798232,SWNT/PB-1
0.6896522523471638,-5.683026636627517,"Iron (II,III) Oxide/PB-1"
3.3105579132408636,-6.238316811059084,"Iron (II,III) Oxide/PB-1"
19.084349018141722,-6.581612227067826,"Iron (II,III) Oxide/PB-1"
