Calcination Temperature (°C),Thermal Conductivity (W/(m·K))
2.28610975610811,6.807615972113743,OFG/S-SEBS
8.589730848531243,6.694290628449354,OFG/S-SEBS
9.140526507477052,6.608422011897063,OFG/S-SEBS
9.849913887929427,6.663295657198655,OFG/S-SEBS
