vol% (%),Heat Capacity (J/K)
0,-5.41785228306066,
4,-5.0205973858236925,
10,32.40049789882852,
