Aspect Ratio,Crystallinity (%)
3,0.7898318409667888,
6,1.6909158982254606,
8,0.9781291505465339,
19,4.254704904203805,
0.8615687176918696,-3.003775160905641,
5.4983854037910636,-3.1414642294489616,
11.025678287337104,-3.3956500945908674,
18.669138954592167,-3.56278535626993,
