Storage Time (days),Shear Strength (MPa)
2.142285204126615,8.408427403083126,0.49% Cu(HO3PC6H5)2/PVC-P
2.6391504420310574,8.376958603985223,0.49% Cu(HO3PC6H5)2/PVC-P
6.439798101588396,8.05364484625915,0.49% Cu(HO3PC6H5)2/PVC-P
11.907268708073403,7.978602009649339,0.49% Cu(HO3PC6H5)2/PVC-P
17.364285309413475,7.957039348330877,0.49% Cu(HO3PC6H5)2/PVC-P
