Reaction Time (h),Electric Field Strength (V/m)
0.008854442597650003,1.4912660605906005,Poly(ethylene glycol)
3.6687270634185465,0.8445358138313587,Poly(ethylene glycol)
15.737649883636845,0.5069350231923101,Poly(ethylene glycol)
0.008854442597650003,-1.7295137749703118,PLA
3.6687270634185465,-1.065922780812641,PLA
15.737649883636845,-0.5356882767131892,PLA
0.008854442597650003,-4.383574853668899,P(VDF-TrFE-CTFE)
3.6687270634185465,-5.1551815607388916,P(VDF-TrFE-CTFE)
15.737649883636845,-5.4360186947349485,P(VDF-TrFE-CTFE)
