Hardness (HV),Crystallinity (%)
9.898619801584847,16.599922621746508,
16.109751191185907,50.80899745032576,
19.567969011872496,-748.0856071734448,
9.898619801584847,-0.6482496925660115,
16.109751191185907,-6.453576957030629,
19.567969011872496,0.31612025500896834,
