UV Exposure Time (h),Particle Size (nm)
1,-6.015255252423224,MWCNT/PBTP
5,-6.649681759535145,MWCNT/PBTP
7,-6.695862833103838,MWCNT/PBTP
17,-6.818579943807939,MWCNT/PBTP
