Thickness (µm),Magnetic Anisotropy (J/m³)
2.151739662268086,-3.774721157482471,SiC powder/Nylon 12
3.245425381077054,-3.513623206559149,SiC powder/Nylon 12
5.457058979725231,-3.839879619940091,SiC powder/Nylon 12
2.151739662268086,5.843312921542725,Dodecylbenzenesulfonic acid/Nylon 12
3.245425381077054,6.001205537789446,Dodecylbenzenesulfonic acid/Nylon 12
5.457058979725231,6.659411217319836,Dodecylbenzenesulfonic acid/Nylon 12
2.151739662268086,0.22540837834423844,Graphite/Nylon 12
3.245425381077054,0.11315354489866786,Graphite/Nylon 12
5.457058979725231,-0.1401411611649116,Graphite/Nylon 12
