Pore Volume (cm³/g),Thermal Diffusivity (mm²/s)
8,5.497276058837324,
11,5.454456326942371,
13,5.438676333780279,
14,5.434090874875426,
16,5.425841552830232,
18,5.422283508578994,
