Rotational Speed (rpm),Hysteresis Loss (J/m³)
9.940577992886219,-4.877815245572685,0.58% Colloidal silica
13.10849359468932,-6.189414920839863,0.58% Colloidal silica
15.637198321642371,-1.3079492046895016,0.58% Colloidal silica
15.667875965266058,1.3342629610216203,0.58% Colloidal silica
9.940577992886219,13.53189238989645,0.8% Colloidal silica
13.10849359468932,64.83258217443746,0.8% Colloidal silica
15.637198321642371,93.35138815154863,0.8% Colloidal silica
15.667875965266058,173.7777116658525,0.8% Colloidal silica
