Thermal Conductivity (W/(m·K)),Complex Viscosity (Pa·s)
6.139861736124139,7.739472050540473,P(VDF-TrFE)
10.104626630073902,7.951602087860604,P(VDF-TrFE)
17.131341999940886,-1.0284944245416217,P(VDF-TrFE)
1,-3.690122107624129,PVOH
5,-3.147899410331768,PVOH
7,2.631573978913724,PVOH
2,-6.902478048582521,PETP
3,-6.159322446623886,PETP
11,-4.265266271482959,PETP
2,-5.488088344540731,PMMA-PtBA
7,-5.768494693877641,PMMA-PtBA
16,-5.8839121934193095,PMMA-PtBA
