Calcination Temperature (°C),Degradation Temperature (°C)
3.448367320981489,-0.4375214049419105,graphene oxide/Polylactic acid
5.142200221120903,0.20376959568361963,graphene oxide/Polylactic acid
6.325430343053595,0.1647111799572949,graphene oxide/Polylactic acid
9.8508764759944,2.195778023944488,graphene oxide/Polylactic acid
13.133756026479777,1.3352466013694388,graphene oxide/Polylactic acid
