Temperature (°C),Electronic Conductivity (S/m)
9.83686882158456,21.164776463841932,Acetylene black/XNBR
14.89162395116078,173.77701008223812,Acetylene black/XNBR
14.969226696354678,145.63118497252879,Acetylene black/XNBR
