Dispersing Time (min),Passivation Current Density (A/m²)
3,8.611642073454068,Montmorillonite/P4VP
4,9.279683438913274,Montmorillonite/P4VP
10,10.564140128042453,Montmorillonite/P4VP
3,2.568953095057185,Aluminium/P4VP
4,2.5373886883754553,Aluminium/P4VP
10,2.287682006382961,Aluminium/P4VP
