pH,Magnetoresistance
8.353426565828645,7.2014943426229365,0.14% graphene oxide
13.069548408025724,7.125906700214817,0.14% graphene oxide
17.40097380856986,7.1106229542280905,0.14% graphene oxide
