Incubation Temperature (°C),Particle Size (nm)
2.400805543284832,3.7689504026677305,0.68% carbon nanotube/TPU
4.871900046733697,3.472494510793542,0.68% carbon nanotube/TPU
10.088753740873276,6.195073512269706,0.68% carbon nanotube/TPU
2.400805543284832,2.6268823743429013,0.12% carbon nanotube/TPU
4.871900046733697,2.2655277685816504,0.12% carbon nanotube/TPU
10.088753740873276,3.3074531587915836,0.12% carbon nanotube/TPU
2.400805543284832,0.35404464831230786,0.09% carbon nanotube/TPU
4.871900046733697,0.24443776799713346,0.09% carbon nanotube/TPU
10.088753740873276,1.9038071476823024,0.09% carbon nanotube/TPU
