Electric Field (V/m),Viscosity (Pa·s)
9.500015012463734,4.1456093490087,0.25% Acetylene black
12.700768555310834,4.227900439349621,0.25% Acetylene black
14.06955030439068,6.829466924958711,0.25% Acetylene black
0,6.174979687993048,0.86% Acetylene black
13,8.039451290592318,0.86% Acetylene black
19,8.332518430486694,0.86% Acetylene black
4,4.948628151684359,0.6% Acetylene black
9,6.465863307904341,0.6% Acetylene black
13,8.612962671126132,0.6% Acetylene black
