Drying Temperature (°C),Viscosity (Pa·s)
9.330863039019125,15.652510312832224,
9.85177884632016,23.723725814031894,
10.487457367781946,29.242921661231392,
10.86978634572353,16.247378490636933,
13.850514817465655,66.25286250997277,
16.977481450485534,94.09667141152298,
1,-4.636651104068736,
2,-4.910844726874408,
7,-4.897989211235709,
10,-5.026992718301621,
11,-5.05854698311121,
16,-5.200328468799334,
