Strain,Elastic Modulus (GPa)
1.228287700458639,-2.348971950470295,
1.796537862291372,-1.611940679457378,
5.033134553204688,-0.6743522980190733,
5.745438090715198,-0.023675257154998075,
6.422182023271974,0.6812005134542609,
11.140037062503678,28.803221971762433,
