Drying Time (h),Crystallinity (%)
5.065068520964737,-1.7417156428532605,0.33% Dodecylbenzenesulfonic acid
5.60751659415863,-1.8172750814764143,0.33% Dodecylbenzenesulfonic acid
9.544711156194683,-1.9103134528275372,0.33% Dodecylbenzenesulfonic acid
10.29760836020673,-1.921536243320866,0.33% Dodecylbenzenesulfonic acid
3.172848491090605,-4.374537592040536,0.96% Dodecylbenzenesulfonic acid
10.133807602387606,-4.722690010914365,0.96% Dodecylbenzenesulfonic acid
12.210228516689392,-4.723320583524875,0.96% Dodecylbenzenesulfonic acid
17.640086682666393,-4.863972020339225,0.96% Dodecylbenzenesulfonic acid
