Nanoparticle Volume (%),Bet Surface Area
1.328454081682764,-6.006557922441692,SAN24
5.9940092797745015,-2.062060382394921,SAN24
17.30193600081916,13.192248225618988,SAN24
