Aging Time (h),Magnetoresistance
0,-4.949240967306264,
9,-5.416733573034396,
15,-5.634717163489633,
0,-6.377785188061081,
9,-6.9338673887407785,
15,-7.111693776572094,
0,0.9153275974643228,
9,0.13299930720275613,
15,0.08154331366855481,
0,-2.8222831353140427,
9,5.836910420270398,
15,145.26078399900115,
