Solvent Concentration (M),Hardness (HV)
0.2828286604822261,-2.7407622597707886,PEA
1.077751203099715,-2.739365005662817,PEA
5.394881943937366,4.410215696263537,PEA
14.861513725076636,199.4758344386905,PEA
