Time (s),Electronic Conductivity (S/m)
0,7.786297667019507,0.14% ZnO
1,7.842569681447422,0.14% ZnO
5,7.329581695016149,0.14% ZnO
15,7.086290928803242,0.14% ZnO
16,7.08439499423509,0.14% ZnO
4.0993102962906125,2.255317035658581,0.56% ZnO
7.59680150005519,2.0574139031856653,0.56% ZnO
12.664364710734883,1.9778628947960288,0.56% ZnO
14.586551519556428,1.971257005474679,0.56% ZnO
14.629454301238985,1.9714263616773842,0.56% ZnO
