Electric Field (V/m),Bulk Modulus (GPa)
4,-6.453553965396112,ABS
17,-6.862531302577184,ABS
19,-6.894290546441103,ABS
