Tensile Strength (MPa),Tg (°C)
0,-5.9318325625520725,0.99% graphene oxide/S-SBR
3,-4.003161126513294,0.99% graphene oxide/S-SBR
4,-3.6904046138851196,0.99% graphene oxide/S-SBR
6,-3.8609440463327003,0.99% graphene oxide/S-SBR
15,80.83593126086407,0.99% graphene oxide/S-SBR
