Incubation Temperature (°C),Heat Capacity (J/K)
0,-1.1673718162309972,
15,-1.7095326940142177,
19,-1.799378304178405,
