Ultrasound Time (min),Tensile Modulus (GPa)
1.1735680320531294,1.932929878162622,0.55% OAP-POSS
11.678449336814294,1.3409772051833482,0.55% OAP-POSS
13.766145463522124,1.3277778068917543,0.55% OAP-POSS
1.1735680320531294,2.561261819858186,0.42% OAP-POSS
11.678449336814294,34.80659143939984,0.42% OAP-POSS
13.766145463522124,28.36253774630111,0.42% OAP-POSS
