Ion Beam Dose (Gy),Dielectric Loss
4,-3.7440436129043326,0.89% Carbon Black
9,12.507887323235446,0.89% Carbon Black
10,7.937731233927371,0.89% Carbon Black
17,-46.66699170974418,0.89% Carbon Black
