Crosslinking Density (mol/m³),Viscosity (Pa·s)
3,7.686554769231955,
11,7.3550763899031155,
18,7.326631481345278,
