Calcination Temperature (°C),Heat Of Crystallization (J/g)
3.9086222435380846,1.7229942695154585,0.79% TPP/PCL
4.5017708860377725,1.0546402714881524,0.79% TPP/PCL
4.538276141280901,0.8963861202893368,0.79% TPP/PCL
14.295454398287767,8.397118397903451,0.79% TPP/PCL
17.924207052442522,1.7076297269599747,0.79% TPP/PCL
