Glass Transition Temperature (°C),Pore Size (nm)
2.0203250637032832,-5.543423889251995,Carbon black/PA 8
13.444027499480713,-7.142969744334087,Carbon black/PA 8
15.265684630233565,0.18965408960538355,Carbon black/PA 8
3,9.72042286134061,Carbon Black/PA 8
9,12.50119248620084,Carbon Black/PA 8
14,75.02789150752028,Carbon Black/PA 8
