Pore Volume (cm³/g),Ionic Conductivity (S/m)
14.075109903139346,21.774669502041288,
16.775648254332058,62.098459586540756,
18.31037240012925,490.6684608489864,
0,0.9052297526692071,
4,0.29100757203604855,
15,-0.059430249891714346,
