Crystallinity (%),Thermal Expansion (1/K)
4.725215461860781,2.2927300520879,Poly(2-vinyl pyridine)
14.863152586007002,109.00308088127673,Poly(2-vinyl pyridine)
17.611155479457462,475.8230252995702,Poly(2-vinyl pyridine)
4.725215461860781,5.930863542869479,PBI
14.863152586007002,5.759560028813519,PBI
17.611155479457462,5.70561576705733,PBI
4.725215461860781,-6.035235939090936,PVC-P
14.863152586007002,5.4177477143771,PVC-P
17.611155479457462,11.854063181199379,PVC-P
