Degradation Temperature (°C),Coefficient Of Thermal Expansion (1/K)
5,1.5523879099173197,
13,12.50284457333117,
16,-44.84401359405696,
19,446.84974468371564,
5,-0.06287392122900784,
13,-0.2554659248885519,
16,-0.26765261991387773,
19,-0.2728371981199243,
5,0.08775555344197175,
13,-0.11138392177957451,
16,-0.12330480441303535,
19,-0.12798668618103362,
