Mechanical Strength (MPa),Complex Modulus (Pa)
7.58345246777748,1.7518391256337664,0.48% Thermal black/Poly(methyl acrylate)
10.183533893168544,2.8124234897662133,0.48% Thermal black/Poly(methyl acrylate)
19.187199600653535,24.957336466352913,0.48% Thermal black/Poly(methyl acrylate)
19.23241145147979,6.603662942641621,0.48% Thermal black/Poly(methyl acrylate)
