Filler Content (%),Zero-shear Viscosity (Pa·s)
3,-1.9645811635749428,
6,-2.0992775317466794,
9,-2.23687448986817,
17,-2.483098611826825,
