Curing Temperature (°C),Degradation Temperature (°C)
1,2.8409218047531986,UPR
4,5.286570353569736,UPR
13,-28.89633333584532,UPR
1,6.8104033028988935,Poly(bisphenol A carbonate)
4,6.403150124259137,Poly(bisphenol A carbonate)
13,6.059646148079958,Poly(bisphenol A carbonate)
1,4.6232618998836035,Polyetherketoneketone
4,4.159837717902723,Polyetherketoneketone
13,3.8114265069248185,Polyetherketoneketone
