Drying Temperature (°C),Shear Modulus (GPa)
4,-0.47019523429378546,0.64% GO/PVAc
12,-0.7412120620786933,0.64% GO/PVAc
13,-0.7471520130235634,0.64% GO/PVAc
16,-0.7592829576478496,0.64% GO/PVAc
18,-0.7630787569415685,0.64% GO/PVAc
4,9.100919331895943,0.06% GO/PVAc
12,13.110706784385252,0.06% GO/PVAc
13,13.992960493079124,0.06% GO/PVAc
16,18.097119671956676,0.06% GO/PVAc
18,16.66605155728179,0.06% GO/PVAc
