Stirring Speed (rpm),Glass Transition Temperature (°C)
9,0.745000465857639,
10,0.645673318287157,
15,0.5381882364417266,
9,-2.5236067426400783,
10,1.2477542463639892,
15,7.737229567081259,
9,-6.807997468917574,
10,-6.903174257441419,
15,-7.021497840940843,
9,19.456426644793595,
10,13.051904761772233,
15,179.87229604387065,
9,-6.278431948111816,
10,-6.3579206246456605,
15,-6.502992253495696,
