Particle Density,Electric Field Strength (V/m)
0.4964991265573371,8.089120806844496,Aluminium/SAN
2.1271151734804272,8.419345691487404,Aluminium/SAN
4.4430043069081515,9.00151971316466,Aluminium/SAN
8.589364816715953,10.753352995279299,Aluminium/SAN
12.88536615061146,12.861897608386457,Aluminium/SAN
19.001834020782,-2.672998133172227,Aluminium/SAN
