Volume Fraction (%),Tensile Strength (MPa)
9,3.3033864050728425,
11,3.188877015175852,
16,3.0954201326366735,
19,3.041685466207267,
9,5.289025117434156,
11,5.252046548108147,
16,5.224950689976951,
19,5.220757115495041,
9,-6.3562188289961155,
11,-6.392972689235262,
16,-6.419553981246853,
19,-6.424214924268237,
9,-2.979788433514706,
11,-3.0269739433518286,
16,-3.1505297388769606,
19,-3.207454216806885,
