Reaction Temperature (°C),Magnetic Susceptibility
6,2.0116940103111793,PR
8,13.31323656493226,PR
10,13.116580070299364,PR
12,33.00890871970171,PR
18,507.76549734820765,PR
6,-6.079874689054894,Nylon 11
8,-6.197154201330447,Nylon 11
10,-6.228362854831552,Nylon 11
12,-6.325471465443719,Nylon 11
18,-6.449503451594758,Nylon 11
