Calcination Temperature (°C),Ionic Conductivity (S/m)
2.786269458277566,4.254219920903009,Colloidal silica/PEKK
3.4459012288876845,4.222912713006254,Colloidal silica/PEKK
14.399149233354384,3.8586019820195525,Colloidal silica/PEKK
15.587255209388092,3.854407407636929,Colloidal silica/PEKK
18.173503748424185,3.84978061828735,Colloidal silica/PEKK
