Frequency (Hz),Toughness (MJ/m³)
7,6.371477934137527,Poly(vinyl acetate)
9,3.02100478624216,Poly(vinyl acetate)
10,31.437009035409407,Poly(vinyl acetate)
16,5.312299177502982,Poly(vinyl acetate)
7,-7.29549317532331,PBuA
9,-7.339371303018305,PBuA
10,-7.445696097028928,PBuA
16,-7.577369919650383,PBuA
7,0.2038103908588078,Poly(4-vinyl pyridine)
9,1.1403911471813042,Poly(4-vinyl pyridine)
10,-0.6340424403472587,Poly(4-vinyl pyridine)
16,5.667718967814102,Poly(4-vinyl pyridine)
