Dispersing Time (min),Bulk Modulus (GPa)
8,-2.1633723190541394,Al2O3/XNBR
10,-4.158947859207277,Al2O3/XNBR
17,0.993384196875887,Al2O3/XNBR
8,2.9851713899752816,Thermal black/XNBR
10,8.466340526726423,Thermal black/XNBR
17,297.20939355477935,Thermal black/XNBR
8,6.854581676691724,Lead(II) sulfide/XNBR
10,6.804539075211096,Lead(II) sulfide/XNBR
17,6.763168931743951,Lead(II) sulfide/XNBR
