Nanoparticle Mass (%),Melting Temperature (°C)
0,-4.453547371188515,
9,-2.801269402616809,
16,-1.195412957056356,
