Elongation At Break (%),Loss Modulus (Pa)
12.185247845046213,-1.0503231692670152,calcium carbonate/PVB
13.687181533282082,146.10205547742828,calcium carbonate/PVB
14.043484192049718,101.72984625410903,calcium carbonate/PVB
18.29994186451279,-108.5667042593049,calcium carbonate/PVB
