Nanoparticle Mass (%),Peel Strength (N/m)
2,3.3036801954164083,
8,2.8915138733737313,
14,2.8054595705316525,
16,2.7974769876813292,
2,7.483239258271086,
8,16.46220877803762,
14,98.84432094711448,
16,289.7862363787271,
2,7.520412399172013,
8,20.34309616768978,
14,60.91870972759307,
16,205.31728159120433,
2,-6.369116886985599,
8,-6.850808843506903,
14,-7.00115064933142,
16,-7.064104017146064,
