Curing Temperature (°C),Magnetization (A/m)
5.791773689030537,-2.6731487109815264,EPDM
7.705425080138271,-2.7427438548490746,EPDM
7.804240090098265,-2.7432980681658305,EPDM
16.95366715545205,-2.834856872324266,EPDM
5.791773689030537,5.3574250379265305,PVC-P
7.705425080138271,5.206897985125604,PVC-P
7.804240090098265,5.262614451887435,PVC-P
16.95366715545205,4.968251583399641,PVC-P
