Drying Temperature (°C),Young’s Modulus (GPa)
4.95699750714534,-1.6032666807182543,0.99% calcium copper titanate
10.099954514883363,1.4225854515274943,0.99% calcium copper titanate
17.69627812002237,-2.474784358656552,0.99% calcium copper titanate
18.67155829274568,1.7919215396381745,0.99% calcium copper titanate
4.95699750714534,5.275936914865563,0.86% calcium copper titanate
10.099954514883363,6.233078480696762,0.86% calcium copper titanate
17.69627812002237,10.607653268518405,0.86% calcium copper titanate
18.67155829274568,19.559190177914175,0.86% calcium copper titanate
