Glass Transition Temperature (°C),Shear Modulus (GPa)
3,-0.4315298212215283,0.97% TPP
7,-0.6242641272854194,0.97% TPP
9,-0.8226177039189878,0.97% TPP
10,-0.7867072476608004,0.97% TPP
19,-1.0579625136056228,0.97% TPP
