Solvent Concentration (M),Electrical Conductivity (S/m)
0,5.143250381270632,P(Baph)
8,4.414955915986841,P(Baph)
14,4.3425592680070695,P(Baph)
0,6.3134489958257385,Poly(butyl acrylate)
8,5.7889672673322545,Poly(butyl acrylate)
14,5.612757125458218,Poly(butyl acrylate)
0,-3.576918375303136,PBA
8,-0.1926526458248743,PBA
14,29.9649387814109,PBA
