Exposure Time (h),Degradation Temperature (°C)
9,-1.262504624359783,0.1% Aluminium/PMS
10,-1.2912203618916607,0.1% Aluminium/PMS
19,-1.333307405310361,0.1% Aluminium/PMS
9,7.247960567637017,0.14% Aluminium/PMS
10,9.570634548172851,0.14% Aluminium/PMS
19,-1.5026902357167895,0.14% Aluminium/PMS
9,-3.5394074436859517,0.83% Aluminium/PMS
10,-3.565309485472506,0.83% Aluminium/PMS
19,-3.7479707876592947,0.83% Aluminium/PMS
