Ion Beam Dose (Gy),Glass Transition Temperature (°C)
5,1.4948069604025163,0.74% Silver nitrate/PAA
6,1.7357177086017292,0.74% Silver nitrate/PAA
7,2.3230246313000595,0.74% Silver nitrate/PAA
5,8.480630000516301,0.39% Silver nitrate/PAA
6,15.71840360840011,0.39% Silver nitrate/PAA
7,11.872819996077517,0.39% Silver nitrate/PAA
5,-7.683334515751516,0.84% Silver nitrate/PAA
6,-7.76019781883284,0.84% Silver nitrate/PAA
7,-7.808885218141355,0.84% Silver nitrate/PAA
