Synthesis Time (min),Thermal Expansion (1/K)
8.367529373767862,0.824585328800695,Nylon 6
9.67753733976785,2.0592524358716,Nylon 6
11.180654937300435,4.910951690744888,Nylon 6
17.09308771917027,5.248616013270762,Nylon 6
8.367529373767862,-6.533667987837121,Nylon 11
9.67753733976785,-6.5714937643074025,Nylon 11
11.180654937300435,-6.591316601934499,Nylon 11
17.09308771917027,-6.621575906315839,Nylon 11
