Particle Density,Saturation Magnetization (A/m)
9.641927821818763,-7.228951355486519,
11.9164446382145,-7.261193398531885,
13.164608530784134,-7.271625635273773,
2,-6.364800052317649,
6,-6.666777366275435,
19,-6.826951249355427,
