Strain,Surface Area (m²/g)
10,0.6143661427341933,0.62% MWNT
13,0.5320187301854042,0.62% MWNT
17,0.43098553114736177,0.62% MWNT
