Melting Temperature (°C),Compression Strength (MPa)
0.9146486380222285,-6.686245492703644,SWNT/Poly(propylene)
1.8464406263533761,-6.666060664829514,SWNT/Poly(propylene)
6.843321027113392,0.08215658267501702,SWNT/Poly(propylene)
8.137996653719085,2.8810275979084903,SWNT/Poly(propylene)
