Stirring Speed (rpm),Tan Delta
14,7.954882173594546,0.68% ZnO
15,-0.027003768812345008,0.68% ZnO
17,7.803298323493015,0.68% ZnO
14,2.0770449837530487,0.22% ZnO
15,2.075007787521255,0.22% ZnO
17,2.069982039730488,0.22% ZnO
