wt%,Thermal Diffusivity (mm²/s)
5.091068775072609,2.413120383378479,
9.7206201239951,2.182958973847048,
12.182445764731888,2.0774672703607022,
12.488006642393936,2.0685920917664107,
5.091068775072609,2.45282606866682,
9.7206201239951,43.855541338679274,
12.182445764731888,-2.0344925320688994,
12.488006642393936,79.55455832940522,
