Particle Size (nm),Galvanic Potential (V)
4,3.8518225869912532,TPU
6,2.642560098148738,TPU
14,-1.9925697237415072,TPU
4,-6.794164307413373,Fluoroelastomer
6,-7.099489354494453,Fluoroelastomer
14,-7.434674274896235,Fluoroelastomer
4,2.554302921924152,Silicone rubber
6,2.3679677466548705,Silicone rubber
14,2.175684799584565,Silicone rubber
4,-0.5590864341647837,SAN24
6,1.2750694026192346,SAN24
14,0.5610851582883973,SAN24
