filler labels,Flexural Strength (MPa)
6,0.3929831403467783,
11,2.479528024232886,
18,-9.297095173334771,
6,-5.266036488142733,
11,-5.421050424437842,
18,-5.460594775665091,
6,-6.991612556414667,
11,-7.0929122830586016,
18,-7.244538098831161,
