Softening Temperature (°C),Passivation Current Density (A/m²)
4,8.984194460429698,0.14% OAPS
7,10.000779989034605,0.14% OAPS
17,8.208096658384456,0.14% OAPS
4,8.197798059504077,0.24% OAPS
7,7.96495164463318,0.24% OAPS
17,7.855582093416882,0.24% OAPS
