Pore Size (nm),Thermal Diffusivity (mm²/s)
3,7.587569358793616,poly-HEMA
4,7.5823027274287345,poly-HEMA
15,7.160908865892416,poly-HEMA
18,7.078268432584413,poly-HEMA
1.9458303415676026,5.852290538751133,Fluoroelastomer
3.785604340209572,6.482727411890853,Fluoroelastomer
7.7153059962186665,8.592495729173269,Fluoroelastomer
16.957106305079197,-10.352159595527608,Fluoroelastomer
6,8.622992231729057,PA 66
9,12.00816391341636,PA 66
14,11.296025416991466,PA 66
17,6.486725268417989,PA 66
