Decomposition Temperature (°C),Electrical Resistivity (Ω·m)
7,10.812871639013988,BECy
13,19.945164775660977,BECy
19,129.64486909182375,BECy
7,-6.987664514126233,Nylon 6(3)T
13,-7.090275701232272,Nylon 6(3)T
19,-7.108002529444053,Nylon 6(3)T
7,-6.333664641854426,PA 6T
13,-6.58882352556211,PA 6T
19,-6.724273812278444,PA 6T
7,7.025475630833959,Poly(styrene-co-acrylonitrile)
13,7.564455053216254,Poly(styrene-co-acrylonitrile)
19,12.979757843211146,Poly(styrene-co-acrylonitrile)
