Elongation At Break (%),Pore Size (nm)
4,4.210197027481795,
11,3.7575727999921114,
12,3.7279379315798393,
17,3.6133834680024615,
