Elongation At Break (%),Decomposition Temperature (°C)
7.099445341296913,11.96841907791094,
7.973566875820614,8.18243852045931,
8.68699849890952,10.328064117599649,
19.335924145497916,514.4062536412081,
