filler labels,Hardness (HV)
3.7540682841464124,10.290236791281908,
5.777568147911552,13.602075380405402,
9.093463806831664,21.016360000544594,
