Polymer Molecular Weight (g/mol),Oxidation Potential (V)
2,-1.2780642445151411,0.52% carbon nanofibers
8,0.7685900513300261,0.52% carbon nanofibers
9,0.9687803552731067,0.52% carbon nanofibers
2,-4.526846222104204,0.77% carbon nanofibers
8,6.163095331094086,0.77% carbon nanofibers
9,8.763194601636991,0.77% carbon nanofibers
