Crystallinity (%),Electrochemical Potential (V)
0,-0.5943239843041115,PAA
5,3.3107105372178207,PAA
11,23.951574518387904,PAA
18,-220.39499169213119,PAA
0,-2.4805583456144786,PAN
5,1.349444278336593,PAN
11,25.687818291361403,PAN
18,296.0576477788436,PAN
0,-1.8296476279723213,Poly(BA-a)
5,-2.2664308336510817,Poly(BA-a)
11,-2.4819330277291227,Poly(BA-a)
18,-2.6716067155759746,Poly(BA-a)
