Hardness (HV),Degradation Temperature (°C)
6.191081703844697,0.4489827274682061,0.46% ZrO2/PEEK
8.561123272605926,0.3738465454755462,0.46% ZrO2/PEEK
14.542379773199897,0.3106254637921709,0.46% ZrO2/PEEK
15.917862012900553,0.30651063818571034,0.46% ZrO2/PEEK
6.191081703844697,-4.91052986682132,0.04% ZrO2/PEEK
8.561123272605926,-4.97971765763384,0.04% ZrO2/PEEK
14.542379773199897,-5.036141491681165,0.04% ZrO2/PEEK
15.917862012900553,-5.041023725561067,0.04% ZrO2/PEEK
