Nanoparticle Mass (%),Remanence (A/m)
0,-4.231999373085302,P(VDF-HFP)
8,10.11971602034864,P(VDF-HFP)
16,-81.39015259566217,P(VDF-HFP)
18,89.25649872048449,P(VDF-HFP)
0,0.9178624675542719,Fluoroelastomer
8,2.733728327576052,Fluoroelastomer
16,11.944782013993434,Fluoroelastomer
18,19.689874098238768,Fluoroelastomer
0,5.746904283054242,P(Baph)
8,4.628871624588413,P(Baph)
16,4.548494057252292,P(Baph)
18,4.5445536638111115,P(Baph)
