Loading Concentration (%),Reduction Potential (V)
3,-3.88640026373967,Poly(butyl acrylate)
10,-4.274627754121522,Poly(butyl acrylate)
13,-4.414013041347666,Poly(butyl acrylate)
3,-2.817949569920901,PVOH
12,-3.2154598088420987,PVOH
19,-3.2384708886869062,PVOH
1.3131651333962324,-0.3554391294381216,PCTFE
6.126154248639275,1.2789985678379825,PCTFE
19.397264774996753,-13.878496669697139,PCTFE
6,5.810844217489114,PA 11
7,7.550472253295507,PA 11
16,-109.3258611121559,PA 11
