Calcination Temperature (°C),Electronic Conductivity (S/m)
2,6.2458738404651175,P(VDF-HFP)
13,5.672356608863018,P(VDF-HFP)
15,5.662134001088781,P(VDF-HFP)
16,5.65888455010183,P(VDF-HFP)
17,5.657090900573618,P(VDF-HFP)
