Filler Content (%),Heat Capacity (J/K)
1.665291181897457,6.225412289231352,PGMA
9.458421419716602,5.74170227243719,PGMA
16.93564239455229,5.578940828513108,PGMA
1.665291181897457,-1.3232812045614428,DGEBD
9.458421419716602,-1.8826104978509863,DGEBD
16.93564239455229,-2.0523889865173612,DGEBD
1.665291181897457,1.8586715712394906,Poly(bisphenol A carbonate)
9.458421419716602,15.8225417076762,Poly(bisphenol A carbonate)
16.93564239455229,255.436076185684,Poly(bisphenol A carbonate)
