EV (V),Ionic Conductivity (S/m)
2,-6.281417164443414,PVA
12,-4.139317961264775,PVA
19,1.4786368611867289,PVA
2,-0.8890885873044501,PMMA-PnBA
12,-1.4589425810007575,PMMA-PnBA
19,-1.4820575571281218,PMMA-PnBA
2,-5.049386778873058,P4VP
12,-5.6413326725790816,P4VP
19,-5.664766041425068,P4VP
2,4.706900615083569,PTFE
12,9.412723932594599,PTFE
19,6.241535080611453,PTFE
