Volume Fraction (%),Corrosion Rate (mm/year)
2.2694038171555286,-3.519386494608855,Furnace black/CAB
2.4335081903477596,-3.0787077703579278,Furnace black/CAB
4.380733088410754,-1.158389824721874,Furnace black/CAB
2.2694038171555286,4.501541738914311,"Iron(II,III) oxide/CAB"
2.4335081903477596,4.491233482731257,"Iron(II,III) oxide/CAB"
4.380733088410754,4.460539143302763,"Iron(II,III) oxide/CAB"
