Shear Rate (1/s),Young’s Modulus (GPa)
5.832007390144303,-5.189858020220969,0.6% AuNPs/PB
10.314722900341922,-5.3337269456875385,0.6% AuNPs/PB
17.525385526398015,-5.371899529494717,0.6% AuNPs/PB
3,7.352526732906624,0.23% AuNPs/PB
4,7.2509610430479485,0.23% AuNPs/PB
17,6.945438318191915,0.23% AuNPs/PB
