Filler Content (%),Thermal Diffusivity (mm²/s)
3,-1.0378072206925981,
13,0.05400594064648523,
14,0.7925852039292263,
3,4.329601624853811,
13,3.666631065156461,
14,3.6210670213388174,
3,6.639541715226331,
13,82.69344297771111,
14,-26.909054525364066,
3,-4.35462725642661,
13,3.029337810596843,
14,-0.20466864873553892,
