Filler Content (%),Magnetic Permeability (H/m)
0.6366527890965279,4.031478736480454,PBI
1.4788448909787033,3.9292955461149166,PBI
18.475566288387142,3.2320734456197937,PBI
