Volume Fraction (%),Passivation Current Density (A/m²)
1,9.185843380867356,
2,9.786273782238084,
3,11.513610964191596,
7,15.509388598769117,
15,53.3548893897747,
1,-3.92855904083756,
2,-3.6119210818048146,
3,-3.3659861218750073,
7,-3.4803933607988324,
15,2.143395453090273,
1,-5.114262816927283,
2,-4.556164734576069,
3,-3.330239514430399,
7,0.6371508675698054,
15,148.18343784231436,
