Curing Temperature (°C),Hardness (HV)
1.1393804746436453,-4.588097461081944,
7.808277519816292,-4.984109338134509,
8.250106780075585,-4.910024203868995,
8.835379168005378,-4.902818557017222,
12.754393180680614,-5.059415960517067,
1.1393804746436453,-4.917548404458689,
7.808277519816292,11.046462072171115,
8.250106780075585,-0.3172870642691237,
8.835379168005378,5.164972879730454,
12.754393180680614,33.543874955228844,
