Calcination Time (h),Elastic Modulus (GPa)
4,3.1972741676463885,0.93% SiC powder
12,75.42386141515993,0.93% SiC powder
13,72.01818389315085,0.93% SiC powder
14,64.71124360883266,0.93% SiC powder
15,55.15658420612735,0.93% SiC powder
