Frequency (Hz),Dielectric Breakdown Strength (MV/m)
0,-5.919333146225197,PAN
6,-6.360122190873889,PAN
10,-6.462824475554489,PAN
13,-6.49335515152615,PAN
0,-4.324788907328001,PBT
6,-5.664073919652697,PBT
10,-5.7679767226676075,PBT
13,-5.798964041951566,PBT
