Film Thickness (µm),Dynamic Viscosity (Pa·s)
0,0.28933448736744716,
2,0.6100688072405982,
5,0.729708903253524,
19,8.846521503529331,
