Aging Temperature (°C),Hysteresis Loss (J/m³)
8,0.5164580728197459,0.43% GO
9,-0.7059848815350813,0.43% GO
10,0.4197121155015964,0.43% GO
