Ultrasound Time (min),Melting Temperature (°C)
5.22714218098796,0.6381148033510493,0.09% Poly(vinyl alcohol)
10.9367115396532,0.44702389725850594,0.09% Poly(vinyl alcohol)
14.734175832946343,0.42285142883262816,0.09% Poly(vinyl alcohol)
5.22714218098796,-3.612563644951403,0.1% Poly(vinyl alcohol)
10.9367115396532,-1.0551216760372446,0.1% Poly(vinyl alcohol)
14.734175832946343,2.3595297295021442,0.1% Poly(vinyl alcohol)
