wt%,Ionic Conductivity (S/m)
0.3886677143844519,5.650449087720446,Cellulose/Nylon 8
3.3851701305893633,6.70898494222188,Cellulose/Nylon 8
4.657852226221186,12.52361816178744,Cellulose/Nylon 8
7.461518054423115,15.702049118259422,Cellulose/Nylon 8
17.840191712494622,175.22910829219592,Cellulose/Nylon 8
