wt% (%),Heat Capacity (J/K)
10,17.61843213554941,
11,27.116395672117157,
16,156.58916594200653,
10,15.283285991054878,
11,33.49199645438499,
16,258.57774327610036,
10,-5.56806263441502,
11,-5.686028842967576,
16,-5.774312136834621,
