Calcination Time (h),Loss Factor
2,2.3573207155929854,0.22% SiO2/DGEBD Epoxy Resin
6,1.9623395846353748,0.22% SiO2/DGEBD Epoxy Resin
9,1.8820888915031404,0.22% SiO2/DGEBD Epoxy Resin
13,1.837040274766052,0.22% SiO2/DGEBD Epoxy Resin
15,1.8285699556160397,0.22% SiO2/DGEBD Epoxy Resin
19,1.8214272142598964,0.22% SiO2/DGEBD Epoxy Resin
