Calcination Time (h),Loss Factor
10.0167758155837,29.676603271536727,0.85% graphene platelets
10.28768390879289,23.49326723127143,0.85% graphene platelets
18.692469907782222,448.50375102555796,0.85% graphene platelets
18.96867049468598,84.04815079336407,0.85% graphene platelets
