Ultrasound Time (min),Magnetic Susceptibility
4.344294045167185,1.394252042417774,0.26% Gold/PCTFE
5.0252516960297715,0.12392620433668933,0.26% Gold/PCTFE
9.801455662646998,4.451638437976064,0.26% Gold/PCTFE
14.396749736882153,2.129780280769114,0.26% Gold/PCTFE
18.32990006405555,5.711587969562564,0.26% Gold/PCTFE
18.86626068051737,-1.0140378090541775,0.26% Gold/PCTFE
