Shear Rate (1/s),Magnetic Anisotropy (J/m³)
7,5.202982228058667,Graphene/FKM
9,4.761251906553117,Graphene/FKM
11,8.037655215657912,Graphene/FKM
7,-6.636562076248298,Molybdenum Disulfide/FKM
9,-6.685471280774109,Molybdenum Disulfide/FKM
11,-6.719881299418195,Molybdenum Disulfide/FKM
7,6.600158947272594,Gold/FKM
9,6.4460544029255775,Gold/FKM
11,6.427292313910715,Gold/FKM
