Curing Time (min),Oxidation Potential (V)
1.6366377965095436,5.714617966624353,PANa
6.085960754527995,5.491517364658865,PANa
14.241546580325048,5.170191151879741,PANa
1.6366377965095436,6.513190406368821,Poly(ethyl acrylate)
6.085960754527995,7.8064112216689985,Poly(ethyl acrylate)
14.241546580325048,1.5177789972842834,Poly(ethyl acrylate)
1.6366377965095436,0.8244922642707346,EPDM
6.085960754527995,0.33524802705677237,EPDM
14.241546580325048,0.15913062641754463,EPDM
