pH,Melting Temperature (°C)
9.515538009423647,32.148035887029266,Graphite Nanoplatelets/Poly(BA-a)
12.48419926444595,24.833146842506906,Graphite Nanoplatelets/Poly(BA-a)
13.70933362613781,33.53473766635665,Graphite Nanoplatelets/Poly(BA-a)
14.496879780602338,83.45595168648647,Graphite Nanoplatelets/Poly(BA-a)
9.515538009423647,-5.802435960966103,graphite/Poly(BA-a)
12.48419926444595,-5.832999096472881,graphite/Poly(BA-a)
13.70933362613781,-5.877702201978929,graphite/Poly(BA-a)
14.496879780602338,-5.907776547335446,graphite/Poly(BA-a)
