Temperature (°C),Porosity (%)
2,2.117935218192713,0.3% ZnO/Nylon 12
11,11.810162983613289,0.3% ZnO/Nylon 12
14,83.06697223139365,0.3% ZnO/Nylon 12
15,72.18111995202753,0.3% ZnO/Nylon 12
16,-125.63652168721234,0.3% ZnO/Nylon 12
