Incubation Time (h),Hardness (HV)
4,6.838298892835914,
10,9.883591983890186,
11,10.152097278309974,
13,6.385248395028652,
4,1.8958096240941513,
10,31.062141798875054,
11,8.676665090879975,
13,76.40112941448683,
4,9.335082630870728,
10,13.778258963453045,
11,10.335751798606463,
13,13.396129607680495,
