Ultrasound Time (min),Toughness (MJ/m³)
1.5513220095243363,-4.31760972391772,0.14% silicon dioxide/BPA-Ph
2.2490959166141344,-4.821981725262743,0.14% silicon dioxide/BPA-Ph
3.048261166012791,-3.8897999623396884,0.14% silicon dioxide/BPA-Ph
4.4885719006281715,-1.1703096687773797,0.14% silicon dioxide/BPA-Ph
7.200646782556037,3.0286419952524515,0.14% silicon dioxide/BPA-Ph
14.141479717208096,152.24844466647912,0.14% silicon dioxide/BPA-Ph
18.30775626336379,144.05969631583352,0.14% silicon dioxide/BPA-Ph
