Film Thickness (µm),Tg (°C)
1,-4.4646207927267465,BECy
2,-4.487780351206974,BECy
8,-4.998848286249892,BECy
17,-5.252252715123246,BECy
19,-5.293388021651498,BECy
1,-3.559976257161731,PB-1
2,-2.5106857555404467,PB-1
8,5.430103945040317,PB-1
17,153.10382506139152,PB-1
19,293.8921266374866,PB-1
