Drying Temperature (°C),Dynamic Viscosity (Pa·s)
4,-0.513411392586316,PVA
6,-0.6369789199057967,PVA
10,-0.7464462626436293,PVA
12,-0.7620585424922656,PVA
4,-0.7951481612249637,silicone
6,-1.121541545040054,silicone
10,-1.26381157999239,silicone
12,-1.3377509130766827,silicone
4,7.180465419087519,P(VDF-HFP)
6,7.062879779477142,P(VDF-HFP)
10,6.937515120237533,P(VDF-HFP)
12,6.9188342080781835,P(VDF-HFP)
