Shear Rate (1/s),Loss Modulus (Pa)
0,-6.27105760992224,Polybutadiene
3,-5.744979969230395,Polybutadiene
5,-5.093345203257925,Polybutadiene
7,-4.411522419349513,Polybutadiene
19,4.9912205134271925,Polybutadiene
