Crystallinity (%),Tensile Modulus (GPa)
6.112985399414146,1.1791522611670462,0.28% Morrocan montmorillonite/Nylon 6-6
8.827341229539751,1.180556847760115,0.28% Morrocan montmorillonite/Nylon 6-6
19.285039073281865,0.8931451276140343,0.28% Morrocan montmorillonite/Nylon 6-6
