Electric Field (V/m),Bulk Modulus (GPa)
9,2.9788335090028264,Aluminium/Nylon 12
12,5.927136633397479,Aluminium/Nylon 12
14,5.1503195413617515,Aluminium/Nylon 12
15,5.802576599205552,Aluminium/Nylon 12
9,6.123344221842769,carbon black/Nylon 12
12,58.209130747116696,carbon black/Nylon 12
14,28.128506490832983,carbon black/Nylon 12
15,13.150970187107553,carbon black/Nylon 12
