Drying Time (h),Zeta Potential (mV)
1,4.911485302554094,0.23% MWNTs
4,4.53187173758099,0.23% MWNTs
10,4.3002968078795405,0.23% MWNTs
11,4.289067630418177,0.23% MWNTs
14,4.269606029620524,0.23% MWNTs
1,7.362855352338982,0.15% MWNTs
4,8.738494362542657,0.15% MWNTs
10,17.760987072593068,0.15% MWNTs
11,41.18514579274168,0.15% MWNTs
14,106.37231359467012,0.15% MWNTs
