Crystallization Temperature (°C),Polarization Resistance (Ω·m²)
4.563367161714642,-3.3300235699390015,0.87% Aluminium/PCTFE
6.479175708612923,-1.4862416384212223,0.87% Aluminium/PCTFE
6.503407791103156,-0.9554976749680737,0.87% Aluminium/PCTFE
6.778178303172342,4.6950662661745515,0.87% Aluminium/PCTFE
