Particle Diameter (nm),Electrochemical Potential (V)
2.77165676966713,-5.164564602337164,
6.370691724032405,4.389139472148081,
12.039070078873134,23.839267763099276,
12.13178220400907,15.644559259635216,
17.065776157219503,312.3561514226593,
2.77165676966713,-5.948566583668507,
6.370691724032405,-6.255314316312818,
12.039070078873134,-6.377029236148896,
12.13178220400907,-6.3762316121660145,
17.065776157219503,-6.40040129257922,
