Annealing Temperature (°C),Modulus Of Elasticity (GPa)
0.78172111000685,-0.9615323577625018,Triphenyl phosphate/EVA
1.2721882041041588,-0.9325989974707182,Triphenyl phosphate/EVA
3.2214867072693942,-1.0051773746563226,Triphenyl phosphate/EVA
4.017871778476123,-1.1455308071335746,Triphenyl phosphate/EVA
14.949246639647027,-1.640548019418177,Triphenyl phosphate/EVA
18.78316165993934,-1.695833807929166,Triphenyl phosphate/EVA
