Electric Field (V/m),Tan Delta
3,-3.4376264921055193,PBA-a
7,-3.728552754607414,PBA-a
17,-3.853881140034763,PBA-a
3,7.073681031624383,Nylon 66
7,8.64141396932137,Nylon 66
17,11.769608355469959,Nylon 66
3,6.435297161356959,Poly(benzoxazine)
7,6.281533759273834,Poly(benzoxazine)
17,21.56351546463937,Poly(benzoxazine)
3,-2.658083591363999,Poly(vinyl butyral)
7,-1.1468604564951468,Poly(vinyl butyral)
17,2.6116685665371,Poly(vinyl butyral)
