Pore Size (nm),Specific Heat (J/(g·K))
4.01069513221993,7.493803450907982,Cyclic olefin copolymer
6.067931958431139,7.4928669457925965,Cyclic olefin copolymer
7.7412803466624736,8.253999615109093,Cyclic olefin copolymer
4.01069513221993,-2.3318087827653065,bisphenol-A phthalonitrile resin
6.067931958431139,-0.39854443772042014,bisphenol-A phthalonitrile resin
7.7412803466624736,4.101069657462032,bisphenol-A phthalonitrile resin
4.01069513221993,9.886056945641428,PA 6
6.067931958431139,12.683461572690817,PA 6
7.7412803466624736,23.512608982422062,PA 6
