Electric Field (V/m),Coercivity (A/m)
3,4.1821271215032505,
4,5.1335013366177495,
10,5.381947023261402,
19,26.967236721064346,
4,2.0340246971138907,
10,1.7672002504696311,
12,1.7397078543842062,
13,1.7341251197509804,
