Crystallization Temperature (°C),Compressive Modulus (GPa)
6,8.47603811399986,
9,23.770125598806892,
11,31.817432418822293,
14,43.81330134165517,
18,513.1266689295485,
6,-0.0553155104505878,
9,-0.19561584159664053,
11,-0.28241283837456205,
14,-0.3387634083648393,
18,-0.40174834878409355,
