Polymer Molecular Weight (g/mol),Specific Viscosity
0.9825745259592966,7.414540867767229,0.17% Polyaniline/VER
3.8631959714218422,8.495798747981397,0.17% Polyaniline/VER
13.66489217736796,10.466656707639071,0.17% Polyaniline/VER
0.9825745259592966,-4.624444221978042,0.36% Polyaniline/VER
3.8631959714218422,-1.5325497050751613,0.36% Polyaniline/VER
13.66489217736796,23.77585973164849,0.36% Polyaniline/VER
