Reaction Temperature (°C),Crystallinity (%)
3.5787242146327025,4.7806129116768545,0.75% Aluminium oxide/Poly(bisphenol A carbonate)
7.591931614907466,4.567120892767851,0.75% Aluminium oxide/Poly(bisphenol A carbonate)
13.47909935409098,4.481671666315007,0.75% Aluminium oxide/Poly(bisphenol A carbonate)
3.5787242146327025,5.053928389095368,0.69% Aluminium oxide/Poly(bisphenol A carbonate)
7.591931614907466,4.8353122953417165,0.69% Aluminium oxide/Poly(bisphenol A carbonate)
13.47909935409098,4.741142808961529,0.69% Aluminium oxide/Poly(bisphenol A carbonate)
