Curing Time (min),Dynamic Viscosity (Pa·s)
5,-4.54391792442903,
10,-7.531958998108976,
17,-1.887895806492656,
5,2.2008075659736672,
10,12.701227097243418,
17,331.0110181546619,
5,0.47416053636339095,
10,1.5275339505977357,
17,-3.951368350388371,
