Synthesis Time (min),Crystallization Temperature (°C)
0.07827993801484023,-0.7933618542990812,0.81% multi-walled CNT
0.4054607172773794,-1.0771061137391953,0.81% multi-walled CNT
7.90914678392713,-1.6983313657764911,0.81% multi-walled CNT
16.66121128921435,-1.8026417840175564,0.81% multi-walled CNT
0.07827993801484023,-2.961300362698521,0.68% multi-walled CNT
0.4054607172773794,-2.4878396933448217,0.68% multi-walled CNT
7.90914678392713,-1.2312050553475236,0.68% multi-walled CNT
16.66121128921435,-5.0245512375588435,0.68% multi-walled CNT
