Heat Treatment Time (h),Heat Capacity (J/K)
0,4.0380764096025406,0.25% silica nanoparticles
6,3.8359103765500855,0.25% silica nanoparticles
9,5.073037051832731,0.25% silica nanoparticles
15,1.1334901713304788,0.25% silica nanoparticles
16,13.085307247615598,0.25% silica nanoparticles
