Specific Heat Capacity (J/(g·K)),Complex Modulus (Pa)
11.159836095886478,0.32581991378876296,graphene oxide/ABS
12.814788594432445,5.620005054755207,graphene oxide/ABS
13.820573383266533,4.464648320913989,graphene oxide/ABS
11.159836095886478,51.761421394925456,expanded graphite/ABS
12.814788594432445,84.53204651105546,expanded graphite/ABS
13.820573383266533,53.02074783776527,expanded graphite/ABS
11.159836095886478,7.405101535744996,Barium Titanate/ABS
12.814788594432445,7.391959777994996,Barium Titanate/ABS
13.820573383266533,7.385849653724943,Barium Titanate/ABS
