Aging Time (h),Degradation Temperature (°C)
2.4394327289873208,-3.241712591138109,
11.242261001745778,-3.6117780675966698,
15.141083491400494,-3.711890855745593,
2.4394327289873208,9.142543102383144,
11.242261001745778,39.04069931355809,
15.141083491400494,-18.494771169626596,
2.4394327289873208,-3.760752427534775,
11.242261001745778,-4.116483134386747,
15.141083491400494,-4.186083518648444,
