Gamma Radiation Dose (Gy),Toughness (MJ/m³)
1,-3.576603829654856,PBuA
3,-3.0376989736191033,PBuA
5,-3.62476220041291,PBuA
7,-2.4161414315978615,PBuA
13,-5.410759665402098,PBuA
