Storage Time (days),Bulk Modulus (GPa)
5.571615520791511,2.2514058810554434,PA 12
11.486731522016182,1.885483047093525,PA 12
13.252004045178953,1.9482347294506654,PA 12
18.287008145233006,6.334066968926268,PA 12
5.571615520791511,7.826615410075186,S-SBR
11.486731522016182,1.1645600237226272,S-SBR
13.252004045178953,14.247378181940794,S-SBR
18.287008145233006,171.79304835730485,S-SBR
