Aging Temperature (°C),Complex Modulus (Pa)
6.915680917182723,4.172892825274451,0.56% AuNPs/PVDF
9.581239470957872,-3.86749351941131,0.56% AuNPs/PVDF
11.007243773088508,19.26074867976469,0.56% AuNPs/PVDF
14.108461506933578,63.0552287294598,0.56% AuNPs/PVDF
3.265862538273716,-2.5567618268675396,0.31% AuNPs/PVDF
7.077208645738898,-2.837502941462886,0.31% AuNPs/PVDF
7.63747310207616,-2.838591661843967,0.31% AuNPs/PVDF
9.932724835816774,-2.9579436751215145,0.31% AuNPs/PVDF
