Heat Capacity (J/K),Corrosion Rate (mm/year)
4.251814456944796,8.380844248524049,
15.608948940048975,199.09347029177292,
16.409066827691145,41.21871525691418,
18.839841857915317,277.9620549362732,
