Light Intensity (W/m²),Heat Of Fusion (J/g)
6,-6.340699036567628,Poly(vinyl alcohol)
16,-6.708990961439592,Poly(vinyl alcohol)
17,-6.709974729327568,Poly(vinyl alcohol)
19,-6.75191358389497,Poly(vinyl alcohol)
1,0.9026904189625617,Poly(2-vinyl pyridine)
12,59.85162138078834,Poly(2-vinyl pyridine)
18,169.54836833145544,Poly(2-vinyl pyridine)
19,667.2539617477515,Poly(2-vinyl pyridine)
