Hardness (HV),Electric Field Strength (V/m)
0,-2.3608704580973567,
1,-2.538827964265786,
5,-2.225438862706113,
6,-2.1091315936019432,
8,-1.3198420056419473,
14,-0.6333096242485361,
0,-2.0636107098422576,
1,-2.3648739404958734,
5,-2.3979781237596463,
6,-2.4930733568071317,
8,-2.6065776581122324,
14,-2.7979667467388163,
0,0.4892372784801239,
1,0.6925989563996735,
5,0.28065168235331694,
6,0.19410401818820022,
8,0.022641319777785107,
14,-0.18950675273988407,
