Dispersing Time (min),Electrical Conductivity (S/m)
7.785272440088285,7.482448014830667,0.21% Acetylene black
8.077726932909497,7.469452151297945,0.21% Acetylene black
13.364561783493764,7.270154428077897,0.21% Acetylene black
13.455349098557686,7.2680336646513215,0.21% Acetylene black
7.785272440088285,-5.602158336357272,0.76% Acetylene black
8.077726932909497,-5.572925722348068,0.76% Acetylene black
13.364561783493764,-5.750773429331844,0.76% Acetylene black
13.455349098557686,-5.7384481574373485,0.76% Acetylene black
