Dielectric Loss,Heat Of Crystallization (J/g)
6,-0.15915873275086767,BXZ
10,-0.9240304068264293,BXZ
15,0.7361642776007993,BXZ
1,1.3239526810633073,Poly(propylene)
15,132.43284066838746,Poly(propylene)
19,-709.271969538537,Poly(propylene)
10,0.1921851620196382,PETE
13,6.486430934919584,PETE
15,2.2569391239620566,PETE
10,2.0202107189047434,Acrylonitrile butadiene styrene
15,1.8789832761296248,Acrylonitrile butadiene styrene
17,1.8328531082080106,Acrylonitrile butadiene styrene
