pH,Particle Size (nm)
3.8817776944820714,7.072104439405122,0.12% MWCNTs
10.872578130544241,6.746916103518589,0.12% MWCNTs
14.42080368947784,6.594282455250231,0.12% MWCNTs
15.099324785779132,6.568079110727289,0.12% MWCNTs
3.8817776944820714,-1.6883538225032018,0.11% MWCNTs
10.872578130544241,-2.0065224973426043,0.11% MWCNTs
14.42080368947784,-2.0313577873675475,0.11% MWCNTs
15.099324785779132,-2.033347615464927,0.11% MWCNTs
