Aspect Ratio,Flexural Modulus (GPa)
4.94653779026258,-2.0444096781836683,Poly(acrylic acid)
7.426977172862179,-2.117370431609303,Poly(acrylic acid)
10.769374906034674,-2.1880526555308446,Poly(acrylic acid)
11.851898355507494,-2.2025880505040276,Poly(acrylic acid)
17.34565407953896,-2.224255326650796,Poly(acrylic acid)
