EV (V),Magnetic Anisotropy (J/m³)
11,0.36230288599374777,BR
14,0.34198282057443957,BR
19,0.33087843684740775,BR
11,27.973183452569796,Poly(alpha-methylstyrene)
14,32.06384410781692,Poly(alpha-methylstyrene)
19,103.4716952500939,Poly(alpha-methylstyrene)
11,-3.4309481858310584,PP
14,-7.310476864638258,PP
19,-8.196739510846216,PP
11,-4.253405399790637,P(VDF-HFP)
14,-7.359273391390334,P(VDF-HFP)
19,-4.707455918232931,P(VDF-HFP)
