Heat Capacity (J/K),Saturation Magnetization (A/m)
8.518175971064213,11.871851603083405,0.99% Graphite oxide
13.564010359690899,64.01042372750518,0.99% Graphite oxide
19.737970500595775,-450.09012006353726,0.99% Graphite oxide
8.518175971064213,6.341567625777544,0.25% Graphite oxide
13.564010359690899,7.908142455266469,0.25% Graphite oxide
19.737970500595775,20.196617822775558,0.25% Graphite oxide
