Strain,Peel Strength (N/m)
9.535384905417509,4.795544818868428,
12.475402227764148,6.885880615838903,
19.81121952464306,29.85262404865498,
9.535384905417509,5.59954687050308,
12.475402227764148,5.472989755141533,
19.81121952464306,5.342531076638478,
