Mixing Time (min),Loss Factor
3,4.295507518350528,0.32% C60
5,4.184660358638889,0.32% C60
10,4.012688316920776,0.32% C60
11,3.9962898561506477,0.32% C60
17,3.969187087668267,0.32% C60
