Coefficient Of Thermal Expansion (1/K),Crystallization Temperature (°C)
2.563471827150041,-2.1510832747427897,DGEBF
9.140581269369132,-1.3059106581049864,DGEBF
13.970056231143014,-2.689614842478126,DGEBF
15.100148647259921,-3.341513118100587,DGEBF
