Hardness (HV),Elongation At Break (%)
6,1.352058026055136,PB
8,1.2841958640998572,PB
11,1.2446348478708404,PB
15,1.218712635773978,PB
17,1.2139107843649095,PB
