Light Intensity (W/m²),Electrical Conductivity (S/m)
1,-5.01950206503219,EVA
4,-5.33938275266448,EVA
8,-6.286162197789649,EVA
17,-3.5279214945373183,EVA
1,6.839281887012483,SAN
4,6.669245410891234,SAN
8,6.506771590742559,SAN
17,6.197665755308949,SAN
1,-3.400902707438221,PMA
4,-1.684432902272337,PMA
8,1.8526978470860396,PMA
17,67.53724396257832,PMA
