Shear Rate (1/s),Zero-shear Viscosity (Pa·s)
8,-7.1748458973203775,0.79% Paraffinum liquidum
14,-7.252369890592363,0.79% Paraffinum liquidum
15,-7.257524613574655,0.79% Paraffinum liquidum
6.8287712508294245,5.882548184849042,0.25% Paraffinum liquidum
8.068597333998266,5.699905550912232,0.25% Paraffinum liquidum
10.918114229197865,5.633100795710977,0.25% Paraffinum liquidum
2.8152415489424887,1.6720278217731077,0.76% Paraffinum liquidum
13.517978033810783,-0.820500066337662,0.76% Paraffinum liquidum
15.133354900693035,13.363872624742626,0.76% Paraffinum liquidum
