Film Thickness (µm),Adhesion Strength (MPa)
1.7886095000092261,5.237115148939971,0.95% Thermal black/Polylactic acid
9.125645376897932,26.124974935183683,0.95% Thermal black/Polylactic acid
9.240159944381974,21.533672021138624,0.95% Thermal black/Polylactic acid
1.7886095000092261,7.806123463137474,0.96% Thermal black/Polylactic acid
9.125645376897932,7.219728317524255,0.96% Thermal black/Polylactic acid
9.240159944381974,7.2131164158349135,0.96% Thermal black/Polylactic acid
1.7886095000092261,-5.944084315662696,0.16% Thermal black/Polylactic acid
9.125645376897932,-3.8596970911478112,0.16% Thermal black/Polylactic acid
9.240159944381974,-2.84050105929538,0.16% Thermal black/Polylactic acid
