Drying Time (h),Crystallization Temperature (°C)
1.3882882865093604,5.6202262738462565,Ag/Cellulose acetate butyrate
1.5012329295540172,6.308347974305794,Ag/Cellulose acetate butyrate
8.036868024465644,14.197495997594133,Ag/Cellulose acetate butyrate
18.769024901095207,-66.17237896161946,Ag/Cellulose acetate butyrate
