Curing Temperature (°C),Specific Viscosity
0.8716119015227064,0.8029450613993417,PVAL
2.766327518570224,0.696169975890176,PVAL
8.623257040870612,0.47910468913558674,PVAL
15.6340042913831,0.2380206604982302,PVAL
16.531742640581996,0.2342025036691393,PVAL
