Strain,Decomposition Temperature (°C)
3.5588821862131748,-1.1915838044352782,high abrasion furnace black/PMMA
3.59492191290419,-1.1179663289144601,high abrasion furnace black/PMMA
4.446671094191082,-1.2962954769280917,high abrasion furnace black/PMMA
6.54002622546362,-1.2923909096827577,high abrasion furnace black/PMMA
