Degradation Temperature (°C),Thermal Conductivity (W/(m·K))
8.960180737689319,0.6262565099690757,
12.819325903696877,0.49929031956344033,
14.053309161608036,0.4776413061498604,
8.960180737689319,7.145608720475288,
12.819325903696877,48.48418067694877,
14.053309161608036,108.1376781581084,
