Incubation Temperature (°C),Compression Strength (MPa)
0.7077813460672511,5.659779809940367,PEO
1.2338569661623477,5.447572108946444,PEO
4.993052694859028,5.1645279518505225,PEO
