Volume Fraction (%),Zero-shear Viscosity (Pa·s)
3,6.52631861579084,Poly-trifluoroethylene
5,6.696631465177038,Poly-trifluoroethylene
7,7.902009941204442,Poly-trifluoroethylene
3,-3.7651875707042826,Nylon 8
5,-3.8796380203667638,Nylon 8
7,-4.0148378228064,Nylon 8
