Melting Temperature (°C),Heat Capacity (J/K)
1,-0.2294477939681806,0.68% SWNTs/PMMA
5,5.848424920742472,0.68% SWNTs/PMMA
7,4.2992878175543865,0.68% SWNTs/PMMA
14,100.40878909516533,0.68% SWNTs/PMMA
19,479.53878788686774,0.68% SWNTs/PMMA
