Coefficient Of Thermal Expansion (1/K),Degradation Temperature (°C)
7,3.89715745778967,
8,3.870790174222422,
17,3.779422356980163,
7,-6.558479938336363,
8,-6.07268622438035,
17,-5.312657206580322,
