Young’s Modulus (GPa),Heat Capacity (J/K)
6,-0.2529234306184401,
8,-0.313933363589299,
14,-0.3979145789632297,
6,8.238612826499642,
8,21.22543700390711,
14,111.73950878156323,
6,2.07163907126515,
8,2.003737178155078,
14,1.9178959233274258,
6,-4.955295024158153,
8,-5.024119663724355,
14,-5.094609978536232,
