Thickness (µm),Complex Modulus (Pa)
0,-4.6973522030927946,graphene oxide/PETP
1,-4.107858385168039,graphene oxide/PETP
5,0.4205377848152434,graphene oxide/PETP
8,6.476464868884209,graphene oxide/PETP
16,222.98919053890353,graphene oxide/PETP
17,271.9759382486835,graphene oxide/PETP
0,-2.454550680681532,PAN/PETP
1,-2.638164250544082,PAN/PETP
5,2.3407476917591916,PAN/PETP
8,-1.9708170802784863,PAN/PETP
16,283.1226239066268,PAN/PETP
17,250.5674826357862,PAN/PETP
