Mixing Time (min),Magnetic Susceptibility
8,-1.9004836149428634,
14,-1.9685448531301086,
16,-1.9745726674261537,
8,-1.018396252007284,
14,-1.2271065940114596,
16,-1.244126848521023,
8,-4.823239353153728,
14,-4.909136540747614,
16,-4.915901825189073,
8,9.863402978561837,
14,10.005722319639311,
16,1.980032202677286,
8,14.399792629257798,
14,106.0046903922694,
16,303.22761975673734,
