Loading Concentration (%),Particle Size (nm)
4,11.080956731041889,
7,19.378325043217654,
9,27.64194358619733,
15,47.971123051404255,
4,6.682222487923788,
7,6.542739362672653,
9,6.527344853839669,
15,6.324083480770959,
