Crystallinity (%),Saturation Magnetization (A/m)
5.221113663224008,7.23198906552148,
10.404162793790803,29.462938459210154,
11.82039511692299,17.786721153017528,
5.221113663224008,10.483541697182293,
10.404162793790803,17.696642777926293,
11.82039511692299,55.85622343147979,
