Degradation Temperature (°C),Coercivity (A/m)
2.5768004982379256,6.094092343157679,0.41% PbS/Poly(butyl acrylate)
7.321665466362857,7.811391246813573,0.41% PbS/Poly(butyl acrylate)
13.875396143457824,9.022608391150738,0.41% PbS/Poly(butyl acrylate)
15.744120572883693,0.4417472085331964,0.41% PbS/Poly(butyl acrylate)
16.21656663366685,7.272085610853435,0.41% PbS/Poly(butyl acrylate)
19.403801035868497,21.08128570412995,0.41% PbS/Poly(butyl acrylate)
19.600768197493842,6.7262910148483055,0.41% PbS/Poly(butyl acrylate)
