Melting Temperature (°C),Modulus Of Elasticity (GPa)
7,7.073924330208097,
15,66.09665327256442,
16,117.07362347763534,
