vol%,Loss Factor
11.613810530634336,36.617829135873116,
12.129692210433289,50.976586216971185,
13.135300911037998,72.87261956998093,
11.613810530634336,-3.585004228336178,
12.129692210433289,-2.4254961346449724,
13.135300911037998,-3.2717830416666938,
