Decomposition Temperature (°C),Tan Delta
9,11.451162897766123,
11,22.945161258088277,
12,54.628483559382154,
13,32.70985913472516,
18,-221.9099895478412,
19,-1058.270483966017,
9,4.701245018954874,
11,4.60084845079587,
12,4.515171764596249,
13,4.5063238059940565,
18,4.410259974032221,
19,4.394276063165171,
9,-5.758034950011954,
11,-5.794028271287647,
12,-5.805340845172621,
13,-5.814162608199179,
18,-5.829485846561421,
19,-5.830532615814138,
