Drying Time (h),Tensile Strength (MPa)
0,-4.673994672666603,"0.73% Iron (II,III) Oxide"
2,-4.672406847519527,"0.73% Iron (II,III) Oxide"
8,-5.162028827328202,"0.73% Iron (II,III) Oxide"
11,-5.213506316845902,"0.73% Iron (II,III) Oxide"
0.8417720322037825,5.152959336987254,"0.37% Iron (II,III) Oxide"
1.6869687734424765,4.968370970218742,"0.37% Iron (II,III) Oxide"
2.436693458805357,5.234925331239477,"0.37% Iron (II,III) Oxide"
7.866011851088901,4.715091095591082,"0.37% Iron (II,III) Oxide"
