Nanoparticle Volume (%),Complex Modulus (Pa)
2,-6.677917528397458,PAI
6,-6.882124329587052,PAI
7,-7.009233411873425,PAI
