Particle Density,Shear Strength (MPa)
2.892259364296783,-2.702992023922616,0.97% Single-wall carbon nanotubes/SAN24
8.268965531760205,-2.853453415067385,0.97% Single-wall carbon nanotubes/SAN24
11.33938923506811,1.066471171038959,0.97% Single-wall carbon nanotubes/SAN24
18.30053586765473,19.173709807163785,0.97% Single-wall carbon nanotubes/SAN24
19.071351429776776,-5.259662826444637,0.97% Single-wall carbon nanotubes/SAN24
