Thermal Conductivity (W/(m·K)),Conductivity (S/m)
3.5731568972155903,0.9265290404126119,BPA-Ph
5.372405181463888,1.5691993451298023,BPA-Ph
8.647295676802397,13.598723931517101,BPA-Ph
13.035183598217357,76.16071781944882,BPA-Ph
18.742951014473366,898.4111849315559,BPA-Ph
3.6865078041778165,1.4912566967233776,CNBR
5.798397108549819,2.3592818095537496,CNBR
8.529360483490771,-1.964803538748832,CNBR
17.198797064882637,-37.34765375177195,CNBR
19.038561738790662,-253.73980237000794,CNBR
