Evaporation Temperature (°C),Modulus Of Elasticity (GPa)
3,7.503862203932547,PnBA
6,7.284623982643692,PnBA
7,7.24616149739431,PnBA
16,6.962954767047646,PnBA
19,6.89220379064567,PnBA
3,7.199955193466105,PLA
6,6.912787905371225,PLA
7,6.911376009899221,PLA
16,6.604185133059352,PLA
19,6.54692670988199,PLA
