Curing Temperature (°C),Electrical Conductivity (S/m)
0.8205303497823513,-6.390804466090593,
1.5558298323419995,-6.324727834148667,
4.570208120300454,-6.458446058088003,
4.931804869787076,-6.521556131920441,
13.09935155945811,-6.813043230036742,
3.8448567626991226,4.389745857707403,
7.235441245355851,10.41791293676188,
8.032738718424913,16.128681981022,
16.94620274540952,-71.79167665310594,
17.94138023549412,268.14934224067605,
