Elongation At Break (%),Particle Size (nm)
1,0.12812007065854059,
9,8.945628051527361,
13,27.78063392820941,
1,8.827558285286525,
9,8.370360417614071,
13,8.209900091826505,
1,1.1449791161175584,
9,3.250363374585126,
13,-0.23162533421053544,
1,1.0568576911670777,
9,25.246415863083485,
13,101.31487640057827,
