Melting Temperature (°C),Shear Viscosity (Pa·s)
3,7.638316553140336,
7,9.521870410243459,
10,25.823367604398165,
15,252.68320761876402,
17,238.34718812909895,
3,-0.9756662855629132,
7,2.1717096855071034,
10,-2.4158160901809413,
15,102.31560955995967,
17,173.58132528338402,
3,-0.8830952417621525,
7,-1.1884877283452515,
10,-1.2693068827436231,
15,-1.3056558182136289,
17,-1.3095873171290382,
