Reaction Temperature (°C),Oxidation Potential (V)
3.1343612914537733,-4.2668065596060325,carbon nanofibers/BPA-Ph
4.116018330776492,-4.305762563621772,carbon nanofibers/BPA-Ph
6.225141507351378,-4.511530738487512,carbon nanofibers/BPA-Ph
10.617246904384704,-4.672768148869768,carbon nanofibers/BPA-Ph
16.098445573183866,-4.824168192040929,carbon nanofibers/BPA-Ph
