Light Intensity (W/m²),Tg (°C)
3,-0.5265634021926768,
13,104.36553350001103,
15,-75.04586983861492,
