Crystallinity (%),Specific Heat (J/(g·K))
8.190064515094548,-2.0938501123171585,0.05% CCTO ceramics
13.736671563581426,-3.564872954836786,0.05% CCTO ceramics
18.976910088958938,-13.79433235395092,0.05% CCTO ceramics
