Neutron Flux (n/cm²/s),Hysteresis Loss (J/m³)
12,2.277547576507085,Poly(2-hydroxyethyl methacrylate)
14,-0.7540483195887657,Poly(2-hydroxyethyl methacrylate)
19,-4.2118580389501545,Poly(2-hydroxyethyl methacrylate)
12,67.64076926006622,VER
14,131.89711002750684,VER
19,565.4761053320098,VER
