Ion Beam Dose (Gy),Poisson’s Ratio
3,-0.47611794281719866,
4,-0.5543915366092224,
6,-0.6986056840906558,
11,-0.8347015971138332,
3,-4.245549568967072,
4,-4.313184821998404,
6,-4.453224836099932,
11,-4.717397468975219,
