Neutron Flux (n/cm²/s),Fatigue Strength (MPa)
10,-1.328645370377867,
11,-2.1795186735470558,
12,-0.37408812201855746,
17,5.578356257379392,
