Film Thickness (µm),Heat Capacity (J/K)
8.49973498297273,3.3811886511459903,0.32% expandable graphite
10.582334973514069,3.3475016894673595,0.32% expandable graphite
14.071162960384642,3.3160335717034446,0.32% expandable graphite
14.695503327517411,3.3153747412012846,0.32% expandable graphite
