Filler Content (%),Zero-shear Viscosity (Pa·s)
0,-1.0415574680881377,
10,1.9790823272491318,
16,-3.1954974106762144,
0,-4.158456369588269,
10,-4.894392041674573,
16,-5.032354903428721,
0,-4.3780584226448935,
10,-5.322623502509999,
16,-5.367006420224256,
0,-0.7902766415912423,
10,-1.60776423558421,
16,-1.6503196290313114,
