Incubation Time (h),Zero-shear Viscosity (Pa·s)
2.518714732381444,-0.7577761662515847,S-SEBS
6.695905197078325,7.582180000576868,S-SEBS
12.749820730703995,31.18487417720354,S-SEBS
