Rotational Speed (rpm),Compression Strength (MPa)
0,-4.687257683007442,C60/S-EB-S
3,-4.66160564712719,C60/S-EB-S
4,-4.619345368865054,C60/S-EB-S
6,-4.8030223339647655,C60/S-EB-S
9,-4.961859406339821,C60/S-EB-S
