wt%,Corrosion Rate (mm/year)
0.5243257633304577,-4.864425201451605,ZnO/S-SEBS
5.65944619435262,-5.15781725545843,ZnO/S-SEBS
8.813961123409804,-4.497918979553738,ZnO/S-SEBS
11.994514969549304,-4.84754344170892,ZnO/S-SEBS
12.839953000373058,-3.643451699815718,ZnO/S-SEBS
13.825287352337734,-3.777940149445252,ZnO/S-SEBS
