filler labels,Magnetoresistance
1.5991020550027057,-4.9769319434165,MoS2/PA63T
8.883249888307569,19.15650721590793,MoS2/PA63T
10.669867916112327,3.982789427408351,MoS2/PA63T
15.217473268902657,-73.46757806630674,MoS2/PA63T
1.5991020550027057,-0.6191343057624721,silicon dioxide/PA63T
8.883249888307569,-1.2497325923968159,silicon dioxide/PA63T
10.669867916112327,-1.2656698245278222,silicon dioxide/PA63T
15.217473268902657,-1.2941102458787188,silicon dioxide/PA63T
