Pore Size (nm),Electrochemical Potential (V)
4.100509720943051,-4.776910368809764,0.05% graphite nanoplates/Poly(butylene)
13.990392044907606,-5.126093420108101,0.05% graphite nanoplates/Poly(butylene)
14.775754592467415,-5.155499215241645,0.05% graphite nanoplates/Poly(butylene)
