Dielectric Loss,Viscosity (Pa·s)
10,-4.918179921758817,PVA
11,-4.996915178740858,PVA
13,-5.086536188538268,PVA
15,-5.130843957031529,PVA
16,-5.147136924740003,PVA
17,-5.165547161556425,PVA
10,-2.1227316749010443,P(BA-a)
11,-2.137732968320009,P(BA-a)
13,-2.1505113845431536,P(BA-a)
15,-2.1628895609272845,P(BA-a)
16,-2.1658253463140027,P(BA-a)
17,-2.1682583475537056,P(BA-a)
