Aspect Ratio,Magnetic Susceptibility
10,1.5426412789298736,0.21% Cu(HO3PC6H5)2/PHFP
11,1.5323279893275283,0.21% Cu(HO3PC6H5)2/PHFP
12,1.523126289853913,0.21% Cu(HO3PC6H5)2/PHFP
16,1.5056482184432296,0.21% Cu(HO3PC6H5)2/PHFP
