Temperature (°C),Peel Strength (N/m)
4.5341260593933335,5.447547138322307,0.01% 9-anthracenemethanol/PETP
6.880477886666336,8.514167512459721,0.01% 9-anthracenemethanol/PETP
9.592735760361661,38.198614107860664,0.01% 9-anthracenemethanol/PETP
14.05232896228897,42.39495644898064,0.01% 9-anthracenemethanol/PETP
17.461206102368255,111.08734882146696,0.01% 9-anthracenemethanol/PETP
