Dispersing Time (min),Particle Size Distribution
0,8.8665001552034,
2,8.592946978974497,
7,8.311158023655773,
18,8.023479077476145,
1.8747072799657438,0.9860064566840681,
1.9583171084286488,0.5182805496010652,
10.540121801204279,1.7029287869588345,
15.193436298960663,6.1559131371151645,
