Electron Beam Dose (Gy),Coefficient Of Thermal Expansion (1/K)
1,-1.4406534486795919,SAN
3,-1.4081282961109127,SAN
16,117.49945676076011,SAN
1,-1.3151179027961715,PMA
3,-1.4088115552551326,PMA
16,-2.018508385130876,PMA
