Electron Beam Dose (Gy),Magnetic Anisotropy (J/m³)
16.681931949763403,191.04737996949115,
17.834901544988984,459.46475394146046,
17.929492199700004,-168.88821484476443,
19.718788363753944,741.3278079518993,
16.681931949763403,6.4654040016676095,
17.834901544988984,6.439523494343355,
17.929492199700004,6.43932708748438,
19.718788363753944,6.413892151903138,
