Degradation Temperature (°C),Complex Viscosity (Pa·s)
2.7646762269655256,0.9628184677334164,0.22% PAN
11.252829553001213,0.5087884762375248,0.22% PAN
13.555188303742254,0.4160418162376892,0.22% PAN
2.7646762269655256,-2.882221037575623,0.61% PAN
11.252829553001213,-3.2631537345310213,0.61% PAN
13.555188303742254,-3.323812960123429,0.61% PAN
