Frequency (Hz),Bet Surface Area
0,5.398057962519197,0.28% Ag/Poly(BA-a)
1,5.761071563204963,0.28% Ag/Poly(BA-a)
11,26.15554260426432,0.28% Ag/Poly(BA-a)
14,-11.540535457375869,0.28% Ag/Poly(BA-a)
18,183.78336389703017,0.28% Ag/Poly(BA-a)
