Crosslinking Density (mol/m³),Pore Volume (cm³/g)
2.898023716421043,3.3432761786103824,
9.386408873511067,17.01126706321252,
16.401444032409344,373.9158486236917,
2.898023716421043,0.2679845879245015,
9.386408873511067,0.043731685108781074,
16.401444032409344,-0.012209452303476725,
2.898023716421043,6.665103849095352,
9.386408873511067,2.942910749964419,
16.401444032409344,23.622659931825144,
