Incubation Time (h),Tan Delta
3,6.461092317074871,0.18% alumina
5,6.234081150203957,0.18% alumina
12,6.05727877567293,0.18% alumina
3,5.067626912395639,0.98% alumina
5,8.451909039640523,0.98% alumina
12,27.12050981675582,0.98% alumina
3,2.790416518735071,0.84% alumina
5,2.7788207345290292,0.84% alumina
12,2.451987952367654,0.84% alumina
3,8.484465372698617,0.84% alumina
5,8.5464570327966,0.84% alumina
12,8.205892420739156,0.84% alumina
