Calcination Time (h),Magnetoresistance
3.728225809810368,9.546715665344095,0.63% cellulose nanocrystal/PBI
5.422307926599428,9.903349136274835,0.63% cellulose nanocrystal/PBI
8.992646632256038,10.644751439372335,0.63% cellulose nanocrystal/PBI
9.835384493671835,10.23516114115678,0.63% cellulose nanocrystal/PBI
11.911954646299561,8.526739124996391,0.63% cellulose nanocrystal/PBI
