Heat Treatment Time (h),Magnetic Susceptibility
9.692387359171121,-7.462464061642969,0.65% Alumina/Fluoroelastomer
12.3426738708279,-7.519114529239043,0.65% Alumina/Fluoroelastomer
13.780452764968276,-7.613159930084208,0.65% Alumina/Fluoroelastomer
9.692387359171121,-0.8844295664435564,0.33% Alumina/Fluoroelastomer
12.3426738708279,-1.8391642595569477,0.33% Alumina/Fluoroelastomer
13.780452764968276,2.3626310066159366,0.33% Alumina/Fluoroelastomer
