Incubation Time (h),Tensile Strength (MPa)
0.7915603607842758,0.42361019427602953,
7.742802635309003,-0.23238532741280354,
9.526285237964043,-0.35363591525504895,
10.297112102668304,-0.31469046175685256,
12.915057552742583,-0.39763263148345585,
13.311330318448881,-0.4339054935581618,
