Crystallinity (%),Reduction Potential (V)
3.2690654231707605,-7.067578543351287,
5.74076944725163,-7.039775416436003,
10.126496691378257,-7.230802951303726,
3.2690654231707605,0.6933182041789427,
5.74076944725163,4.2147968643758285,
10.126496691378257,41.95595917299146,
