Hardness (HV),Ionic Conductivity (S/m)
6.692505334653827,-4.782358171778948,Polyetherketoneketone
7.63622042391225,-4.831394110622047,Polyetherketoneketone
10.378096256858223,-4.897339863160877,Polyetherketoneketone
14.6305568591936,-5.0125193685972675,Polyetherketoneketone
16.24968515656283,-5.053242139539153,Polyetherketoneketone
