Time (s),Polarization Resistance (Ω·m²)
0,-1.5430033719487857,0.54% TPP/EPDM
1,-1.7282879899286792,0.54% TPP/EPDM
19,-2.5706932281529804,0.54% TPP/EPDM
0,-6.445750713426501,0.01% TPP/EPDM
1,-6.5717204636101645,0.01% TPP/EPDM
19,5.078710322667698,0.01% TPP/EPDM
