Heat Treatment Time (h),Thermal Diffusivity (mm²/s)
4,-2.272126631719013,
7,-2.399775496949971,
9,-2.4462344098858066,
12,-2.486244757786042,
14,-2.500547490126191,
15,-2.50350398816103,
19,-2.511309307366256,
