Nanoparticle Mass (%),Electrochemical Potential (V)
4,-1.6782270275540871,
5,-1.780480902728174,
11,-1.941634230730732,
14,-1.9627910840756155,
17,-1.971204645356778,
3.4926964270510297,7.43998874283486,
9.094267697596322,7.110617408534573,
13.747760269112739,6.95924395141196,
17.593184681302347,6.903771586745066,
19.316826194681674,6.871994022433486,
5,5.124288494121662,
7,4.78698548884954,
12,29.288649778151093,
13,79.68886698234617,
17,564.568666739673,
