Pressure (Pa),Compressive Modulus (GPa)
2,2.4877038659971715,
5,2.771152790670668,
8,10.86743295550955,
10,38.57574668515989,
18,541.2183717855462,
19,608.1748285158577,
2,2.9917301520403075,
5,4.059378644729402,
8,5.012100256811735,
10,5.334772278793425,
18,13.222795557738316,
19,6.900972285157902,
2,5.63735882279966,
5,5.240976891340506,
8,5.110996758373038,
10,5.057753294799374,
18,4.839112067756627,
19,4.825392723158836,
