Rotational Speed (rpm),Conductivity (S/m)
2,9.041219182771234,Ba0.7Sr0.3TiO3/PBS
7,9.973167337495774,Ba0.7Sr0.3TiO3/PBS
11,9.26325879021448,Ba0.7Sr0.3TiO3/PBS
12,6.8499894619980575,Ba0.7Sr0.3TiO3/PBS
16,11.27172579574743,Ba0.7Sr0.3TiO3/PBS
