Nanoparticle Mass (%),Heat Capacity (J/K)
2.3669957361602245,-4.435748858748362,CAB
4.9286022206714435,-4.583308264387069,CAB
16.77792063989962,6.968368916199305,CAB
2.3669957361602245,-0.5854103227075571,PA 8
4.9286022206714435,2.08155068315698,PA 8
16.77792063989962,303.76410767016654,PA 8
