Storage Time (days),Elastic Modulus (GPa)
6,3.233069469833653,Poly(acrylamide)
12,108.49709855920972,Poly(acrylamide)
18,569.0597944835358,Poly(acrylamide)
6,-4.839114942593444,PBA-a
12,-5.054243777783202,PBA-a
18,-5.243811742329536,PBA-a
6,10.099396256197995,Poly(caprolactone)
12,12.827777532406198,Poly(caprolactone)
18,17.005304528036568,Poly(caprolactone)
