Synthesis Time (min),Particle Size Distribution
0.5514354418269529,-1.8483838390222878,0.46% Sepiolite
2.954378905968713,-0.8475835738449924,0.46% Sepiolite
8.091856532695465,0.28366058833057695,0.46% Sepiolite
11.044558888414674,1.3768230297864523,0.46% Sepiolite
0.43388466359352007,-0.3916209978867844,0.9% Sepiolite
8.673081291740658,1.4962787493198952,0.9% Sepiolite
15.778266447860215,271.20188166709954,0.9% Sepiolite
17.301225506587613,95.85062463109065,0.9% Sepiolite
