Hardness (HV),Passivation Current Density (A/m²)
0.9939022954022403,-2.5354073762429783,Dodecylbenzenesulfonic acid/PBS
4.937211648096995,-2.748234335097443,Dodecylbenzenesulfonic acid/PBS
8.659430624254341,-2.8582774480997184,Dodecylbenzenesulfonic acid/PBS
19.082183744193006,-3.1370941390078557,Dodecylbenzenesulfonic acid/PBS
0.9939022954022403,-4.851470980336529,Silver hexafluoroantimonate/PBS
4.937211648096995,-3.5301297694310603,Silver hexafluoroantimonate/PBS
8.659430624254341,-7.9740909688541475,Silver hexafluoroantimonate/PBS
19.082183744193006,-510.2832920380824,Silver hexafluoroantimonate/PBS
