Crystallinity (%),Tg (°C)
3,6.000201656879533,0.32% Molybdenum Disulfide
4,7.816813029754766,0.32% Molybdenum Disulfide
11,13.837258108599915,0.32% Molybdenum Disulfide
17,94.79491250986916,0.32% Molybdenum Disulfide
