Strain,Zeta Potential (mV)
8,3.9951927244711505,Nylon 6
10,4.802204674239263,Nylon 6
12,6.961274392741167,Nylon 6
8,0.5039314327710416,PBTP
10,2.131718133489167,PBTP
12,2.498768915583308,PBTP
8,20.863269332464963,Polyetherketoneketone
10,9.280976205230903,Polyetherketoneketone
12,32.6417605523027,Polyetherketoneketone
