Hardness (HV),X-ray Diffraction Intensity
2.1736171331300658,-0.33851205121732875,PHEA
8.49685670695159,1.3415497539514938,PHEA
9.803980076483743,1.9115537692014892,PHEA
2.1736171331300658,6.747094452528845,Poly(propylene)
8.49685670695159,6.335372106232034,Poly(propylene)
9.803980076483743,6.282908055507516,Poly(propylene)
2.1736171331300658,6.995036470537889,Poly(ethylene glycol)
8.49685670695159,7.593918814724962,Poly(ethylene glycol)
9.803980076483743,8.587514359631461,Poly(ethylene glycol)
