UV Exposure Time (h),Loss Factor
11.60490826043348,5.0258907433686195,0.46% Sepiolite
17.50578247370971,4.894386040269455,0.46% Sepiolite
18.50485374592929,4.8707094502227815,0.46% Sepiolite
11.60490826043348,6.271830554440698,0.18% Sepiolite
17.50578247370971,0.46068758693343437,0.18% Sepiolite
18.50485374592929,3.5654454843252226,0.18% Sepiolite
11.60490826043348,5.092866474779413,0.5% Sepiolite
17.50578247370971,5.068960721342898,0.5% Sepiolite
18.50485374592929,5.067236743309442,0.5% Sepiolite
