Softening Temperature (°C),Elongation At Break (%)
0,-1.5184885045342684,
17,-2.462271610646011,
18,-2.4865986405567906,
0,8.65668444738024,
17,-245.13381077678224,
18,598.8826836597336,
