Light Intensity (W/m²),Magnetic Anisotropy (J/m³)
0,3.7569607296115484,0.13% Bentonite clay
4,3.869788031991666,0.13% Bentonite clay
5,4.296692177688435,0.13% Bentonite clay
0,0.6666416553373335,0.79% Bentonite clay
4,-0.3947927923732044,0.79% Bentonite clay
5,-0.4172661558176003,0.79% Bentonite clay
0,0.9548542793179023,0.73% Bentonite clay
4,0.4112676181950779,0.73% Bentonite clay
5,0.3367089351816037,0.73% Bentonite clay
