Curing Time (min),Degradation Temperature (°C)
1,-2.325945886204129,PCL
2,-3.120186168336422,PCL
6,-1.5143315143449265,PCL
1,8.230745640330705,PS-I
2,8.520319970541802,PS-I
6,8.152981910613716,PS-I
1,-2.800348146906706,Poly(vinyl chloride)
2,-3.090868514811067,Poly(vinyl chloride)
6,-3.3469242195419504,Poly(vinyl chloride)
