Crystallization Temperature (°C),Thermal Conductivity (W/(m·K))
7.1842049843314815,-0.004374259888345833,
8.752614927916165,7.331541822803514,
12.918117465337257,131.21153400369266,
7.1842049843314815,8.223111758491706,
8.752614927916165,8.224168402626116,
12.918117465337257,8.044316943541254,
