vol%,Specific Viscosity
1,6.77191986831434,
8,6.148973048328921,
10,6.128742482937841,
13,6.03827256121657,
18,5.93336048977999,
1,-6.154999576508296,
8,1.3936441005436855,
10,23.97459436537557,
13,50.13444214441623,
18,31.478440742199954,
