Dielectric Constant,Magnetic Susceptibility
8,-3.3644459948095897,PVAC
15,-3.442482620235745,PVAC
16,-3.4448330972237424,PVAC
17,-3.4467995422759095,PVAC
19,-3.44953131581907,PVAC
