Hardness (HV),Viscosity (Pa·s)
4,-2.738468732611739,
14,96.45123771566548,
18,351.52867157274665,
4,8.449097073831712,
14,162.76378239536135,
18,73.21905984596542,
4,6.364288454277738,
14,39.47880642839728,
18,195.53022967610767,
4,-2.9824247651402627,
14,106.63615996432739,
18,-121.39972791550471,
4,4.103622247021651,
14,3.7321588911931673,
18,3.7231884270079827,
