Annealing Temperature (°C),Thermal Conductivity (W/(m·K))
12.49024049089201,-2.0657423211053296, Graphite/PA 12
15.732780258554717,-2.14499828715169, Graphite/PA 12
17.848815719115386,-2.1843593385702613, Graphite/PA 12
12.49024049089201,4.025377319777243,magnesium oxide/PA 12
15.732780258554717,4.010927144405238,magnesium oxide/PA 12
17.848815719115386,4.007049752576266,magnesium oxide/PA 12
