X-ray Dose (Gy),Hysteresis Loss (J/m³)
7.870891314677076,-4.34599715477051,PVC-P
13.868245877758255,-4.524075355490937,PVC-P
18.790910878502814,-4.612350871818845,PVC-P
7.870891314677076,-1.2830555309123048,Thermoplastic polyurethane
13.868245877758255,0.9208799253036277,Thermoplastic polyurethane
18.790910878502814,-0.5783531068620982,Thermoplastic polyurethane
