Heat Capacity (J/K),Oxidation Potential (V)
0.8027666507295494,5.1299447991755684,
3.783414095698079,4.724088813675677,
7.227319962608414,4.596042192024538,
12.181493540644865,4.384298453750399,
15.294809700841242,4.309755217566206,
15.524227022640037,4.3128183867476215,
