Specific Heat Capacity (J/(g·K)),Pore Volume (cm³/g)
1,0.99825440970954,
14,0.1636455540252726,
16,0.10725944744907451,
1,-4.536778907997473,
14,22.536931905392017,
16,223.1816905923656,
