wt%,Thermal Resistance (K/W)
0.5234688792339348,2.1530103688956572,poly-HEMA
5.017030804108964,1.4832488318797497,poly-HEMA
6.265098948228731,1.4087413045983899,poly-HEMA
