Neutron Flux (n/cm²/s),Elongation At Break (%)
1,-2.7915139948062464,
10,-2.7637168831758663,
12,-1.4974928753603827,
13,0.7127085765751477,
1,3.7854234794430184,
10,42.179853674567774,
12,55.04196894377316,
13,82.8730841615557,
1,-5.143321962434105,
10,-5.660391619366831,
12,-5.702159538956621,
13,-5.702314119025213,
1,-3.807382459183674,
10,9.945035802466865,
12,2.6598657469948037,
13,59.52055055452203,
