Aspect Ratio,Hysteresis Loss (J/m³)
3,10.372069657085042,PA 8
4,9.441551579156664,PA 8
6,12.273845533567865,PA 8
17,230.22644181926557,PA 8
18,468.73297907697804,PA 8
