Particle Density,Young’s Modulus (GPa)
7,4.338973912952656,
9,4.268754978253584,
11,4.247552589240129,
13,4.228627653363802,
14,4.223666088746173,
16,4.216661118506141,
