Aging Time (h),Remanence (A/m)
0,4.352845114937489,0.41% talc/PTFE
7,3.6200175273280655,0.41% talc/PTFE
9,3.5757806029361503,0.41% talc/PTFE
12,3.539047901686013,0.41% talc/PTFE
16,3.5222113507395134,0.41% talc/PTFE
17,3.520845744152375,0.41% talc/PTFE
