Nanoparticle Volume (%),Shear Strength (MPa)
11,43.907968233836584,DGEBD
12,34.78403102623443,DGEBD
17,62.38196483019708,DGEBD
7.166805571862344,4.643179194057159,poly-HEMA
7.224787896507918,10.147260162420972,poly-HEMA
13.032587982981315,54.87429688002604,poly-HEMA
