Reaction Time (h),Loss Factor
8,15.380375862088439,PVAL
10,26.908918182690314,PVAL
13,95.8721446413988,PVAL
19,-388.34533555453487,PVAL
2.4219083798486385,1.1689940604814153,PVAC
11.836281213893145,0.8559037039313037,PVAC
14.345664091634397,0.8385848906470448,PVAC
19.08244559218129,0.8289992423969651,PVAC
