Crystallization Temperature (°C),Compressive Modulus (GPa)
0.22686025135369992,2.658660713212533,0.97% silicon dioxide
8.600440739491946,11.844029972594642,0.97% silicon dioxide
9.673530360396452,23.520732471328266,0.97% silicon dioxide
16.76218983089674,156.45683025236525,0.97% silicon dioxide
0.22686025135369992,7.520494429534866,0.18% silicon dioxide
8.600440739491946,6.7889358455860815,0.18% silicon dioxide
9.673530360396452,6.534907028317528,0.18% silicon dioxide
16.76218983089674,8.87739635563382,0.18% silicon dioxide
