Dielectric Constant,Galvanic Potential (V)
2.2590242947047123,-6.256545097638592,EPDM
3.3244288953620793,-6.3675124367506815,EPDM
10.78077645234769,-6.852930456306446,EPDM
16.90905443251572,-6.967602559627058,EPDM
