Drying Temperature (°C),Tensile Modulus (GPa)
11,1.8447835284604945,0.68% C60/EPDM
18,8.71816789363037,0.68% C60/EPDM
19,1.1927691435524332,0.68% C60/EPDM
6.807261708928847,7.712534077503341,0.55% C60/EPDM
7.95838583216794,7.676489620887092,0.55% C60/EPDM
18.44811751387551,7.571286196781087,0.55% C60/EPDM
