Nanoparticle Mass (%),Magnetic Permeability (H/m)
0.48772817902669185,5.1794899680674,
4.310207221733151,4.458881292584434,
11.07441946063313,4.184622369882842,
17.045171998524246,4.1549703315870925,
0.48772817902669185,7.714518234172788,
4.310207221733151,7.360976808107823,
11.07441946063313,9.118223786999765,
17.045171998524246,15.20245570033606,
