Solvent Concentration (M),Fatigue Strength (MPa)
0,6.808057606550639,0.43% Channel black/PAI
10,5.804805412129903,0.43% Channel black/PAI
15,5.761315460423985,0.43% Channel black/PAI
0,-6.592381146306212,0.17% Channel black/PAI
10,12.817275951849725,0.17% Channel black/PAI
15,166.57659288796438,0.17% Channel black/PAI
