Incubation Temperature (°C),Peel Strength (N/m)
2,8.261615270499593,Poly(glycidyl methacrylate)
16,7.573821507868161,Poly(glycidyl methacrylate)
18,7.559784643564054,Poly(glycidyl methacrylate)
2,1.5958849234717902,TGDDM
16,177.25706476269585,TGDDM
18,645.6800523904554,TGDDM
