Decomposition Temperature (°C),Magnetic Anisotropy (J/m³)
1,-0.5269896701471448,
7,7.755486211462552,
12,59.85751262621854,
1,-3.2299648097623264,
7,-3.6927786324609895,
12,-3.8733463850493566,
1,4.422968666251631,
7,17.408058802885243,
12,72.46619278185445,
1,-3.735460276069311,
7,-4.095217092323414,
12,-4.304315806839659,
