Film Thickness (µm),Tensile Strength (MPa)
3.2016644132816086,6.847792120861286,
10.387848308479528,6.560474972209139,
15.027390393572038,6.427223354459191,
3.2016644132816086,3.1287655171574498,
10.387848308479528,6.138691112092847,
15.027390393572038,-20.754107271989305,
3.2016644132816086,7.612288655019076,
10.387848308479528,28.035753731215305,
15.027390393572038,-38.31899617913123,
