Loading Concentration (%),Melting Temperature (°C)
3.552232690520336,-0.22642164370059947,PVA/Poly(bisphenol A carbonate)
10.559210338440163,-0.5128743674217009,PVA/Poly(bisphenol A carbonate)
16.090007715806053,-0.5480275089872101,PVA/Poly(bisphenol A carbonate)
19.521446850554764,-0.5535511768221608,PVA/Poly(bisphenol A carbonate)
3.552232690520336,-0.8628229343032632,carbon black/Poly(bisphenol A carbonate)
10.559210338440163,-1.133288542134118,carbon black/Poly(bisphenol A carbonate)
16.090007715806053,-1.1690309747394017,carbon black/Poly(bisphenol A carbonate)
19.521446850554764,-1.174244873715634,carbon black/Poly(bisphenol A carbonate)
