Evaporation Temperature (°C),Compressive Modulus (GPa)
1.9797604619794806,1.0136276231999837,
6.618530715217041,4.188126295041963,
13.375477399453295,50.73808273244968,
1.9797604619794806,7.812460646904226,
6.618530715217041,7.419408258936918,
13.375477399453295,7.284942793730864,
1.9797604619794806,-6.547518264624038,
6.618530715217041,-6.966377966282363,
13.375477399453295,-7.102764918052624,
