Curing Temperature (°C),Thermal Conductivity (W/(m·K))
1.2237526585758296,-3.9755737993309808,Nylon 8
8.140747160525486,-4.3888379452148305,Nylon 8
10.841928627153907,-4.472737485777497,Nylon 8
1.2237526585758296,8.492050699345825,poly-HEMA
8.140747160525486,7.902289763529108,poly-HEMA
10.841928627153907,7.863855308804971,poly-HEMA
