Exposure Time (h),Galvanic Potential (V)
5.361398314811616,-5.830776508314311,
16.316427494699433,-6.211461000608544,
16.504401394329037,-6.2119486617094095,
17.764780386686397,-6.2207839683129995,
19.73451470376529,-6.254895779977329,
