Incubation Temperature (°C),Coercivity (A/m)
6,3.826117097547354,
7,3.794814354024151,
10,3.648634969834271,
12,3.6251170347640564,
6,-2.2213698182663912,
7,-2.2574028225990967,
10,-2.441279184166343,
12,-2.536524147567945,
6,-1.4297063696363286,
7,-1.5018920743667468,
10,-1.5632872451597488,
12,-1.5881715325668684,
6,-2.690867678330377,
7,-2.7553648147942473,
10,-1.402821008230712,
12,0.6630405525313154,
