Strain,Glass Transition Temperature (°C)
0.6335223928520795,4.993683052926814,Nylon 66
12.407773477102275,4.60770545830416,Nylon 66
14.763143574643571,4.534684209447696,Nylon 66
17.11721347879436,4.502084024185988,Nylon 66
17.35106239154337,4.496714008959364,Nylon 66
0.6335223928520795,5.339539032655137,PVOH
12.407773477102275,42.981179583744535,PVOH
14.763143574643571,112.72732998948123,PVOH
17.11721347879436,77.62008179761867,PVOH
17.35106239154337,158.09232044220818,PVOH
