Magnetic Field Strength (T),Intrinsic Viscosity (dl/g)
6.459141589536241,3.000792853142318,Synthetic fluorine mica/Nylon 6(3)T
13.986836162063073,2.7416048274521807,Synthetic fluorine mica/Nylon 6(3)T
15.098849733414259,2.7092761714911995,Synthetic fluorine mica/Nylon 6(3)T
15.398774960636983,2.7137933281749342,Synthetic fluorine mica/Nylon 6(3)T
15.415385013004016,2.7119405871324975,Synthetic fluorine mica/Nylon 6(3)T
15.548981807029838,2.6987673498012406,Synthetic fluorine mica/Nylon 6(3)T
17.347517551234105,2.6721461870785945,Synthetic fluorine mica/Nylon 6(3)T
