Thickness (µm),Thermal Diffusivity (mm²/s)
0.2575321661385188,2.9364309211001793,
3.6146725848861383,2.774687122263359,
11.581776354655487,2.404313129154744,
3,1.4231840240889133,
10,1.3573598287959943,
17,5.001262043142701,
