Filler Content (%),Magnetization (A/m)
3,1.7757635435038677,PLA
5,3.966064268568756,PLA
9,12.840750763456272,PLA
12,8.218329546056658,PLA
