Reaction Temperature (°C),Fracture Toughness (MPa·m^0.5)
11.332893919375575,1.8129601997099911,0.67% Fe2O3
14.365140962825706,1.732847683529628,0.67% Fe2O3
19.634773537402303,1.6240309777490871,0.67% Fe2O3
5.077841350322871,6.788818304247656,0.11% Fe2O3
8.251797376762287,6.463489761816939,0.11% Fe2O3
17.132636790477356,10.681538042368242,0.11% Fe2O3
4,1.853496017673172,0.12% Fe2O3
6,1.7555288171952077,0.12% Fe2O3
8,1.6776408222425438,0.12% Fe2O3
