Thermal Conductivity (W/(m·K)),Ionic Conductivity (S/m)
1.995384029560936,5.218731968706264,
9.124347520621146,4.753423880153776,
9.789498251513884,4.744862853220037,
14.279215792873632,4.605233207068128,
15.01439571994214,4.602493659249923,
