Polymer Molecular Weight (g/mol),Oxidation Potential (V)
0.6792253553237027,5.999867375319729,PbS/Poly(alpha-methylstyrene)
9.582244898933634,19.058421410850535,PbS/Poly(alpha-methylstyrene)
15.185257515392987,306.9519443560079,PbS/Poly(alpha-methylstyrene)
18.546147549370165,-434.74312339087265,PbS/Poly(alpha-methylstyrene)
