Heat Capacity (J/K),Complex Viscosity (Pa·s)
5,7.803329725786921,
10,7.6922711713355785,
17,7.483896226576114,
5,8.438249621730694,
10,37.09562163115976,
17,178.6232714935185,
5,0.7094848217743468,
10,0.5249879718120437,
17,0.4778304685395306,
5,7.648865278334414,
10,7.48266009355008,
17,7.44403419138,
