Curing Time (min),Melting Temperature (°C)
4.527845934176513,2.4813167744255176,0.12% Dodecylbenzenesulfonic acid/PBuA
6.325792181909198,2.4552582631457924,0.12% Dodecylbenzenesulfonic acid/PBuA
13.738656727954211,2.1413926573801962,0.12% Dodecylbenzenesulfonic acid/PBuA
4.527845934176513,-4.719024798691734,0.08% Dodecylbenzenesulfonic acid/PBuA
6.325792181909198,-4.732848581848722,0.08% Dodecylbenzenesulfonic acid/PBuA
13.738656727954211,-5.077288498320141,0.08% Dodecylbenzenesulfonic acid/PBuA
4.527845934176513,-2.3779028002189393,0.47% Dodecylbenzenesulfonic acid/PBuA
6.325792181909198,2.5078420567853676,0.47% Dodecylbenzenesulfonic acid/PBuA
13.738656727954211,125.81408407776622,0.47% Dodecylbenzenesulfonic acid/PBuA
