Volume Fraction,Adhesion Strength (MPa)
6,-5.904957248372031,
8,-5.991893041167445,
9,-6.012417029081309,
13,-6.058476168136714,
6,0.2981221578556592,
8,0.100933193033508,
9,0.11782135102725555,
13,0.0016282887902961396,
6,-0.5430983324873611,
8,-0.5938542151227785,
9,-0.6295932550346283,
13,-0.6754909587954938,
6,-5.877955061799919,
8,-4.261699556031861,
9,-4.558849902752267,
13,-0.2891832417240696,
