Dielectric Loss,Shear Strength (MPa)
1.1566187323922272,1.727233871096165,
7.255685947778279,1.2828794700651867,
19.682057275567143,0.9575186666454591,
