Filler Content (%),Glass Transition Temperature (°C)
3,0.11943111353214886,
13,76.04296173985624,
15,106.72105137060844,
16,-3.8863506455367265,
17,265.49394742069967,
0.7692916602401101,1.1559638089831719,
2.3738139713312867,0.8831656484749767,
6.824489954090156,0.4138072164903843,
10.740785406107685,0.3242389215839361,
14.599895502159068,0.2970390564302838,
