Specific Surface Area (m²/g),Dielectric Breakdown Strength (MV/m)
0.7490493865394088,3.9482344381721157,
2.476545822452425,4.009489378185742,
11.491728688611577,3.3614325723945875,
12.017204509533226,3.31393958940188,
14.939817041022662,3.281638475571726,
15.217992531392808,3.272970835905454,
