Particle Diameter (nm),Hysteresis Loss (J/m³)
15.44127493810494,2.871689169707767,EPDM rubber
17.718100944201804,2.832321973425058,EPDM rubber
18.595965973853446,2.8125870725023567,EPDM rubber
2.100351315218074,-2.9378539359254496,Nylon 6-6
18.138384358866414,0.7047494229596829,Nylon 6-6
18.191309878578373,3.5511531719080933,Nylon 6-6
1.0948987459080506,-3.836862417991763,PBA
9.920977077157762,-4.51622202873739,PBA
12.393513786751296,-4.566913363300627,PBA
