Specific Heat Capacity (J/(g·K)),Tan Delta
5,-1.4142002370503748,
13,0.9484968334092372,
16,0.9489185439531171,
19,3.2923522952002404,
5,2.1674243845065337,
13,71.70126419543239,
16,-121.19463640379432,
19,325.3846227098764,
5,3.8294826380129794,
13,3.6203234496954693,
16,3.607269396783858,
19,3.6025132172298098,
