Drying Temperature (°C),Heat Of Fusion (J/g)
3.360895767515273,3.2552378572476615,Thermoplastic polyurethane
3.7482973669062014,3.413685079965458,Thermoplastic polyurethane
4.1861798968006685,3.0016148467025,Thermoplastic polyurethane
5.888071310006032,3.9690105287487834,Thermoplastic polyurethane
6.287603106269581,4.120208325126371,Thermoplastic polyurethane
18.48727093886599,4.9062699039076865,Thermoplastic polyurethane
