Curing Time (min),Hardness (HV)
14,7.75111478562948,PETP
17,7.741255871689555,PETP
18,7.739899960936329,PETP
14,1.8291177649914327,CNBR
17,1.7699762822293397,CNBR
18,1.7571979469898338,CNBR
14,1.85955454616736,Sodium polyacrylate
17,1.8505393474052656,Sodium polyacrylate
18,1.8485959035872297,Sodium polyacrylate
