Melting Temperature (°C),Complex Viscosity (Pa·s)
4,-0.5432334184470435,
11,28.15013801616638,
12,30.434678873694587,
19,-208.39887861824477,
4,3.463030134974439,
11,3.1503302693428115,
12,3.140645754096619,
19,3.1171025268224626,
4,-3.987924391162732,
11,-4.232468353634287,
12,-4.245764308660938,
19,-4.270095326371884,
