Time (s),Polarization Resistance (Ω·m²)
0.2714684605792028,2.7368077794408467,0.29% zirconium dioxide/Poly(butylene)
1.1202411785565092,2.389473766776188,0.29% zirconium dioxide/Poly(butylene)
6.549888036658356,1.7965297133666263,0.29% zirconium dioxide/Poly(butylene)
17.122766527090093,1.6572211225116846,0.29% zirconium dioxide/Poly(butylene)
0.2714684605792028,4.378978062299938,0.06% zirconium dioxide/Poly(butylene)
1.1202411785565092,4.407860128407613,0.06% zirconium dioxide/Poly(butylene)
6.549888036658356,4.169156990048927,0.06% zirconium dioxide/Poly(butylene)
17.122766527090093,3.7569003148004656,0.06% zirconium dioxide/Poly(butylene)
