Solvent Concentration (M),Melting Temperature (°C)
7.256896956516741,4.42865305536392,Copper phenylphosphate/Polyimide
14.051492185167016,69.60493412794168,Copper phenylphosphate/Polyimide
15.09441235579213,26.728820948028023,Copper phenylphosphate/Polyimide
18.773361456597538,319.21503746935394,Copper phenylphosphate/Polyimide
