Incubation Time (h),Complex Viscosity (Pa·s)
0,8.93476590476795,0.83% CaCu3Ti4O12
10,23.96987747875428,0.83% CaCu3Ti4O12
12,15.687723276823743,0.83% CaCu3Ti4O12
0,-1.877744549517505,0.38% CaCu3Ti4O12
10,-2.385307317524189,0.38% CaCu3Ti4O12
12,-2.47911509244207,0.38% CaCu3Ti4O12
