Holding Time (min),Pore Size (nm)
0,-0.6254278568886031,PVDF
6,5.5208474660160345,PVDF
8,5.184176545260493,PVDF
11,16.941141673256183,PVDF
16,57.300805834817254,PVDF
0.34024135234538955,6.431771848269801,PMS
1.249952763740918,5.978029519272701,PMS
4.000245575169094,5.773672583802613,PMS
13.077196497851109,5.485440497236766,PMS
17.738815013226052,5.468550782389594,PMS
