Young’s Modulus (GPa),Magnetic Susceptibility
0.4225065447819376,8.950121927511233,0.89% alumina
4.799070111227504,8.17804724478524,0.89% alumina
9.341406681089605,7.98205612099341,0.89% alumina
