Film Thickness (µm),Electric Field Strength (V/m)
1.9580779236789914,7.435870490991321,PVOH
5.576932402090707,7.531955649084255,PVOH
9.917952270137695,10.93864835316656,PVOH
11.781442061301014,8.79277996454504,PVOH
16.784482791572593,13.70915492091397,PVOH
