Time (s),Impact Strength (kJ/m²)
3,6.9760750384604595,Polyetherketoneketone
7,6.482748000488917,Polyetherketoneketone
13,6.271239836588062,Polyetherketoneketone
14,6.2573593483906,Polyetherketoneketone
16,6.2221819342187565,Polyetherketoneketone
3.729179093391557,2.7139666702607874,silicone
4.297465471236277,3.2621704910588796,silicone
15.938231539884418,8.290255513141922,silicone
17.9821987183707,5.362632387004897,silicone
18.747161600770234,9.710760772933575,silicone
