Incubation Temperature (°C),Polarization Resistance (Ω·m²)
1,4.366285006124052,Fe2O3/PAN
3,5.440473965864807,Fe2O3/PAN
4,8.393378889445344,Fe2O3/PAN
5,6.396403564201428,Fe2O3/PAN
10,19.94084776307121,Fe2O3/PAN
1,7.117373447288994,silver hexafluoroantimonate/PAN
3,6.733651991978318,silver hexafluoroantimonate/PAN
4,6.589906901916075,silver hexafluoroantimonate/PAN
5,6.53307794072522,silver hexafluoroantimonate/PAN
10,6.378585930215134,silver hexafluoroantimonate/PAN
