UV Exposure Time (h),Saturation Magnetization (A/m)
6,4.200674431604864,PA 11
16,9.232850060049444,PA 11
18,9.36933376873844,PA 11
19,15.850519639945947,PA 11
6,0.6693517074378788,PMMA-PtBA
16,9.228906007163417,PMMA-PtBA
18,4.991217226246159,PMMA-PtBA
19,7.473513024415793,PMMA-PtBA
6,5.116299540046604,Polybutadiene
16,4.976131910633573,Polybutadiene
18,4.972147232555927,Polybutadiene
19,4.970895646112371,Polybutadiene
