wt%,X-ray Diffraction Intensity
1,7.805191073617946,PRX
12,4.553091726259778,PRX
16,48.850399493965604,PRX
3.0087891242438447,4.022198218441039,PMMA
5.999984378541614,3.7385601413366136,PMMA
7.882643254403718,3.640387968505118,PMMA
