filler labels,Ionic Conductivity (S/m)
3,2.500163289165863,EPDM rubber
6,3.3900666613048855,EPDM rubber
12,3.746913813887753,EPDM rubber
3,0.2600565787137077,PEVA
6,0.6825558153567601,PEVA
12,3.6269300607868535,PEVA
3,-5.0996276894183215,Poly(caprolactone)
6,-4.350294672151875,Poly(caprolactone)
12,-2.7644108418552307,Poly(caprolactone)
3,6.015563820632947,PBD
6,5.606629806746329,PBD
12,5.453076812577901,PBD
