Curing Temperature (°C),Flexural Modulus (GPa)
7.736456781329437,22.277385283099463,PLA
8.183308888389313,16.031222097851867,PLA
9.525247911190451,27.668773731284368,PLA
9.529904240151627,6.890404452478357,PLA
14.999204620099611,64.41237287414492,PLA
16.966326020366477,-70.20988221150718,PLA
