Solvent Concentration (M),Magnetic Susceptibility
2.2687564226058043,-1.0443295670990689,0.21% SWCNTs
7.019823955160129,5.734972762113996,0.21% SWCNTs
9.35352382691103,24.163356752342246,0.21% SWCNTs
9.4494034173293,14.820669160632905,0.21% SWCNTs
