Curing Time (min),Elongation At Break (%)
1,-2.538690505862994,
7,-3.0479487084559893,
10,-3.146890780302546,
1,6.776469418912183,
7,19.5154715194534,
10,11.92030815559087,
1,-2.8661849189709008,
7,-2.308999126693976,
10,-0.34653798049489737,
