pH,Reduction Potential (V)
7,-5.858561761400625,
9,-3.8506926531625076,
12,-5.431603277649684,
7,2.150997341734024,
9,2.621656512283212,
12,2.495405685028773,
7,3.0072127505125503,
9,2.9470165148144947,
12,2.799367847151568,
7,7.633613472396913,
9,10.198342163678085,
12,6.078114204156737,
7,0.07211376918852141,
9,-0.5869516620352051,
12,0.8440167396501361,
