Thermal Diffusivity (mm²/s),Magnetoresistance
6,2.754188305524139,sPP
15,2.3443513615985525,sPP
16,2.317764183446922,sPP
18,2.290353703900776,sPP
6,-6.916719165873197,Poly(ethylene terephthalate)
15,-7.044041252587607,Poly(ethylene terephthalate)
16,-7.046540844891542,Poly(ethylene terephthalate)
18,-7.050335051368309,Poly(ethylene terephthalate)
6,0.7867069428827664,PGMA
15,0.6233124806206172,PGMA
16,0.6218064359733816,PGMA
18,0.617557453194128,PGMA
