Melting Temperature (°C),X-ray Diffraction Intensity
1,-5.341958890153216,
3,-5.033559668892251,
6,1.311062202738695,
14,47.64894012979324,
1.0278561564776467,0.8377154787029364,
5.710114322352522,0.5729493264174673,
6.230261670896724,0.5607614576658796,
6.446157587860362,0.5138553404165273,
