Volume Fraction (%),Specific Viscosity
0,0.3121026679166212,
6,6.7346699809285875,
9,8.11108408518983,
12,6.704065242019311,
0,2.8830420759289868,
6,2.187358076793093,
9,2.0898477219439555,
12,2.0545492312059253,
0,6.9043922809334095,
6,6.395465093331056,
9,6.248888676015807,
12,6.128935969282125,
0,3.815102880793059,
6,5.457489467230258,
9,5.873947943130586,
12,4.209542472634556,
