Light Intensity (W/m²),Glass Transition Temperature (°C)
0,4.065747521207321,P(BA-a)
8,3.1765054206360754,P(BA-a)
11,3.116604900629014,P(BA-a)
12,3.108794804712661,P(BA-a)
1.5976669679302646,1.9985645922570539,PS-I
3.177064936773455,2.8378049805009242,PS-I
5.660510228103539,3.067105852375889,PS-I
11.210047656804122,4.4379363154854214,PS-I
9,0.02645923570145728,PU
10,0.010450107789282001,PU
11,-0.00505844644513298,PU
19,-0.0385642146284024,PU
