filler labels,Crystallinity (%)
1,-1.9796245744456544,
6,-2.3348852638454978,
8,-2.319775380035051,
16,-2.5786472268804546,
