Aging Temperature (°C),Thermal Conductivity (W/(m·K))
14,7.433797449862276,
17,7.424353191964825,
18,7.422984001253245,
