Strain,Loss Factor
2.896057043027631,2.573979740492723,0.42% SWCNT/PA 11
3.8627287523248954,3.387301303887708,0.42% SWCNT/PA 11
10.758337083050058,26.763239069319297,0.42% SWCNT/PA 11
15.232540117128115,109.39519888201447,0.42% SWCNT/PA 11
