Polymer Molecular Weight (g/mol),Electrical Resistivity (Ω·m)
3.6186573592802285,-2.111365045667445,0.03% titania/PEVA
16.233776690453546,122.2614019501285,0.03% titania/PEVA
17.720684131991707,117.73556883846197,0.03% titania/PEVA
