Nanoparticle Mass (%),Impact Strength (kJ/m²)
0,0.924074337733911,
9,0.3719771801785527,
12,0.24578863700426518,
14,0.2170864116484218,
