Elongation At Break (%),Poisson’s Ratio
7,8.124098628989849,
8,8.06307545987276,
13,7.992396088678317,
7,-4.181100786206783,
8,5.790646400981537,
13,63.541382903250835,
7,-3.344790656688756,
8,-3.3710302009014903,
13,-3.4348108753798647,
