Rotational Speed (rpm),Poisson’s Ratio
4.503141896847385,2.8391499909985782,
10.285425829355916,2.682534782892258,
11.535672566754933,2.6548643578757365,
12.011349314458066,2.6178250574753115,
13.14833892234941,2.5927141104041933,
4.503141896847385,2.6434577660685212,
10.285425829355916,18.993524017416277,
11.535672566754933,4.4556359726786425,
12.011349314458066,47.30533399084717,
13.14833892234941,9.76691476381734,
