Loading Concentration (%),Melting Temperature (°C)
2.034683646586586,-5.524933812009189,
15.186910433022014,-6.918228464710984,
19.829349913847548,-0.9093199169460622,
