Magnetic Field Strength (T),Glass Transition Temperature (°C)
2,-0.4902126263340214,0.6% SiO2
4,0.20665050440798916,0.6% SiO2
5,0.545875714912377,0.6% SiO2
6,0.690199131554516,0.6% SiO2
11,1.375486287556562,0.6% SiO2
