Decomposition Temperature (°C),Tensile Modulus (GPa)
2.978784860552195,8.964009598198684,silver/Acrylonitrile butadiene styrene
3.2473799775077783,9.431352050250505,silver/Acrylonitrile butadiene styrene
3.595298859229301,9.497443939846253,silver/Acrylonitrile butadiene styrene
6.194606626684349,10.6668316624885,silver/Acrylonitrile butadiene styrene
2.978784860552195,-1.6507340305342728,Graphene/Acrylonitrile butadiene styrene
3.2473799775077783,-2.104050764099335,Graphene/Acrylonitrile butadiene styrene
3.595298859229301,-1.884992175276908,Graphene/Acrylonitrile butadiene styrene
6.194606626684349,-0.13235761948482105,Graphene/Acrylonitrile butadiene styrene
