X-ray Dose (Gy),Pore Size (nm)
6,5.2492981541625285,
13,5.087319041004603,
18,5.070022692619507,
