Electric Field (V/m),Electronic Conductivity (S/m)
9,-5.028074206322963,0.37% Carbon black
10,-5.031176072757241,0.37% Carbon black
14,-5.07587040013311,0.37% Carbon black
9,-5.448379025584975,0.85% Carbon black
10,-5.557532680437083,0.85% Carbon black
14,-5.629462245409867,0.85% Carbon black
