Pore Volume (cm³/g),Pore Size (nm)
3,3.5933737033259643,0.34% SWCNTs/P(BA-a)
9,3.313517600855948,0.34% SWCNTs/P(BA-a)
19,9.066238960141018,0.34% SWCNTs/P(BA-a)
3,5.3942083011574065,0.18% SWCNTs/P(BA-a)
9,5.047394613145407,0.18% SWCNTs/P(BA-a)
19,4.985820203661787,0.18% SWCNTs/P(BA-a)
