Volume Fraction,Heat Of Fusion (J/g)
1,4.88841938091108,
3,5.03555843078825,
12,4.34194541526396,
12.536742153707237,5.660824479014208,
15.444083801684357,10.787054838782556,
19.846822444845227,6.2942162210904335,
1,-0.0893993418973621,
4,-0.49123757527736445,
17,-0.7825854760511326,
2.9271192806765356,2.8019358878740332,
8.667267523157001,2.4554643116089645,
19.767493359918507,2.1118722459331165,
