Solvent Concentration (M),Degradation Temperature (°C)
4.684039923880132,-2.4854193164968126,
5.788522813966708,-2.5247405141922616,
17.992042294415217,-1.0335547731153434,
4.684039923880132,0.8727826170421853,
5.788522813966708,-0.01770490062799812,
17.992042294415217,6.2295514400760625,
4.684039923880132,-3.666876830472924,
5.788522813966708,-3.7081683808398216,
17.992042294415217,-3.8722107167072717,
