Heat Treatment Time (h),Elongation At Break (%)
1.0547460228967331,-4.858659710330376,
4.530567306104705,-5.303478805318425,
10.279165848111383,-5.403894354868394,
14.952429298490335,-5.526367138327368,
16.282986173081923,-5.55882969089359,
1.0547460228967331,5.532995513070113,
4.530567306104705,5.107530190773972,
10.279165848111383,4.969257869181666,
14.952429298490335,4.844131359442139,
16.282986173081923,4.824243166250048,
