Thermal Diffusivity (mm²/s),Surface Area (m²/g)
0,1.4033274691635227,E-SBR
10,1.8041683196739646,E-SBR
12,6.099761427764829,E-SBR
15,4.550846666245808,E-SBR
16,1.6463415078613703,E-SBR
18,12.118627534978765,E-SBR
0,-0.3949602746026839,BXZ
10,31.011177872238257,BXZ
12,64.63369643916887,BXZ
15,165.55057582262083,BXZ
16,236.5782061104327,BXZ
18,494.2626249012563,BXZ
