Thermal Diffusivity (mm²/s),Viscosity (Pa·s)
4,3.5223809747695096,SAF/PBTP
8,2.419931375476513,SAF/PBTP
11,4.748877547011451,SAF/PBTP
16,4.372813038916844,SAF/PBTP
