X-ray Dose (Gy),Magnetic Permeability (H/m)
1,8.823058682372915,0.01% GO
5,9.804856049368984,0.01% GO
6,12.609687890307843,0.01% GO
15,86.31223656991874,0.01% GO
19,154.81236161993667,0.01% GO
