Strain,Zero-shear Viscosity (Pa·s)
2,-3.4197568506718063,
3,-3.6200944946953157,
5,-3.8761322679408274,
7,-4.004871282819882,
2,-0.22113034423955935,
3,0.09215407764857897,
5,0.7869976864015218,
7,-0.42053011519647,
2,-0.5952427910471468,
3,-0.9116228055235465,
5,-1.0335636423197114,
7,-1.0495366626759304,
2,5.557236285589335,
3,6.033188502118857,
5,5.2800774747791825,
7,5.905069921501305,
