Evaporation Temperature (°C),Particle Size Distribution
5.974755920070287,10.635776999599429,Graphene oxide/DGEBF Epoxy Resin
15.42460548354498,11.402370418533312,Graphene oxide/DGEBF Epoxy Resin
16.529913254401112,176.63041511106675,Graphene oxide/DGEBF Epoxy Resin
19.707043731600866,173.97970521937134,Graphene oxide/DGEBF Epoxy Resin
5.974755920070287,10.570499413554565,Multi-wall carbon nanotubes/DGEBF Epoxy Resin
15.42460548354498,-10.688025717644535,Multi-wall carbon nanotubes/DGEBF Epoxy Resin
16.529913254401112,185.72755890409107,Multi-wall carbon nanotubes/DGEBF Epoxy Resin
19.707043731600866,758.4962332202405,Multi-wall carbon nanotubes/DGEBF Epoxy Resin
