Solvent Concentration (M),Magnetic Permeability (H/m)
2.9065955872295612,-4.652209965013218,
7.943995598102484,-7.952705902661455,
16.42796592801426,261.3436194452472,
2.9065955872295612,-1.7874203917655938,
7.943995598102484,-2.0817903958854083,
16.42796592801426,-2.379639952049746,
