Dielectric Loss,Melting Temperature (°C)
3,-4.925032974027207,
7,-5.124437578266599,
9,-5.172510688322219,
12,-5.208314864979316,
