Time (s),Saturation Magnetization (A/m)
2.94788490631829,-0.6567385744030383,0.05% C60
4.149743131352148,-0.22994970679978377,0.05% C60
8.49159768704749,1.423693237875137,0.05% C60
9.735272770822828,1.7132993128903604,0.05% C60
2.94788490631829,7.9217815542578816,0.66% C60
4.149743131352148,7.963244227701834,0.66% C60
8.49159768704749,9.388918690137134,0.66% C60
9.735272770822828,11.693044934849183,0.66% C60
