Heat Treatment Temperature (°C),Corrosion Rate (mm/year)
2,-5.209858134179024,
7,-5.551379623631263,
18,-5.9272179226004695,
2,1.701969788934925,
7,1.4386204583030362,
18,1.3216990611215407,
2,-5.3242522912551165,
7,-5.514671746512857,
18,-5.842855934111029,
2,-3.9201453551951677,
7,-4.516181997190332,
18,-4.641838829139364,
2,4.387011430185555,
7,6.094536958055376,
18,27.43245198158535,
