Particle Density,X-ray Diffraction Intensity
1.1289283541131878,-2.5947371275558297,
6.49157282452804,7.581318679505943,
9.094317292879047,8.202104026983516,
9.203168739482914,1.4495811776887564,
18.937926837710577,7.536290438503867,
4.046982557741452,5.3719145818848615,
4.196510947067937,5.319334244757393,
8.48934404378501,5.180980687472669,
13.10674706208349,5.125485591720204,
16.970695092998028,5.111153209861128,
