Nanoparticle Mass (%),Tan Delta
1.9828596390286912,5.594544997756094,PS-I
8.51740823673632,5.114026472861092,PS-I
10.607306959375313,5.058572351873629,PS-I
15.02301903847271,4.97552248408266,PS-I
18.96161086602754,4.873216116860325,PS-I
1.9828596390286912,-3.0161295467423264,PEG
8.51740823673632,-2.712874194161982,PEG
10.607306959375313,-0.907652805677408,PEG
15.02301903847271,-5.969776566164486,PEG
18.96161086602754,-10.89999875346588,PEG
