Drying Time (h),Conductivity (S/m)
3.79902255172728,-1.5375911174884431,Colloidal silica/UPR
6.61841254034373,-1.576977222553726,Colloidal silica/UPR
7.815369535192643,-1.965481139388829,Colloidal silica/UPR
