Volume Fraction (%),Shear Viscosity (Pa·s)
10,2.111037143269547,
12,2.0850296402627495,
19,2.0604902354045556,
