Holding Time (min),Bond Strength (MPa)
2,6.78295556448355,0.55% Ba0.7Sr0.3TiO3/P4VP
3,7.037234420684509,0.55% Ba0.7Sr0.3TiO3/P4VP
5,8.152510217518149,0.55% Ba0.7Sr0.3TiO3/P4VP
10,13.119942956642081,0.55% Ba0.7Sr0.3TiO3/P4VP
14,10.297846340471855,0.55% Ba0.7Sr0.3TiO3/P4VP
16,7.063102697413948,0.55% Ba0.7Sr0.3TiO3/P4VP
