Crystallinity (%),Pore Volume (cm³/g)
6,-0.0046498696939838435,Poly(caprolactone)
7,-0.06239837544578743,Poly(caprolactone)
13,-0.1655841352204476,Poly(caprolactone)
16,-0.1778686984827251,Poly(caprolactone)
17,-0.1799380670880541,Poly(caprolactone)
