Young’s Modulus (GPa),Impact Strength (kJ/m²)
2,9.179840849882545,
7,12.169645025043724,
13,69.15163954131324,
15,231.77834642930782,
19,341.36250089003437,
2,-3.0010899238618043,
7,-3.3851605722911953,
13,-3.555566540391824,
15,-3.6109202701431595,
19,-3.684296983380077,
2,-3.1157302620504543,
7,-3.4788121975482236,
13,-3.579989773520326,
15,-3.5898865341075634,
19,-3.597320984540988,
