Strain,Loss Modulus (Pa)
6,-0.42210713074325223,0.19% CuPP/PB
7,1.3917101262752531,0.19% CuPP/PB
12,19.401657304752497,0.19% CuPP/PB
6,0.13738836533301457,0.11% CuPP/PB
7,0.08848831982860617,0.11% CuPP/PB
12,-0.09526648224797218,0.11% CuPP/PB
6,4.147954367290416,0.85% CuPP/PB
7,5.333407606774683,0.85% CuPP/PB
12,45.74758593089414,0.85% CuPP/PB
