UV Exposure Time (h),Specific Viscosity
9.702367723424793,5.866393110450916,0.26% GO/Poly(propylene)
10.424692967467433,5.853618374273496,0.26% GO/Poly(propylene)
18.810566417982642,5.814190396108386,0.26% GO/Poly(propylene)
9.702367723424793,0.8409914175917876,0.66% GO/Poly(propylene)
10.424692967467433,0.8021292783120616,0.66% GO/Poly(propylene)
18.810566417982642,0.544675038705043,0.66% GO/Poly(propylene)
