Aging Temperature (°C),Dynamic Viscosity (Pa·s)
7,7.4477971192844405,0.38% Fe2O3
8,7.408434136626365,0.38% Fe2O3
13,7.346858887058997,0.38% Fe2O3
15,7.338156002903873,0.38% Fe2O3
7,6.043938091098577,0.03% Fe2O3
8,6.0045048748706735,0.03% Fe2O3
13,5.941109309515626,0.03% Fe2O3
15,5.931961867879952,0.03% Fe2O3
7,1.281947423249529,0.74% Fe2O3
8,1.2506323393092398,0.74% Fe2O3
13,1.1776892801156196,0.74% Fe2O3
15,1.1684948963449602,0.74% Fe2O3
