Frequency (Hz),Compressive Modulus (GPa)
3.1395731576770958,3.1899478588050805,MgO/poly-HEMA
5.792243557669112,2.9150949070830903,MgO/poly-HEMA
7.002060591548038,3.345798763785381,MgO/poly-HEMA
9.003037530361118,3.754178964509024,MgO/poly-HEMA
16.825208628113376,4.540877820638249,MgO/poly-HEMA
