Reaction Time (h),Heat Of Fusion (J/g)
0,7.911966735539323,
2,7.832831253012314,
9,9.323729795368987,
13,6.582249910837143,
14,10.731616957379535,
1,-2.2300326846156926,
3,-2.606797460530957,
8,-2.9119873616450835,
10,-2.9596373973428642,
13,-2.987070994311342,
1.8010765728394351,5.043144015953043,
3.2371939090463075,4.642976565140277,
3.77852568072504,5.219759746973338,
4.305384285641729,6.8649684378229265,
16.217189384911958,228.06592102612964,
