wt%,Shear Modulus (GPa)
4.692546986149826,7.393663634791046,TGPAP
10.653469950108041,7.1746451264680315,TGPAP
10.961785199727993,7.169751970022201,TGPAP
4.692546986149826,8.738373335157286,PVP
10.653469950108041,10.069295649510586,PVP
10.961785199727993,12.072980025461181,PVP
4.692546986149826,5.5772868528503725,Polyrotaxane
10.653469950108041,5.323016174444978,Polyrotaxane
10.961785199727993,5.306356197886526,Polyrotaxane
