Storage Time (days),Complex Viscosity (Pa·s)
7,-4.444764736528299,0.12% polyaniline
12,-1.6900281105635013,0.12% polyaniline
13,-0.6398912330034259,0.12% polyaniline
18,15.53364403708737,0.12% polyaniline
