Thickness (µm),Conductivity (S/m)
4,1.2665597282502783,0.4% single-walled CNTs
14,0.9482121031852667,0.4% single-walled CNTs
19,0.9369235329858089,0.4% single-walled CNTs
4,-1.4350014066076122,0.99% single-walled CNTs
14,2.017378456677032,0.99% single-walled CNTs
19,10.072072343880242,0.99% single-walled CNTs
