Reaction Time (h),Compressive Modulus (GPa)
0,8.814686524799532,
3,11.974137206925697,
5,14.14653531787232,
8,7.8172780622572375,
10,15.91268432960436,
12,60.615527739846726,
0,5.022553554890413,
3,4.5841535891389755,
5,4.473910211751861,
8,4.331590940716467,
10,4.2906138716543945,
12,4.262268824365197,
0,-6.312100697227545,
3,-6.819105705260722,
5,-6.989531673970716,
8,-7.171459258656214,
10,-7.203025082763525,
12,-7.219844234651291,
