Crystallinity (%),Electrical Conductivity (S/m)
5.196414577940289,-1.682156975635026,
8.311827105477887,-0.3000353942397176,
11.074134826248434,-3.822209552503613,
12.920382533071761,1.5787991699857198,
13.044870758907335,-0.5219277409555181,
16.270175821379073,5.958384772454863,
18.391618231209616,-16.496924429130452,
