Crystallinity (%),Viscosity (Pa·s)
7,0.8199012278793107,
9,3.8769623727559654,
11,34.59999253045345,
1.4229632007753046,2.342603285211678,
15.913278986779,5.613481387333038,
17.43662739765782,4.098651669293134,
14.173193295272597,0.8592255465633722,
16.570039189702218,0.8515515026258029,
18.08023652873228,0.8489680248292576,
5,7.366297871464239,
8,7.2807840788925,
9,7.1842901538218635,
2,-1.190888725262825,
6,-0.44855637552133976,
10,1.1434910833376408,
