Stress (Pa),Crystallization Temperature (°C)
2.728422018660075,-5.509211970322051,FeO/P(VDF-TrFE-CTFE)
7.623683192081801,-5.548267832008828,FeO/P(VDF-TrFE-CTFE)
16.28361258255919,-5.818377131486937,FeO/P(VDF-TrFE-CTFE)
