Incubation Time (h),Electrical Resistivity (Ω·m)
4.256608935188215,-3.914032918431353,
10.677848666848039,-6.911683402717846,
18.246543303982765,0.5558782352322886,
4.256608935188215,-2.69084129170937,
10.677848666848039,-2.9321763390112388,
18.246543303982765,-2.9674004711813144,
