Electric Field (V/m),Hardness (HV)
0,-4.789790730029559,
4,-5.37944246035645,
10,-5.638124435409158,
0,2.566945529198314,
4,5.812694765686652,
10,22.89375979407393,
0,6.41013476840443,
4,6.146812674903818,
10,5.951144972031796,
0,1.1664199778609468,
4,0.28653958486807823,
10,0.028768082105803172,
0,0.8512306194511295,
4,0.4261370027334839,
10,0.16670895177747705,
