Calcination Time (h),Impact Strength (kJ/m²)
2.833553512150393,-6.490301637268008,P(VDF-CTFE)
8.191182645652917,-4.598536275760608,P(VDF-CTFE)
18.5068275323563,10.809135965865133,P(VDF-CTFE)
2.833553512150393,-4.151059149337459,DGEBD
8.191182645652917,-4.313830211639905,DGEBD
18.5068275323563,-4.648962977361314,DGEBD
2.833553512150393,-6.8655681694859,Poly(BA-a)
8.191182645652917,-7.193791500781646,Poly(BA-a)
18.5068275323563,-7.460613372965187,Poly(BA-a)
