Evaporation Temperature (°C),Electrochemical Potential (V)
10.420219242237359,6.880634605955004,
11.135908600889085,8.107700924273395,
11.734585712441412,6.047292658905637,
16.459389941289015,3.9137539881047676,
10.420219242237359,-2.9118718840565005,
11.135908600889085,4.3473821531108925,
11.734585712441412,1.471499472690022,
16.459389941289015,3.7083881621350177,
