Heat Treatment Temperature (°C),Tan Delta
1,-4.187437707381816,Nylon 6
4,-4.147925714774733,Nylon 6
10,-3.374160827662741,Nylon 6
3.6875744357577966,5.055755803061098,Polybutylene succinate
7.421042114606564,4.754708923281341,Polybutylene succinate
9.397774249466364,4.774380163560884,Polybutylene succinate
