Electric Field (V/m),Flexural Modulus (GPa)
5.014987974005836,11.905085786368144,0.78% Graphene
11.61296330982318,47.04855179695631,0.78% Graphene
15.37079284251133,70.2865743294849,0.78% Graphene
