Pressure (Pa),Heat Capacity (J/K)
7.541602682525445,15.170129190313933,DGEBF Epoxy Resin
7.9709695476648434,13.454255991111848,DGEBF Epoxy Resin
17.294988213530253,-53.08114677585594,DGEBF Epoxy Resin
7.541602682525445,8.005722105211124,BR
7.9709695476648434,18.43212109747899,BR
17.294988213530253,537.2365765770197,BR
