Filler Content (%),Hardness (HV)
4,4.427840064187352,
5,4.145570417782846,
17,3.8563107754439563,
4,-2.9499478272997237,
5,-3.0442037884013233,
17,-3.2366612294775483,
4,1.5298510414484179,
5,2.16777326091776,
17,-1.3475308883455916,
4,1.3727573040124716,
5,1.3632762128405163,
17,0.8972688881227393,
