Nanoparticle Volume (%),Degradation Temperature (°C)
0.02022812033054766,4.815493518887802,
0.7753086918354479,4.818720465864547,
5.998778999371428,7.8474742097660695,
12.350033802115911,31.169182453027823,
12.997830709161741,52.91118321141847,
0.02022812033054766,-6.715207704949246,
0.7753086918354479,-7.136448409402478,
5.998778999371428,-7.6620574551188465,
12.350033802115911,-7.8102667765164,
12.997830709161741,-7.8160510134525785,
