Light Intensity (W/m²),Compression Strength (MPa)
0,-3.9904560762173316,PANa
2,-3.9538449586935096,PANa
4,-4.169013910903464,PANa
6,-4.13468767174466,PANa
0,-0.8007973896621274,BECy
2,0.502064503399851,BECy
4,1.5252026131610577,BECy
6,5.116382513864707,BECy
