Reaction Time (h),Bulk Modulus (GPa)
3.459528738021076,6.809937795123928,Thermal black/PBA-a
11.65064443825764,6.281474391472353,Thermal black/PBA-a
17.241588707707976,6.128565809025384,Thermal black/PBA-a
