Crosslinking Density (mol/m³),X-ray Diffraction Intensity
4.130474498550436,2.028399532355307,PAI
8.146938208882728,2.1168820427084176,PAI
15.422862260120143,1.654581974705382,PAI
16.60165975227464,-2.3589860405299463,PAI
