X-ray Dose (Gy),Heat Capacity (J/K)
12.076810639986473,-14.053662390554338,0.64% Fe3O4
13.950927654668616,82.26074427662176,0.64% Fe3O4
15.61534750867491,178.84328531474503,0.64% Fe3O4
15.711857069747605,27.156799000467835,0.64% Fe3O4
