Curing Time (min),Particle Size Distribution
3.0809151115595457,3.642622063600986,
4.755317875510232,3.502218707314513,
11.54521763604085,3.305371516125738,
3.0809151115595457,1.8553959271543192,
4.755317875510232,3.3606638049285307,
11.54521763604085,79.50400355117343,
3.0809151115595457,2.8399206429771757,
4.755317875510232,2.562573291862845,
11.54521763604085,2.3700403402814905,
