Aging Time (h),Adhesion Strength (MPa)
0,-4.722340278187098,DGEBF
1,-4.813975925158054,DGEBF
4,-5.476079036352055,DGEBF
13,-5.799182283905833,DGEBF
