Exposure Time (h),Electric Field Strength (V/m)
2.702416616790655,3.3823392906530874,
10.524206100226607,3.2175497741242336,
17.225531380343412,2.5066373743906123,
2.702416616790655,2.7194564231267884,
10.524206100226607,2.1954812051665002,
17.225531380343412,2.1580127740968464,
