Electron Beam Dose (Gy),Kinematic Viscosity (mm²/s)
1,7.929746401819688,0.49% Barium Titanate
2,7.445827248429583,0.49% Barium Titanate
3,7.306452548244823,0.49% Barium Titanate
6,7.282469596325814,0.49% Barium Titanate
11,7.010339739533382,0.49% Barium Titanate
12,6.976688039615906,0.49% Barium Titanate
16,6.904221331618103,0.49% Barium Titanate
