Decomposition Temperature (°C),Thermal Conductivity (W/(m·K))
4.235196150874816,-2.995765491144722,PS-I
8.387827233811127,-1.8878691887705483,PS-I
10.714522739164305,-0.407168664642354,PS-I
4.235196150874816,3.0999382292376936,Unsaturated polyester resin
8.387827233811127,2.896832515401634,Unsaturated polyester resin
10.714522739164305,2.804967862052495,Unsaturated polyester resin
