Electric Field (V/m),Loss Modulus (Pa)
1,-0.8710637360553851,0.24% MMT/DGEBF
7,0.07298396370266125,0.24% MMT/DGEBF
8,-0.10398973256386634,0.24% MMT/DGEBF
15,-1.8228074285339249,0.24% MMT/DGEBF
1,4.305570952954964,0.81% MMT/DGEBF
7,9.342973249197147,0.81% MMT/DGEBF
8,13.268033154139099,0.81% MMT/DGEBF
15,241.48323343149826,0.81% MMT/DGEBF
1,4.7640425309479735,0.06% MMT/DGEBF
7,4.309438321154657,0.06% MMT/DGEBF
8,4.231353444681673,0.06% MMT/DGEBF
15,4.018208437758299,0.06% MMT/DGEBF
