X-ray Dose (Gy),Fracture Toughness (MPa·m^0.5)
0,1.6068088473030495,
7,9.145840411135838,
8,11.807460671851276,
12,25.806926738993774,
0,-5.815190148082378,
7,-5.43822846646917,
8,-6.336646654551168,
12,-0.5233324147825238,
