Dielectric Loss,Compressive Modulus (GPa)
5.248746939532336,5.263108525673572,0.97% Channel black/PAA
6.049643929819359,5.1995732841458215,0.97% Channel black/PAA
9.582780630298583,5.017966185818988,0.97% Channel black/PAA
9.921922796930161,5.0791744344557905,0.97% Channel black/PAA
18.89446701471921,4.839738303500236,0.97% Channel black/PAA
