Decomposition Temperature (°C),Intrinsic Viscosity (dl/g)
2.7449756802500436,0.020632689509808344,0.6% alumina/PEVA
3.045351606471336,-0.6116890897095719,0.6% alumina/PEVA
4.391943644539886,-1.2316051514236408,0.6% alumina/PEVA
13.613375693802842,-3.7239810914379037,0.6% alumina/PEVA
2.7449756802500436,-5.28064760166493,0.88% alumina/PEVA
3.045351606471336,-5.427624694217305,0.88% alumina/PEVA
4.391943644539886,-5.1382095454006285,0.88% alumina/PEVA
13.613375693802842,1.6287794359811123,0.88% alumina/PEVA
