Filler Content (%),Intrinsic Viscosity (dl/g)
1,7.925921939963598,
4,8.465836065531217,
9,11.120614678644156,
10,10.27164704077496,
1,4.896697301197156,
4,4.475298627733672,
9,4.352687141966817,
10,4.283957418026706,
