Reaction Time (h),Complex Modulus (Pa)
2.3508815440223807,5.679150057432605,MWNTs/PVA
4.431429524220569,4.690305167622208,MWNTs/PVA
4.503174943283328,6.249942150768022,MWNTs/PVA
16.018801509275274,4.886551243554795,MWNTs/PVA
2.3508815440223807,2.5822272703928584,graphite (as received)/PVA
4.431429524220569,3.880427291476765,graphite (as received)/PVA
4.503174943283328,2.5994984820911493,graphite (as received)/PVA
16.018801509275274,1.6126222570910498,graphite (as received)/PVA
