Drying Time (h),Galvanic Potential (V)
2,2.346926788248483,0.55% silver
6,2.006579200296312,0.55% silver
18,1.850302443687632,0.55% silver
2,3.0865953456300357,0.88% silver
6,2.8597825773374654,0.88% silver
18,2.5379130090192192,0.88% silver
