Loading Concentration (%),Magnetoresistance
9.725730777860049,40.86967881637979,
13.077325806568991,35.43043267230841,
17.380649060323613,68.12917545477723,
4.834399177686148,-6.426317466889235,
8.486744523247573,5.817552379310937,
11.207759321490709,9.569120711964441,
7.476864809136828,8.62048537553287,
8.54377381832471,9.28713128747189,
15.006325363574577,5.486930799597688,
