Filler Content (%),Zeta Potential (mV)
2,0.13489522081499894,
14,-0.39704845451689624,
15,-0.4009099960592988,
18,-0.40703711610864746,
2,6.276700108529823,
14,83.06567908878701,
15,99.15782733893519,
18,128.96469714285723,
