Light Intensity (W/m²),Shear Viscosity (Pa·s)
8,-0.342981758401455,DGEBD Epoxy Resin
9,-0.3681364143195501,DGEBD Epoxy Resin
14,-0.4188118843164175,DGEBD Epoxy Resin
17,-0.42813043579308935,DGEBD Epoxy Resin
8,-2.4257977964605137,PMS
9,-2.451862360916283,PMS
14,-2.499100473673185,PMS
17,-2.508524211771426,PMS
8,7.357675812204362,PVA
9,7.343648336667489,PVA
14,7.293385169610507,PVA
17,7.285917802472479,PVA
