Reaction Temperature (°C),Polarization Resistance (Ω·m²)
6.355699106646293,1.1346045820366641,0.84% Gold
8.739722980654264,4.13229713295846,0.84% Gold
12.540717699606336,32.86324406518216,0.84% Gold
6.355699106646293,-0.5444228889823509,0.03% Gold
8.739722980654264,-0.5291372211825112,0.03% Gold
12.540717699606336,-0.6460986000515827,0.03% Gold
6.355699106646293,-4.9735665025684614,0.35% Gold
8.739722980654264,-4.958030120452447,0.35% Gold
12.540717699606336,-5.092476782310057,0.35% Gold
