Strain,Tg (°C)
4,2.0974566610033047,
15,116.71322000478389,
17,126.14277656995846,
5,9.678528126842552,
7,9.314867575181808,
10,12.75202194937257,
9,15.919623439442736,
14,65.87950067299299,
16,264.0192122361538,
