Frequency (Hz),Decomposition Temperature (°C)
3.9224635630810623,-4.226448460174092,BXZ
7.156940752136065,3.5521576388033083,BXZ
15.447627316473941,185.35539392962366,BXZ
17.93596746265523,-183.42126037878552,BXZ
3.9224635630810623,5.138121170132802,Nylon 12
7.156940752136065,5.441975504954623,Nylon 12
15.447627316473941,4.568116186173677,Nylon 12
17.93596746265523,15.192285599773383,Nylon 12
