Softening Temperature (°C),Adhesion Strength (MPa)
6.4543453812178075,-1.61497185883634,Copper(II) phenyl phosphate/PDMS
6.784764338190574,-1.560184338568936,Copper(II) phenyl phosphate/PDMS
9.207541355898307,-1.7224502915455338,Copper(II) phenyl phosphate/PDMS
10.196391841335021,-1.7459228729768417,Copper(II) phenyl phosphate/PDMS
12.333794698138856,-1.808382405945614,Copper(II) phenyl phosphate/PDMS
14.265634677554646,-1.8818650154312877,Copper(II) phenyl phosphate/PDMS
