Heat Treatment Temperature (°C),Coefficient Of Thermal Expansion (1/K)
0,-3.6241082193894485,
6,-4.273697451499996,
8,-4.355316811459628,
9,-4.381597993843606,
0,8.352403897519045,
9,20.93660713472832,
11,14.80244309462337,
17,12.39239185657258,
4,4.7865740074863385,
6,5.619968256268231,
13,82.35192702701264,
18,436.8552630142781,
0,9.049796575049536,
1,8.597630415167208,
6,7.83457320381068,
19,7.669850582523411,
