Aging Time (h),Degradation Temperature (°C)
6,-6.299180918481747,SAN
7,-6.233910422583888,SAN
8,-6.225761345819739,SAN
12,-6.4126362625867745,SAN
17,-6.568763024259569,SAN
18,-6.580516741988157,SAN
