Holding Time (min),Galvanic Potential (V)
5.109038293412653,-5.712473296121108,0.09% Cloisite
10.11757519186552,-5.469248435251153,0.09% Cloisite
12.4503568100833,-4.060332524137458,0.09% Cloisite
17.282122934970992,-8.995460907324833,0.09% Cloisite
