Aspect Ratio,Dynamic Viscosity (Pa·s)
8.108002373077014,-5.290241899924675,0.78% TiNTs/EPDM
15.467306620677185,-5.360178636623044,0.78% TiNTs/EPDM
16.589708656832542,-5.363157026742739,0.78% TiNTs/EPDM
17.53961541612683,-5.364901188514101,0.78% TiNTs/EPDM
17.907308784357237,-5.365260809950048,0.78% TiNTs/EPDM
