Rotational Speed (rpm),Permittivity
7,2.610544001871249,Poly(bisphenol A carbonate)
9,3.4686884947760226,Poly(bisphenol A carbonate)
15,5.149753372635121,Poly(bisphenol A carbonate)
7,11.330746211736383,TGPAP
9,16.67417754462179,TGPAP
15,83.46538824971921,TGPAP
7,11.940812026076017,PBA
9,21.236715093668913,PBA
15,158.46074243488914,PBA
