Heat Treatment Temperature (°C),Tensile Strength (MPa)
3,1.006953918829974,Silver/Poly(ethylene glycol)
15,0.6220759913202464,Silver/Poly(ethylene glycol)
16,0.6190823188572209,Silver/Poly(ethylene glycol)
1.049312773453801,1.0643329825384886,Talcum/Poly(ethylene glycol)
1.9121957936577805,1.0561833360671697,Talcum/Poly(ethylene glycol)
17.857909387642273,12.869624355196253,Talcum/Poly(ethylene glycol)
9.016869176355765,-4.809518630625309,Reduced graphene oxide/Poly(ethylene glycol)
15.427368878452082,-1.0383839889246786,Reduced graphene oxide/Poly(ethylene glycol)
18.156027479392456,-0.8092291722749856,Reduced graphene oxide/Poly(ethylene glycol)
