Temperature (°C),Electrochemical Potential (V)
0,-4.089978108118121,
4,-4.4558066968796615,
13,-4.8978561525852955,
0,7.908095173758856,
4,8.43804085000576,
13,8.625317107963202,
0,6.844484354816851,
4,9.383345731317764,
13,36.36000712865281,
