Electric Field (V/m),Peel Strength (N/m)
0.7115802232854618,-2.7543918179304834,Buckminsterfullerene/Nylon 12
12.533169283813299,59.358791545316976,Buckminsterfullerene/Nylon 12
17.24226997220716,-53.709975399422405,Buckminsterfullerene/Nylon 12
