Electric Field (V/m),Thermal Stability (°C)
2,6.456932493028284,Polybutylene succinate
6,5.863360758939001,Polybutylene succinate
19,5.717150949274103,Polybutylene succinate
2,-4.826324994813948,Nylon 6-6
6,-5.413573129815718,Nylon 6-6
19,-5.588134805292017,Nylon 6-6
2,7.767674478936019,CAB
6,7.34650715070281,CAB
19,7.202812863344147,CAB
