Neutron Flux (n/cm²/s),Elastic Modulus (GPa)
3.757532692582748,-1.2745477647717562,0.33% graphite (as received)
10.859820007738852,-3.076628308532566,0.33% graphite (as received)
17.58816948592303,397.3159237021854,0.33% graphite (as received)
0.31060954235514915,8.271365431612185,0.72% graphite (as received)
4.3991152058377025,7.710194630564719,0.72% graphite (as received)
8.16017240630023,7.496205280258361,0.72% graphite (as received)
