Neutron Flux (n/cm²/s),Elongation At Break (%)
0.7856470233000223,-6.120560990543331,0.49% SiC powder
11.467218865482167,-6.892851286873587,0.49% SiC powder
19.201670590559672,-6.915518482069031,0.49% SiC powder
