Strain,Magnetoresistance
1,-3.386348717671506,
7,-1.371792881888811,
9,-2.085742290372463,
10,-3.1561107821906127,
1,-5.022412971827695,
7,-2.9224689423577224,
9,-5.1704235134243515,
10,-5.527443226977102,
1,4.561367290649828,
7,5.942871584537247,
9,6.69243266659366,
10,4.051359126145589,
1,-0.3429132220484977,
7,0.08456220709352946,
9,0.40494726241793444,
10,1.1423864780947355,
