Incubation Time (h),Glass Transition Temperature (°C)
6,-5.182078166392748,PMS
10,-5.4037770498153295,PMS
13,-5.483208213586799,PMS
