Incubation Time (h),Galvanic Potential (V)
1.3562805841968206,-4.8431392777340445,0.04% carbon nanofibers/PB-1
1.7228264282521288,-5.387148055324788,0.04% carbon nanofibers/PB-1
10.265112663229992,-3.5863026709289776,0.04% carbon nanofibers/PB-1
18.972636425217072,-3.0894032026327274,0.04% carbon nanofibers/PB-1
