Magnetic Field Strength (T),Crystallinity (%)
1.8098780895594624,7.319940850970026,PBA-a
7.425367124457816,18.976384109449555,PBA-a
15.318163780527858,133.60016697173018,PBA-a
18.113475643765206,461.6351633016432,PBA-a
19.965692641089838,-999.9618385463116,PBA-a
1.8098780895594624,6.18270627466389,PAA
7.425367124457816,3.0705198015538357,PAA
15.318163780527858,166.95146887681787,PAA
18.113475643765206,226.01183879647127,PAA
19.965692641089838,-86.27556460627137,PAA
