Heat Treatment Time (h),Toughness (MJ/m³)
9.067028753819478,4.889236935210139,poly-HEMA
11.184277411871557,-5.203894260730319,poly-HEMA
11.768537016953415,13.671551749974142,poly-HEMA
9.067028753819478,-2.3919187557115844,Poly(ethylene glycol)
11.184277411871557,0.7734034336627555,Poly(ethylene glycol)
11.768537016953415,-1.4344728475966222,Poly(ethylene glycol)
