Decomposition Temperature (°C),Loss Modulus (Pa)
2,-1.0253542439836356,P(VDF-HFP)
5,-1.4684133349263622,P(VDF-HFP)
7,-1.5525198671519338,P(VDF-HFP)
15,-1.6593054228834307,P(VDF-HFP)
