Aspect Ratio,Tensile Modulus (GPa)
2,4.395548975106427,
7,3.8560560449950914,
16,3.545488592918228,
19,3.499708258562871,
