Filler Content (%),Young’s Modulus (GPa)
1,1.205147060054534,
4,0.7269809932114142,
8,0.5862318788264395,
11,0.530492359729222,
12,0.5243076038353415,
13,0.5157777981551601,
