Particle Diameter (nm),Passivation Current Density (A/m²)
13.530879192286715,27.525172415253138,
14.456179217212902,4.108175578189419,
15.762431527589051,187.72885144326114,
15.942460116979307,57.208800787454884,
18.831095477159245,8.087680941863995,
13.530879192286715,-34.65878826716538,
14.456179217212902,89.91981787509783,
15.762431527589051,59.712407565454974,
15.942460116979307,-12.801769217303395,
18.831095477159245,660.9543018757035,
