Reaction Time (h),Shear Modulus (GPa)
7,19.655970967753966,
9,17.181782233375465,
11,46.68629904835932,
13,2.971209091858393,
7,-5.3540579420799945,
9,-5.465154435605372,
11,-5.477661772200323,
13,-5.580889010599748,
7,-6.445004410786154,
9,-6.512902595349002,
11,-6.592049134133601,
13,-6.679485644677333,
