Drying Time (h),Shear Viscosity (Pa·s)
7.8348341661038905,-0.32676065656258646,
8.599000913720351,-0.3926905787126147,
14.1628894789444,-0.5875729371360334,
7.8348341661038905,8.035855541651362,
8.599000913720351,11.044109727781334,
14.1628894789444,-38.17660752196913,
7.8348341661038905,-6.27066128804218,
8.599000913720351,-6.341723352086765,
14.1628894789444,-6.4778517191305705,
