Curing Temperature (°C),Electric Field Strength (V/m)
0.9364344579658379,-2.0323519600220283,
3.198018477862641,-2.1686150743406936,
6.041421389264656,-1.132091801672913,
11.474902136232094,1.052301062649959,
13.543539147672934,1.4031239213222104,
15.842334841982561,2.3247936472562776,
