Decomposition Temperature (°C),Electrical Resistivity (Ω·m)
5,-4.3797608024315045,
11,-4.392805164626188,
15,1.9640674762168153,
