Tensile Strength (MPa),Ionic Conductivity (S/m)
10.704229775619293,5.944225928028647,
12.565945129139863,3.4282524062706834,
14.436639270071383,9.718577910192153,
10.704229775619293,-7.648398647556106,
12.565945129139863,-7.635455829963391,
14.436639270071383,-7.7154993708092965,
10.704229775619293,-1.013611260973975,
12.565945129139863,-1.6501284848573303,
14.436639270071383,8.046292688832565,
