Curing Time (min),Magnetization (A/m)
1.4362003486754094,8.977978101189878,0.56% Molybdenum Disulfide/CAB
13.028483586350436,11.562190862782522,0.56% Molybdenum Disulfide/CAB
17.747935677989847,10.36988588350196,0.56% Molybdenum Disulfide/CAB
18.94242860299844,5.451195497145869,0.56% Molybdenum Disulfide/CAB
19.122215723573493,21.155362792305805,0.56% Molybdenum Disulfide/CAB
