Strain,Crystallinity (%)
5.291533055022319,-6.412481789464097,0.97% 9-anthracenemethanol/CAB
6.524530164956994,-4.95343638020445,0.97% 9-anthracenemethanol/CAB
9.339364404815457,-2.394893306956501,0.97% 9-anthracenemethanol/CAB
