Evaporation Temperature (°C),Pore Size (nm)
0,4.854168808188244,0.55% barium strontium titanate
2,5.1313634882048245,0.55% barium strontium titanate
14,2.3243084288496076,0.55% barium strontium titanate
17,10.189622401416658,0.55% barium strontium titanate
9.440374868859738,5.46296689055226,0.39% barium strontium titanate
14.28973854160391,5.415449318204864,0.39% barium strontium titanate
14.720040392278769,5.413571106928524,0.39% barium strontium titanate
15.394568890662711,5.41208114307474,0.39% barium strontium titanate
