Young’s Modulus (GPa),Tensile Strength (MPa)
0,5.543197599578545,0.49% Graphite
1,6.129263933451057,0.49% Graphite
4,8.779633814831897,0.49% Graphite
0,-4.349732100556612,0.35% Graphite
1,-4.44178165559323,0.35% Graphite
4,-4.813740013529603,0.35% Graphite
