Heat Treatment Temperature (°C),Zero-shear Viscosity (Pa·s)
4.649822440870544,3.5574688295144337,0.47% silica
11.917578797831025,3.1589887218587576,0.47% silica
12.469244928008234,3.1354009766567565,0.47% silica
18.506952240819686,3.011700693876815,0.47% silica
