wt% (%),Passivation Current Density (A/m²)
1,0.44555725539064506,
3,1.7116675307454354,
5,3.0930249661842124,
15,278.11528813824714,
17,81.78008031737141,
18,-213.28960226753645,
1,-0.07259580337966853,
3,-0.11380765861326081,
5,-0.41256262693271295,
15,-0.7608274327522473,
17,-0.7863864539605556,
18,-0.7922855485853236,
1,-2.8944220847123474,
3,-3.2419072434531753,
5,-3.340758391919917,
15,-3.731076496156229,
17,-3.7824688997253504,
18,-3.7937255259875884,
