Nanoparticle Volume (%),Melting Temperature (°C)
2,5.302931599044463,PEG
3,5.492591388939426,PEG
4,5.341078507994929,PEG
7,5.729633909296725,PEG
13,8.718932190333962,PEG
