Decomposition Temperature (°C),Zeta Potential (mV)
0.5308242031850563,2.282361262032834,0.59% Carbon black
11.66667310733521,1.4654278382811876,0.59% Carbon black
15.009983513503125,1.4467895746199853,0.59% Carbon black
0.5308242031850563,1.7999586277839756,0.92% Carbon black
11.66667310733521,3.82725039660209,0.92% Carbon black
15.009983513503125,0.2667307231445326,0.92% Carbon black
