Evaporation Temperature (°C),Specific Heat (J/(g·K))
0,7.650328530290961,
4,9.599360096333758,
12,38.396973800365366,
16,147.62423720112085,
0,3.2763195671968512,
4,4.582297714454144,
12,-11.02196256203751,
16,155.36001631814094,
0,2.5276215591440754,
4,6.440797264029657,
12,61.953530857433535,
16,335.4105049027281,
0,-4.195160956446119,
4,-4.645547905352349,
12,-4.809210900457693,
16,-4.907331216136852,
