Mixing Time (min),Fracture Toughness (MPa·m^0.5)
11,-3.902481327148437,PA 6T
13,-3.9871736822959774,PA 6T
18,-4.091258373049783,PA 6T
11,3.948715761532137,PVC-P
13,1.4956675267982007,PVC-P
18,5.113700236190638,PVC-P
11,3.2792058469800724,Poly(bisphenol A carbonate)
13,3.1908473439541174,Poly(bisphenol A carbonate)
18,3.0989580823800353,Poly(bisphenol A carbonate)
11,1.3821600680278605,Poly(ethylene)
13,-0.19288977063380264,Poly(ethylene)
18,1.2349035403126294,Poly(ethylene)
