Nanoparticle Mass (%),Thermal Diffusivity (mm²/s)
2,8.290915250949125,XNBR
6,17.687762001520724,XNBR
10,9.709850995348466,XNBR
12,39.536487679695114,XNBR
15,55.754716896437316,XNBR
19,-182.56221205754798,XNBR
