Thermal Conductivity (W/(m·K)),Magnetization (A/m)
1,-6.8010728942238785,
3,-6.172370615274093,
4,-4.578313972033337,
12,29.553774155703422,
17,97.49979444875888,
1,-1.2104789566264353,
3,-1.6705482487936838,
4,-1.6508395870836616,
12,-2.0793128013978497,
17,-2.1896619857805244,
1,-2.959566397157662,
3,-3.0471274607386603,
4,-3.328749194190526,
12,-3.584787707176635,
17,-3.728660820149023,
