Synthesis Temperature (°C),Magnetic Anisotropy (J/m³)
7,-3.3590233279981585,Nylon 6
9,-3.5165981500314203,Nylon 6
13,-3.6859116967227115,Nylon 6
7,-5.432909833080422,PAI
9,-5.48617113076382,PAI
13,-5.529999411040783,PAI
