Particle Density,Thermal Resistance (K/W)
4,2.806471303767429,
6,2.6461412211089828,
10,2.569482958809664,
11,2.5607105176822724,
19,2.5253885399031404,
4,-0.3213244246243736,
6,-0.24120680521656568,
10,-0.48477671614313633,
11,-0.5018789105479683,
19,-0.6740152730060742,
