vol%,Saturation Magnetization (A/m)
0,4.732467203412996,CNBR
2,4.963810080682208,CNBR
7,5.24926062956145,CNBR
11,6.137706311744581,CNBR
14,10.139441591220073,CNBR
16,12.453616398289249,CNBR
19,6.7747787764610745,CNBR
