Young’s Modulus (GPa),Bond Strength (MPa)
7.667666029195599,-0.8438957105550599,CaCO3/Poly(vinyl pyrrolidone)
9.179890795161619,-0.9046025262503878,CaCO3/Poly(vinyl pyrrolidone)
10.749553340661533,-0.9241385732369521,CaCO3/Poly(vinyl pyrrolidone)
16.64589270740167,-0.9541742723694813,CaCO3/Poly(vinyl pyrrolidone)
17.54796732524461,-0.9556772925932315,CaCO3/Poly(vinyl pyrrolidone)
