Mechanical Strength (MPa),Intrinsic Viscosity (dl/g)
3.9582937144343355,0.7198037386577729,
14.36983098280325,83.92096252447546,
14.403391685954485,171.50145306460624,
17.979919862907188,439.55085898982696,
