Dielectric Constant,Polarization Resistance (Ω·m²)
7.592513215869124,5.824909553101307,Poly(glycidyl methacrylate)
11.572792613602443,-0.930961500973428,Poly(glycidyl methacrylate)
17.87613965367447,-315.9850713945975,Poly(glycidyl methacrylate)
7.592513215869124,5.940471770669812,Poly(2-vinyl pyridine)
11.572792613602443,8.20122208263974,Poly(2-vinyl pyridine)
17.87613965367447,20.392316276919026,Poly(2-vinyl pyridine)
