Light Intensity (W/m²),Polarization Resistance (Ω·m²)
1.1740527906157472,4.811667646974239,XNBR
1.21077791958774,4.463259008322009,XNBR
4.024636211685388,4.45132388003293,XNBR
16.115830837607398,4.111950390759197,XNBR
18.114083031085933,4.108076052424031,XNBR
