Particle Size (nm),Peel Strength (N/m)
1,-3.347866118238604,
2,-3.453590174477562,
4,-3.767915795317654,
9,-3.984040345674411,
12,-4.022896862020685,
14,-4.036046086006266,
1,-2.698449707694456,
2,-2.6607404386146256,
4,-2.9999353626905836,
9,-3.1958547574099114,
12,-3.2375589443694404,
14,-3.2509510283976932,
1,5.059196916784639,
2,4.700257839548298,
4,4.453601201637936,
9,4.343848552302182,
12,4.2977822005655,
14,4.284122205803457,
