Gamma Radiation Dose (Gy),Pore Volume (cm³/g)
1.4138719132545252,-0.6787195506020968,0.6% graphene nanoribbon
3.482540799940861,-1.0127279883984892,0.6% graphene nanoribbon
4.123706685808086,-0.8475474289874526,0.6% graphene nanoribbon
