Magnetic Field Strength (T),Melting Temperature (°C)
9,2.7618371429955086,
13,2.6106563255933803,
15,2.578496346293605,
9,10.76520937833648,
13,20.735777843077546,
15,30.498738682515583,
9,6.099734380570952,
13,6.174084360115787,
15,5.559679084458062,
