Particle Size (nm),Decomposition Temperature (°C)
9.526984907767378,2.7921837858249856,Nylon 6
14.424703454434892,4.613648147526082,Nylon 6
15.686925103320677,1.4676482551651953,Nylon 6
9.526984907767378,6.1148589154261,PP
14.424703454434892,5.960523212349764,PP
15.686925103320677,5.921248180861831,PP
