Pore Size (nm),Ionic Conductivity (S/m)
2,-6.444762478502705,0.44% CaCO3/VER
6,-5.1270875238328335,0.44% CaCO3/VER
18,-3.3898539467806916,0.44% CaCO3/VER
