Thickness (µm),Shear Viscosity (Pa·s)
2,6.2074988198340595,0.73% multi-walled CNT/PTFE
3,6.898264286671678,0.73% multi-walled CNT/PTFE
6,11.370965349086767,0.73% multi-walled CNT/PTFE
12,40.56603778262404,0.73% multi-walled CNT/PTFE
2,-1.248401806766267,0.0% multi-walled CNT/PTFE
3,-0.957222843479334,0.0% multi-walled CNT/PTFE
6,-0.30869247150531853,0.0% multi-walled CNT/PTFE
12,0.7026391519021828,0.0% multi-walled CNT/PTFE
