Coefficient Of Thermal Expansion (1/K),Conductivity (S/m)
4.863165945213723,9.519149809665347,0.44% Bentonite clay
5.756641255329001,12.664956268485252,0.44% Bentonite clay
7.110374158531707,17.881153551804104,0.44% Bentonite clay
8.625145053258251,17.70836443407559,0.44% Bentonite clay
4.863165945213723,7.447165461778985,0.27% Bentonite clay
5.756641255329001,7.3881695902222555,0.27% Bentonite clay
7.110374158531707,7.375820915943125,0.27% Bentonite clay
8.625145053258251,7.3215029568453005,0.27% Bentonite clay
