Loading Concentration (%),Heat Of Crystallization (J/g)
7,-2.827745819163686,PA 6T
11,-2.929909323200877,PA 6T
13,-2.949890951674051,PA 6T
7,1.026248630735596,Unsaturated polyester resin
11,0.8513561727419491,Unsaturated polyester resin
13,0.7847667562824429,Unsaturated polyester resin
7,-2.0004499655106622,Poly(caprolactone)
11,0.508402069532448,Poly(caprolactone)
13,0.03670208153116006,Poly(caprolactone)
