Drying Temperature (°C),Elongation At Break (%)
1,0.5812012094996675,FeO/IMPP
2,1.4872444097759914,FeO/IMPP
6,4.195427702030081,FeO/IMPP
14,37.01195138882676,FeO/IMPP
17,-182.35750010193502,FeO/IMPP
1,-4.213826195171872,Carbon black/IMPP
2,-4.037784253232134,Carbon black/IMPP
6,-3.133581396475056,Carbon black/IMPP
14,-0.13064009112254915,Carbon black/IMPP
17,2.4045621805123876,Carbon black/IMPP
