Thermal Conductivity (W/(m·K)),Magnetic Susceptibility
5.72638444052862,-0.48231899961155933,
7.577912157898847,-0.5435261614116396,
9.263470725710087,-0.5710208347198783,
14.123775780673862,-0.6181183026724228,
15.105110359894475,-0.6213624304055694,
2.2593673043566476,-3.327645830983578,
7.467664292391724,-3.75588416913238,
10.696461317014665,-3.8267883690421893,
12.106159163355198,-3.83837648542505,
13.133575914793434,-3.845710495855812,
