filler labels,Charge Transfer Resistance (Ω·m²)
13,3.040956017854595,PVAc
16,3.027666147851045,PVAc
18,3.024464825832994,PVAc
13,75.72679319898356,PBD
16,156.74647925785746,PBD
18,552.7132225369697,PBD
13,67.20885599820724,PTrFE
16,224.0984135005536,PTrFE
18,74.56621316709823,PTrFE
13,0.7791611066260011,Silicone rubber
16,0.7694866494800714,Silicone rubber
18,0.7653287225238131,Silicone rubber
