Particle Density,Passivation Current Density (A/m²)
0,-1.0356117463618868,
1,-0.43157669246963626,
2,0.3294817986585956,
6,-0.5322218530468055,
11,31.31905495428439,
18,241.87019262532448,
