Ion Beam Dose (Gy),Magnetic Permeability (H/m)
0,1.3378498566365264,0.93% SWCNT
3,1.3820711926029654,0.93% SWCNT
7,0.9139277404839656,0.93% SWCNT
0,-4.556019865072216,0.57% SWCNT
3,-4.366484793312528,0.57% SWCNT
7,-1.1932908200368608,0.57% SWCNT
0,-5.828777333248757,0.68% SWCNT
3,-5.822249397925123,0.68% SWCNT
7,-5.48356704361627,0.68% SWCNT
0,-0.7658882938442024,0.05% SWCNT
3,-0.8640507598948963,0.05% SWCNT
7,-1.2105660692926827,0.05% SWCNT
