Synthesis Time (min),Hysteresis Loss (J/m³)
4.529226519626793,12.58580901250889,
7.093408302415945,8.912053175285438,
13.919043709618293,56.210415367323435,
19.370391798256833,145.6351137327403,
