Nanoparticle Volume (%),Magnetic Anisotropy (J/m³)
1,-3.597942256729868,PA 6(3)T
5,-3.246491120640978,PA 6(3)T
18,4.252599790661122,PA 6(3)T
1,6.228357077621678,Poly(butylene)
5,5.790501511627034,Poly(butylene)
18,5.565339192454639,Poly(butylene)
1,-6.489354612079171,Poly(vinylidene fluoride)
5,-6.278637813012958,Poly(vinylidene fluoride)
18,4.623829403707701,Poly(vinylidene fluoride)
1,6.448353275147564,BXZ
5,5.87743682344006,BXZ
18,13.28227247790283,BXZ
