Particle Size (nm),Magnetic Susceptibility
0,-0.8461660750614586,PAI
6,1.116839127731549,PAI
18,447.77596028776355,PAI
2,-5.451476599626021,PUR
12,-5.84680733511147,PUR
17,-5.956986903847844,PUR
0,-1.5767177019568333,PETE
10,-2.619468290507049,PETE
11,-2.6331604337556076,PETE
