Heat Treatment Time (h),Complex Modulus (Pa)
7.729240964611581,-5.364596324684563,0.53% PbS
11.70902762882005,-5.418848216760752,0.53% PbS
13.217612991613848,-5.430759821246939,0.53% PbS
