Curing Time (min),Heat Of Crystallization (J/g)
3.902829591857846,-5.607447063374043,PBTP
4.002218597045967,-5.550045464933484,PBTP
14.016748367964464,-5.843134516325131,PBTP
16.777289000430628,-5.852099406477246,PBTP
17.872598711081828,-5.853741268717266,PBTP
18.41883233745535,-5.854378534185939,PBTP
