Elongation At Break (%),Polarization Resistance (Ω·m²)
13.972884307984172,6.73508057621639,0.09% 9-Anthracenemethanol
18.14197256372188,5.268169092073818,0.09% 9-Anthracenemethanol
19.040033629947693,8.495698923322296,0.09% 9-Anthracenemethanol
19.35765716570816,10.99803965951714,0.09% 9-Anthracenemethanol
