Pressure (Pa),Tg (°C)
0,2.746047059769075,E-SBR
3,2.49146681868022,E-SBR
10,2.0408760813114895,E-SBR
11,2.0200205856821256,E-SBR
13,2.004566066681362,E-SBR
