Specific Surface Area (m²/g),Coefficient Of Thermal Expansion (1/K)
5,0.2590632674172906,
7,2.1998886123915797,
8,1.2839187760522712,
17,3.141256384515545,
