Exposure Time (h),Degradation Temperature (°C)
4,0.2498825592119518,0.51% exfoliated graphene
14,-0.2367336424944746,0.51% exfoliated graphene
16,-2.5966822271052736,0.51% exfoliated graphene
18,7.872951848062087,0.51% exfoliated graphene
4,-0.008674644127968811,0.26% exfoliated graphene
14,-0.40151543816634216,0.26% exfoliated graphene
16,-0.4495297538432609,0.26% exfoliated graphene
18,-0.4797192610817026,0.26% exfoliated graphene
