Calcination Time (h),Porosity (%)
0.5283574950008529,-5.064256246977775,Barium Titanate/Nylon 6
1.0737696149438403,-5.380327385014962,Barium Titanate/Nylon 6
4.97448976061583,-5.394591460066752,Barium Titanate/Nylon 6
