Dispersing Time (min),Coercivity (A/m)
8.944713134217348,-2.6792201770709623,0.37% Cloisite
8.955374075986999,-2.67250437022365,0.37% Cloisite
10.039926594412611,-2.6913739917000346,0.37% Cloisite
8.944713134217348,-1.1202948951020435,0.9% Cloisite
8.955374075986999,-1.128744108431427,0.9% Cloisite
10.039926594412611,-1.1389447956500602,0.9% Cloisite
