Curing Temperature (°C),Zeta Potential (mV)
1.016238003590475,7.698166753663683,0.26% CuPP/PAMS
12.952826016847483,12.11441350698718,0.26% CuPP/PAMS
19.155388232640856,21.40332841560459,0.26% CuPP/PAMS
1.016238003590475,0.8903627057287296,0.35% CuPP/PAMS
12.952826016847483,0.4294216076360578,0.35% CuPP/PAMS
19.155388232640856,0.2742595446255284,0.35% CuPP/PAMS
