Evaporation Temperature (°C),Heat Of Fusion (J/g)
6.708269069814101,0.8062694014123458,
11.58166658575238,0.6080158191107643,
18.947562521944683,0.43896363879165234,
6.708269069814101,9.560137343068634,
11.58166658575238,9.184468938888735,
18.947562521944683,25.368707034920845,
6.708269069814101,-2.839961724876653,
11.58166658575238,-3.103240571483601,
18.947562521944683,-3.2626710462016653,
