Curing Time (min),Dielectric Loss
5,3.629461780255469,Poly(acrylic acid)
12,3.433230943794526,Poly(acrylic acid)
13,3.4256512903921035,Poly(acrylic acid)
5,7.99762817838087,Poly(4-vinyl pyridine)
12,11.369393034329004,Poly(4-vinyl pyridine)
13,6.330745094635951,Poly(4-vinyl pyridine)
5,5.792267215314831,Cellulose acetate butyrate
12,5.587358502285689,Cellulose acetate butyrate
13,5.582924495490778,Cellulose acetate butyrate
