Volume Fraction (%),Fatigue Strength (MPa)
4,-2.515289982548028,
9,-2.126130789874729,
11,-1.2994710975192176,
15,-0.6550010512161739,
16,-6.216152624314633,
19,12.743351262488575,
4,10.9485931217256,
9,21.537538528021386,
11,76.03271474034231,
15,125.58919819302379,
16,-29.85130469621445,
19,919.5664838143786,
