Nanoparticle Mass (%),Ionic Conductivity (S/m)
10,-1.3197904708364714,
15,-2.4899287165670696,
16,-2.2561559348069657,
10,6.16920024697123,
15,6.00693299458241,
16,6.001947380173947,
10,-2.997641474666411,
15,-3.1432889561427375,
16,-3.1641612867823037,
10,-6.499044670832174,
15,-6.538800337190937,
16,-6.541535443885912,
