Specific Heat Capacity (J/(g·K)),Conductivity (S/m)
7,-2.8069313334971033,0.74% rGO
11,-1.482550796109099,0.74% rGO
13,1.729433421007112,0.74% rGO
16,2.9119505888735446,0.74% rGO
