Calcination Time (h),Compressive Modulus (GPa)
4.651651754878312,-6.007163444373619,0.0% OAPS
5.689314128599525,-6.161897195441636,0.0% OAPS
9.981653966866904,-6.3034739974021265,0.0% OAPS
11.956646721100421,-6.370262695341464,0.0% OAPS
16.93164009652526,-6.491548799905505,0.0% OAPS
