Glass Transition Temperature (°C),Tg (°C)
2.8984880170836336,-4.436069556205821,rGO/PTrFE
5.493341137819443,-3.151775895033796,rGO/PTrFE
19.4189853920065,-2.461631026062349,rGO/PTrFE
2.8984880170836336,0.4536662837612342,Synthetic fluorine mica/PTrFE
5.493341137819443,2.5829382192103463,Synthetic fluorine mica/PTrFE
19.4189853920065,247.10773804674113,Synthetic fluorine mica/PTrFE
