Shear Rate (1/s),Complex Modulus (Pa)
5.17401671886125,-0.6274798735277916,ZrO2/PA 6(3)T
9.080055509501541,-1.9048804503083014,ZrO2/PA 6(3)T
12.302692583584145,-0.3312904483412571,ZrO2/PA 6(3)T
