Specific Surface Area (m²/g),Tan Delta
3,-3.180273744670421,Acetylene black/BR
10,-1.8018544144096769,Acetylene black/BR
16,-4.951641940362968,Acetylene black/BR
3,-5.315103199902103,barium strontium titanate/BR
10,-3.367224292107455,barium strontium titanate/BR
16,-8.858355339665652,barium strontium titanate/BR
3,4.129534603408884,Sepiolite/BR
10,13.24983681484642,Sepiolite/BR
16,36.641179666661714,Sepiolite/BR
