Light Intensity (W/m²),Heat Of Fusion (J/g)
0,4.531445739381169,0.49% Barium titanate/PANa
5,4.234239612073997,0.49% Barium titanate/PANa
12,3.8968481116626874,0.49% Barium titanate/PANa
11.277769709678742,5.312232693515259,0.9% Barium titanate/PANa
11.518109567643931,8.482127612138683,0.9% Barium titanate/PANa
16.65464705557275,9.744805279776706,0.9% Barium titanate/PANa
13.570040277120267,101.23363402128044,0.65% Barium titanate/PANa
17.735474776385747,175.2601116670183,0.65% Barium titanate/PANa
19.41662569744803,-282.78136241946953,0.65% Barium titanate/PANa
