Degradation Temperature (°C),Electric Field Strength (V/m)
3,1.972683864982016,
8,3.2696341768422865,
12,3.9775978689979943,
13,5.671366196937149,
3,0.5447814649632454,
8,0.3161148021789568,
12,0.24821543588214476,
13,0.2413883994485399,
3,-2.13439898302971,
8,0.9348111588226473,
12,2.0628286480347464,
13,-2.812836049851742,
3,-3.6648859809978402,
8,8.0505569272893,
12,-14.607058898166636,
13,63.62459234598224,
