Nanoparticle Mass (%),Electric Field Strength (V/m)
4,4.666839716354255,PBA
5,4.749998070945355,PBA
10,4.447655254038062,PBA
12,4.431800097085449,PBA
17,4.290018761247883,PBA
