Calcination Temperature (°C),Complex Viscosity (Pa·s)
0,0.4341041535133947,
7,-0.013784877430435993,
10,-0.17230237444937152,
11,-0.2126063395435666,
0,0.9590485202881387,
7,5.220505114195971,
10,23.242723736052966,
11,16.850935390111395,
0,-5.341447923540423,
7,-5.997793027133533,
10,-6.080149841670205,
11,-6.089271406484574,
