Aging Time (h),Specific Viscosity
2,4.5337710945639635,SAN
16,4.095639461766885,SAN
18,4.092303563141889,SAN
19,4.0913813652685,SAN
2.0083065817373935,5.478511830465748,Polyurethane
3.9884489258141076,5.224107300940752,Polyurethane
12.051709568500016,4.99046461898251,Polyurethane
16.520378600718985,4.972025647636854,Polyurethane
