Crystallinity (%),Thermal Resistance (K/W)
1,7.72829036216507,
4,7.519742704704796,
8,7.312043610193753,
11,7.277153066518396,
14,7.169818468610863,
1,-2.9447849855384742,
4,-0.37912863469646574,
8,16.823706267169353,
11,11.805124247569399,
14,43.908240936021244,
