Neutron Flux (n/cm²/s),Zeta Potential (mV)
1.7443148201775194,1.096502306980366,0.54% carbon nanofibers/Polyamide-imide
14.614789545719528,0.5069942707885522,0.54% carbon nanofibers/Polyamide-imide
17.380807353902977,0.4470720466006995,0.54% carbon nanofibers/Polyamide-imide
18.09443780792523,0.4406113573254791,0.54% carbon nanofibers/Polyamide-imide
