Curing Time (min),Electrochemical Potential (V)
0,7.42580088389292,alumina/PMMA
6,8.579105899327985,alumina/PMMA
14,13.569674869382178,alumina/PMMA
17,6.5987189075804915,alumina/PMMA
19,9.036852154885185,alumina/PMMA
0,3.8827218876032012,SWCNT/PMMA
6,9.142939920358018,SWCNT/PMMA
14,105.96005504085366,SWCNT/PMMA
17,282.11218168341554,SWCNT/PMMA
19,-103.8786818291697,SWCNT/PMMA
