Calcination Temperature (°C),Magnetization (A/m)
1,-1.8778592477278233,Nylon 12
5,-2.3713629895144046,Nylon 12
8,-2.489712779536705,Nylon 12
9,-2.534148110495699,Nylon 12
14,-2.5763189654538756,Nylon 12
1,7.072621668683683,PAM
5,6.46142237974642,PAM
8,6.342413310748636,PAM
9,6.313240306470329,PAM
14,6.2594861342085935,PAM
1,-4.567693411119094,PET
5,0.5356675036493082,PET
8,4.679766429545495,PET
9,-0.8802670177098619,PET
14,29.5721904113108,PET
