UV Exposure Time (h),Dielectric Loss
3.655341157333707,3.9844429631073583,0.48% alumina/PBS
7.573006752842016,13.828463462094481,0.48% alumina/PBS
17.83932984084307,322.49189142620196,0.48% alumina/PBS
18.051532710599588,305.4403899209251,0.48% alumina/PBS
18.44702968839334,570.8505261976858,0.48% alumina/PBS
