X-ray Dose (Gy),Impact Strength (kJ/m²)
4,2.7471506548705404,
6,2.490284533808062,
8,2.794335092089406,
4,8.516645002594307,
6,9.338688768433707,
8,8.19169756338278,
4,10.023002529244351,
6,9.419795442278641,
8,10.327546569054437,
