Rotational Speed (rpm),Young’s Modulus (GPa)
1.5624339822484656,3.591137794191484,CuPP/PBI
7.29496969645977,3.4437625624479895,CuPP/PBI
18.566476462650723,3.2054924010300336,CuPP/PBI
1.5624339822484656,6.7358967893493364,graphene nanoplatelets/PBI
7.29496969645977,6.310651820313924,graphene nanoplatelets/PBI
18.566476462650723,6.184874424804175,graphene nanoplatelets/PBI
1.5624339822484656,-5.394811655447283,SWCNT/PBI
7.29496969645977,-5.933269181262418,SWCNT/PBI
18.566476462650723,-6.272094867454487,SWCNT/PBI
