Electric Field (V/m),Magnetic Susceptibility
11,20.08600527237941,
13,101.99286225336415,
16,117.637410950725,
11,13.595055693820765,
13,91.0535954569808,
16,-20.698842315341636,
11,7.5311895038277985,
13,7.5168442585580175,
16,7.504297357497944,
11,4.595339061577746,
13,4.552617257415115,
16,4.47257978015643,
11,0.5663080546969786,
13,0.49583286069228094,
16,0.4395726412304669,
