X-ray Dose (Gy),Bet Surface Area
0.7210284782517484,8.60661377912759,
8.936733808552468,7.92252711466761,
19.878012350924408,7.86542526974487,
