Particle Size (nm),Magnetic Permeability (H/m)
5.918354975248814,-4.294030896811352,Poly(ethylene)
5.974107275836844,-4.3248614054772645,Poly(ethylene)
7.9306567378998505,-4.396599705348336,Poly(ethylene)
13.16272336333979,-4.467297750136073,Poly(ethylene)
14.338781855879033,-4.472259688857042,Poly(ethylene)
2,4.325332660190356,PBA
10,3.9427440161734286,PBA
13,3.912907844374642,PBA
17,3.898581391296965,PBA
19,3.8958598811897556,PBA
