Neutron Flux (n/cm²/s),Loss Modulus (Pa)
7.526269215618317,-5.6365361421167215,
14.837270936388578,-0.42719560157378567,
17.919010146565366,0.19132872472845897,
7.526269215618317,4.210837502682118,
14.837270936388578,3.9499973301145057,
17.919010146565366,3.8717062632605383,
7.526269215618317,-5.942802009832498,
14.837270936388578,-6.04433090506685,
17.919010146565366,-6.051313691315991,
