Thickness (µm),Young’s Modulus (GPa)
5,-1.7151481806165354,PA 6T
6,-3.4112779143478784,PA 6T
8,-1.2449356934595737,PA 6T
9,-0.620643753156334,PA 6T
13,1.3726349474619282,PA 6T
5,0.6576897598782847,Nylon 12
6,-0.8735780977356487,Nylon 12
8,-0.19779081531297482,Nylon 12
9,0.9318028494488622,Nylon 12
13,0.5322302917929571,Nylon 12
