Evaporation Temperature (°C),Poisson’s Ratio
2,-0.04130435070987937,PBuA
4,-0.31808205861230177,PBuA
6,-0.4226497965040479,PBuA
11,-0.5817984003421006,PBuA
17,-0.6120481924562999,PBuA
6.919725510123696,0.7523836442564472,CNBR
9.063054340873771,0.7101873764967618,CNBR
9.559177262409396,0.7071702705480818,CNBR
19.551912101608025,0.6530970886633339,CNBR
19.942148529728602,0.6527320563801445,CNBR
