X-ray Dose (Gy),Reduction Potential (V)
3.967821211034641,-5.924128304917968,
4.756672322954678,-5.954816706269935,
5.377472724816236,-6.055991463455833,
19.04686575650007,-6.235437185973221,
19.339445658877185,-6.235669964010837,
