Mixing Time (min),Ionic Conductivity (S/m)
0.21776119682294315,0.4444183219415476,0.42% sodium montmorillonite
0.4789413534030107,0.15939543112339327,0.42% sodium montmorillonite
13.6272243907888,-0.5642969339919424,0.42% sodium montmorillonite
0.21776119682294315,7.1851088671838745,0.83% sodium montmorillonite
0.4789413534030107,7.623505011207003,0.83% sodium montmorillonite
13.6272243907888,101.39442238225416,0.83% sodium montmorillonite
