Crosslinking Density (mol/m³),Impact Strength (kJ/m²)
1,-2.629530526260697,SAN24
2,-1.643991043687338,SAN24
9,9.146489507622837,SAN24
12,13.914111349036306,SAN24
14,34.15506721416152,SAN24
16,-88.92032606225362,SAN24
