UV Exposure Time (h),Tg (°C)
4,3.1019548012647,PP
6,5.532450353407853,PP
10,-2.112559714832283,PP
11,-9.951378773037092,PP
15,50.08496037673282,PP
18,698.2420007182214,PP
