Solvent Concentration (M),Loss Modulus (Pa)
1.0021172799717815,3.6274415647728633,
2.3016997424857233,3.513015939978557,
5.691004209875277,4.645226275529034,
9.64339207938816,6.692315139304066,
1.0021172799717815,2.591135753465506,
2.3016997424857233,2.3561931016935937,
5.691004209875277,2.2797538035627873,
9.64339207938816,2.1128909757362324,
