filler labels,Specific Viscosity
2.9715030731518355,4.745693569406591,
3.111814449899306,4.9554580638192975,
16.07432407933929,4.213228364756003,
0,-4.770070141342007,
12,54.96345713899673,
15,127.87824553955966,
14.723899257274173,44.5581256105319,
17.13923164169035,362.8716327986242,
18.790363667791816,258.22393174611375,
2.1461452313149487,4.404161447161668,
4.740551241350179,4.687227100096383,
6.41050659323275,3.5328599627251482,
