Surfactant Concentration (M),Shear Viscosity (Pa·s)
15,243.64851595259933,
17,179.6383212365673,
18,-29.577467263929712,
15,-3.666224727730072,
17,-3.671222297774528,
18,-3.6732020471608426,
