Storage Time (days),Dielectric Loss
0,4.5785372774892785,0.5% SWCNTs/PP
7,4.0578856623027075,0.5% SWCNTs/PP
18,3.8067783051421262,0.5% SWCNTs/PP
1.8089193278619553,5.924097484558901,0.39% SWCNTs/PP
2.935277480618239,6.396027308054107,0.39% SWCNTs/PP
8.219559849171068,16.501807226569717,0.39% SWCNTs/PP
