Synthesis Temperature (°C),Decomposition Temperature (°C)
0,3.0279420358290565,OAPS/VER
2,4.722806802638296,OAPS/VER
8,21.049316986965735,OAPS/VER
13,101.93295510366504,OAPS/VER
17,-259.4393732857909,OAPS/VER
19,200.4177264746938,OAPS/VER
0,-3.239793450550905,TPP/VER
2,-2.805321472549781,TPP/VER
8,-3.0347143475090252,TPP/VER
13,23.690519717546344,TPP/VER
17,186.51397325860776,TPP/VER
19,-232.30005006765566,TPP/VER
