Exposure Time (h),Tan Delta
0.5027890013997327,-6.932650502366026,
5.740651387534099,-7.230606327614138,
10.278735895277794,-7.471136510840682,
17.769758942464474,-7.653410526204906,
