Calcination Temperature (°C),Tensile Modulus (GPa)
4.782207567996426,-4.118984484186932,Nylon 6T
13.99719718337278,-4.302229776618239,Nylon 6T
18.369920821306664,-4.3147769630126,Nylon 6T
4.782207567996426,7.100759581485811,Poly(hexafluoro propylene)
13.99719718337278,6.861091650013592,Poly(hexafluoro propylene)
18.369920821306664,6.850850183875199,Poly(hexafluoro propylene)
