Nanoparticle Volume (%),Zero-shear Viscosity (Pa·s)
0.6867129533922367,-3.7647626189812784,polyaniline/PA 6T
0.7573151867096373,-3.998351973545374,polyaniline/PA 6T
10.794414937703404,-4.064496248807769,polyaniline/PA 6T
