Pore Volume (cm³/g),Remanence (A/m)
1.5300283550170923,0.7065046134654973,DGEBD Epoxy Resin
2.1583479144070283,1.0742945089081544,DGEBD Epoxy Resin
2.7427062920041867,2.009668849042506,DGEBD Epoxy Resin
12.874409282288823,6.3084608829926765,DGEBD Epoxy Resin
3,-4.483587241907399,BR
12,16.346905622438747,BR
14,110.83884898958125,BR
17,144.65677991914464,BR
