Exposure Time (h),Toughness (MJ/m³)
1,8.38915631424131,0.45% Titanate nanotubes
2,9.02313462005214,0.45% Titanate nanotubes
8,20.195137156564655,0.45% Titanate nanotubes
15,70.51634439725368,0.45% Titanate nanotubes
17,389.3650741344335,0.45% Titanate nanotubes
