Gamma Radiation Dose (Gy),Oxidation Potential (V)
7,6.181127496193369,DGEBF Epoxy Resin
11,5.984276815795354,DGEBF Epoxy Resin
16,13.99316328356799,DGEBF Epoxy Resin
17,16.558194217102944,DGEBF Epoxy Resin
18,12.006398347036026,DGEBF Epoxy Resin
7,5.7080600026745065,E-SBR
11,4.501196573447002,E-SBR
16,11.719390498082703,E-SBR
17,5.28712107554579,E-SBR
18,16.18890276758478,E-SBR
