Exposure Time (h),Reduction Potential (V)
4.291474005563741,0.8686860623752506,0.31% OFG/PGMA
10.220460622091096,1.6531481038916453,0.31% OFG/PGMA
16.64743267574403,2.0096646376151686,0.31% OFG/PGMA
4.291474005563741,10.989628619879477,0.17% OFG/PGMA
10.220460622091096,31.996844569176297,0.17% OFG/PGMA
16.64743267574403,215.41057344779608,0.17% OFG/PGMA
4.291474005563741,4.4808893801682235,0.24% OFG/PGMA
10.220460622091096,48.37038437676568,0.24% OFG/PGMA
16.64743267574403,275.04822847616924,0.24% OFG/PGMA
