Softening Temperature (°C),Flexural Strength (MPa)
0.38164916617863476,2.8165651768616753,0.36% carbon black/PLA
16.774743051705666,2.321884308547394,0.36% carbon black/PLA
17.51002648120699,2.3206413453427843,0.36% carbon black/PLA
