Synthesis Temperature (°C),Glass Transition Temperature (°C)
2,2.0651321265826312,
3,1.8199326736037662,
6,1.6564077631090919,
16,1.4986323956770298,
17,1.497164410309217,
18,1.4953392235234748,
