Decomposition Temperature (°C),Magnetic Susceptibility
5.129429952417257,8.211807608505094,0.61% expanded graphite
6.002812730115155,6.068433433838871,0.61% expanded graphite
17.25854084615359,146.47865266493116,0.61% expanded graphite
7,10.392753710920337,0.92% expanded graphite
13,27.523894487678078,0.92% expanded graphite
17,159.95504081351075,0.92% expanded graphite
