vol% (%),Particle Size Distribution
2,5.393373886259192,rGO/PαMS
5,5.561463288686581,rGO/PαMS
9,7.782899696417948,rGO/PαMS
10,7.566574792926819,rGO/PαMS
15,10.963769142705644,rGO/PαMS
2,7.8138424834594575,Carbon black/PαMS
5,11.492583203765822,Carbon black/PαMS
9,7.593832463355827,Carbon black/PαMS
10,22.711372369892793,Carbon black/PαMS
15,84.77711182234334,Carbon black/PαMS
2,-4.428759511429572,SWNT/PαMS
5,-4.887202784385599,SWNT/PαMS
9,-5.0031784156633945,SWNT/PαMS
10,-5.015277004261445,SWNT/PαMS
15,-5.058644626576737,SWNT/PαMS
2,-3.945611488657767,OMLS/PαMS
5,-2.9175691321876,OMLS/PαMS
9,13.588078296207172,OMLS/PαMS
10,16.546337272569478,OMLS/PαMS
15,78.30097617162785,OMLS/PαMS
2,-5.675680486731412,Talcum/PαMS
5,-5.933059397239359,Talcum/PαMS
9,-6.133941521103693,Talcum/PαMS
10,-6.149958061471412,Talcum/PαMS
15,-6.186367833476027,Talcum/PαMS
