Calcination Time (h),Thermal Diffusivity (mm²/s)
2.0144371424644825,9.273106648070408,poly-HEMA
3.351134898212176,9.55770043534708,poly-HEMA
6.446404691217767,14.0414810961098,poly-HEMA
7.300394908972272,20.126188712173,poly-HEMA
8.354993971610918,21.562156850773135,poly-HEMA
2,2.1520446254196375,PVAL
15,32.14688654303219,PVAL
16,39.60090555357594,PVAL
18,160.4481889556107,PVAL
19,572.0629990822546,PVAL
