Dielectric Loss,Crystallization Temperature (°C)
0,-4.773597310843309,
1,-4.740302878492821,
8,-5.353005683474676,
0,-3.4287143473882105,
1,-3.5159342868778967,
8,-1.6580674913665376,
