Calcination Time (h),Heat Capacity (J/K)
4,-5.799437920133052,
9,-6.021207804898956,
19,-6.087328264558049,
