Volume Fraction (%),Thermal Stability (°C)
4.9593433588557545,-2.72580541388522,Nylon 6T
7.103182498836452,-2.8737713568494874,Nylon 6T
8.990854748665313,-3.047685550690275,Nylon 6T
19.926145925838036,-3.289133579702947,Nylon 6T
