Crystallization Temperature (°C),Kinematic Viscosity (mm²/s)
1.3109513984697996,-2.3313567413704748,
2.925044930054075,-2.579579755905026,
5.076695850806212,-2.860577369339427,
8.785492338306081,-3.0265359478716425,
13.310945891079092,-3.075069111252048,
14.231231018029185,-3.0776088106933543,
1,2.9770485314786024,
3,2.716308216437861,
6,2.508615668236402,
12,2.342867663891579,
14,2.2445209959164414,
16,2.220918456431761,
