Crystallization Temperature (°C),Pore Size (nm)
10.897138683143757,6.472286257973771,0.04% Morrocan montmorillonite/PBA-a
10.91365234678711,6.476998085760766,0.04% Morrocan montmorillonite/PBA-a
13.578892336832503,6.4576238249746405,0.04% Morrocan montmorillonite/PBA-a
10.897138683143757,7.2006424082273774,0.68% Morrocan montmorillonite/PBA-a
10.91365234678711,35.18217851936982,0.68% Morrocan montmorillonite/PBA-a
13.578892336832503,66.69696708943039,0.68% Morrocan montmorillonite/PBA-a
