Storage Time (days),Conductivity (S/m)
2,-1.3012766438173475,Polyetherketoneketone
13,-1.869447566734093,Polyetherketoneketone
14,-1.8813483226851448,Polyetherketoneketone
8.59957060051146,6.0267711385328795,Poly(propylene)
11.367691194625724,5.990107373861785,Poly(propylene)
12.224306558777474,5.979708940334553,Poly(propylene)
