Nanoparticle Mass (%),Remanence (A/m)
0,0.09377495208999576,
5,-0.6829252683486953,
6,-0.7752155001521533,
7,-0.8329519145875945,
12,-0.9152177250836661,
0,-3.713287117470885,
5,0.8900257842736252,
6,2.164294192453468,
7,5.736240816982939,
12,40.739597678547334,
0,2.365639297197518,
5,5.3170906562166085,
6,7.816287441129401,
7,10.40935018094344,
12,44.5635908119428,
