Annealing Temperature (°C),Kinematic Viscosity (mm²/s)
3,-6.040185374999222,0.66% PAN/PMMA-PtBA
5,-4.958608218675521,0.66% PAN/PMMA-PtBA
7,-6.344018392527011,0.66% PAN/PMMA-PtBA
3,-6.42449469710303,0.22% PAN/PMMA-PtBA
5,-6.569723626727491,0.22% PAN/PMMA-PtBA
7,-6.700630981421921,0.22% PAN/PMMA-PtBA
3,3.0545090222516316,0.63% PAN/PMMA-PtBA
5,2.964542989640145,0.63% PAN/PMMA-PtBA
7,2.922806157652589,0.63% PAN/PMMA-PtBA
