Surfactant Concentration (M),Thermal Conductivity (W/(m·K))
7.671509007997496,-2.717301023838416,
12.264911361325765,-2.860060652198365,
12.667555942146718,-2.917898741167711,
14.153463677867384,-2.939785256350872,
16.02724416242676,-2.961353500766977,
19.89142125999136,-3.0336872376492208,
1,-4.637855860740102,
2,-4.862486953863935,
3,-5.0824095437262455,
4,-5.091133669069536,
13,-5.416233691227523,
14,-5.419594519083458,
