Ultrasound Power (W),Bond Strength (MPa)
3.280067451243107,6.983133032906339,SWNTs/Thermoplastic polyurethane
7.9415841855027285,8.3638846111883,SWNTs/Thermoplastic polyurethane
9.832497161201976,11.974624580626003,SWNTs/Thermoplastic polyurethane
10.49204905047338,10.553749148923862,SWNTs/Thermoplastic polyurethane
16.33052800625284,16.797285141771972,SWNTs/Thermoplastic polyurethane
