Holding Time (min),Tensile Strength (MPa)
7.408967399355939,-1.3965197499378483,0.85% cellulose nanocrystals
13.302754269923318,118.82787929354998,0.85% cellulose nanocrystals
14.89664690781259,37.44423339658358,0.85% cellulose nanocrystals
