Ultrasound Power (W),Surface Area (m²/g)
6,0.46551847001108193,0.76% Carbon Black
10,16.491335403137583,0.76% Carbon Black
15,-21.77936152129422,0.76% Carbon Black
6,5.639480884952863,0.63% Carbon Black
10,6.356544605168649,0.63% Carbon Black
15,7.390270821414117,0.63% Carbon Black
