Aspect Ratio,Specific Heat (J/(g·K))
2.2923885405054945,-6.472667403158141,ABS
3.182427297697088,-6.585602979370108,ABS
11.266728399361137,-6.975865508572286,ABS
11.99427018095089,-6.983047241207732,ABS
12.560240299420167,-6.988895526626348,ABS
13.889163760872167,-6.997329911281691,ABS
