Heat Treatment Time (h),Remanence (A/m)
11,5.525922517624656,0.27% Titanium Dioxide
16,1.9800012004123424,0.27% Titanium Dioxide
19,17.907581670164653,0.27% Titanium Dioxide
