Drying Time (h),Kinematic Viscosity (mm²/s)
7,-1.330282138014287,
13,1.05115564287768,
16,1.8696047499006134,
11,33.772933331695796,
12,-12.631790905181337,
16,-64.41795723297164,
0.9936784766173679,0.6646660289883357,
15.949010343696084,-0.433982910799906,
16.91472717757092,-0.43626313218661017,
