Crystallization Temperature (°C),Poisson’s Ratio
1,-7.173221299315708,
9,-7.551222078418515,
16,-7.786651179555629,
17,-7.80339768751311,
1,3.5203454064190614,
9,4.7519974212229386,
16,10.647201806380021,
17,14.82987743999699,
