wt%,Particle Size (nm)
0,4.9039976484260315,
4,5.949710781173706,
6,6.312679454613801,
10,3.6162692820392452,
18,10.621756548888584,
0,3.9763635100250614,
4,5.150098696572972,
6,4.22377634694336,
10,5.406403455436531,
18,12.395258833792113,
0,2.0052614787073457,
4,3.0277401061823745,
6,3.141094176176151,
10,3.65201207260686,
18,7.920555899598602,
0,-3.9993806630010726,
4,-4.604273212499746,
6,-4.71380373782987,
10,-4.854375253616517,
18,-4.893820187229483,
