Drying Temperature (°C),Elongation At Break (%)
9.547648659552506,-5.96905038482878,PEA
12.905195980411445,-6.109780357329289,PEA
18.47899903369258,-6.214925535012943,PEA
9.547648659552506,0.22747640545038283,Polyimide
12.905195980411445,3.8973878207982287,Polyimide
18.47899903369258,0.3641770256585275,Polyimide
9.547648659552506,20.177109592753755,DGEBA Epoxy Resin
12.905195980411445,77.1223111144864,DGEBA Epoxy Resin
18.47899903369258,337.0576827203906,DGEBA Epoxy Resin
