Mechanical Strength (MPa),Dynamic Viscosity (Pa·s)
2,0.14364658764613825,
11,-0.385450002102755,
16,-0.5122951705714822,
2,5.499237755851882,
11,8.762559623882106,
16,-84.32711680831365,
2,7.893562986684603,
11,31.466974697212176,
16,182.7082940530929,
2,-2.1748967993771076,
11,-0.45514933110369027,
16,1.2294277126452462,
2,-5.2514803297075385,
11,-5.648122130241089,
16,-5.677616957244871,
