Particle Density,Particle Size (nm)
0.3400463865317671,-1.4016821168789864,
9.535196372951052,15.819601131782575,
12.964666051906288,51.479276079056135,
16.074569517674515,224.24005940052842,
4.545801725537393,4.107099551218988,
5.155145428792382,3.9940807329778076,
16.8681544411766,3.5903126060121413,
18.617160192113566,3.5596816361196355,
2,6.28166585825171,
3,6.1446273978069375,
10,5.805236041152703,
17,5.759676467588253,
