Exposure Time (h),Flexural Strength (MPa)
2,6.449062444853735,
7,7.092756973993881,
10,5.948943778049815,
14,6.705979076889406,
18,19.720046386235488,
2,-2.586196200302945,
7,-2.8391271489836964,
10,-3.037721213387269,
14,-3.1099891063379483,
18,-3.1890932653291597,
