Ultrasound Time (min),Magnetic Susceptibility
5.512762811940489,2.0262853428241066,0.25% graphite nanoplatelets/PP
9.905997251998116,4.104837823559573,0.25% graphite nanoplatelets/PP
13.92071708948325,1.1896185725154513,0.25% graphite nanoplatelets/PP
