Storage Time (days),Bond Strength (MPa)
10,22.571554524379668,
11,24.997281006662767,
14,38.096347436425795,
15,183.79707218271022,
19,549.8203847924472,
10,1.5623026393039685,
11,1.5447550393818446,
14,1.5257180175740754,
15,1.52180588147811,
19,1.5139525399198268,
