Thickness (µm),Intrinsic Viscosity (dl/g)
4,6.035640676569214,0.19% SWNTs
6,11.25866550097075,0.19% SWNTs
16,313.32939994529244,0.19% SWNTs
