Tensile Strength (MPa),Toughness (MJ/m³)
1.790854771500292,1.4941202025755804,NVE
11.630450926901002,1.0000570398665856,NVE
11.702169264440032,1.0063800491889274,NVE
13.207016495215012,0.9972411652013186,NVE
0.7245143408948573,-4.151199898515977,Poly(vinylidene fluoride)
8.493117758251643,-4.865013667696381,Poly(vinylidene fluoride)
15.832905006239006,-5.087830688609294,Poly(vinylidene fluoride)
19.69032486813611,-5.163932474378671,Poly(vinylidene fluoride)
