Melting Temperature (°C),Viscosity (Pa·s)
3.266206510723637,-5.386347221059965,PA 11
7.797243431162693,-5.650039363711725,PA 11
12.674940388664277,-5.730173808847478,PA 11
18.378176444957365,-5.747354001662014,PA 11
8,4.1240365888213075,PS-I
10,-5.8572007724989135,PS-I
11,27.051467080225144,PS-I
18,479.08780825795975,PS-I
