Thickness (µm),Fatigue Strength (MPa)
4,5.218818436749416,Colloidal silica/CNBR
10,4.943219406289675,Colloidal silica/CNBR
18,4.896558343295515,Colloidal silica/CNBR
4,4.236229773890754,SWCNTs/CNBR
10,38.33155725806206,SWCNTs/CNBR
18,339.13853145254234,SWCNTs/CNBR
