Melting Temperature (°C),Peel Strength (N/m)
1,-2.4376802088055656,0.14% ZrO2
5,-2.7579124860686655,0.14% ZrO2
7,-2.8016669607711373,0.14% ZrO2
1,-5.022156817563194,0.68% ZrO2
5,-0.9954805467422254,0.68% ZrO2
7,1.8328323464171525,0.68% ZrO2
1,3.4402145397173722,0.98% ZrO2
5,2.9007560497710654,0.98% ZrO2
7,3.0576686492064127,0.98% ZrO2
