Heat Treatment Temperature (°C),Ionic Conductivity (S/m)
0.2673626327740042,8.11379469327917,0.38% zirconium dioxide
11.323180356612447,8.39224589291933,0.38% zirconium dioxide
13.01538826702288,6.615766078700375,0.38% zirconium dioxide
13.547314538771715,8.659854116792317,0.38% zirconium dioxide
13.989741506923963,7.269828878399787,0.38% zirconium dioxide
19.394263856080993,24.392345448974012,0.38% zirconium dioxide
