Mechanical Strength (MPa),Dynamic Viscosity (Pa·s)
1,-2.3765472215683587,0.45% Carbon Black
2,-1.9627898841763112,0.45% Carbon Black
6,-0.9241170538629495,0.45% Carbon Black
10,-0.931527523584716,0.45% Carbon Black
16,-6.1766626562831295,0.45% Carbon Black
1,6.4443856220379185,0.07% Carbon Black
2,5.986927501399,0.07% Carbon Black
6,5.608932221897936,0.07% Carbon Black
10,5.504594281450005,0.07% Carbon Black
16,5.462216506133622,0.07% Carbon Black
