Particle Size (nm),Zero-shear Viscosity (Pa·s)
13.990008719368694,-6.611253000420469,Poly(vinyl butyral)
17.270033246042058,-6.621458584679015,Poly(vinyl butyral)
17.9767486335846,-6.622626159247933,Poly(vinyl butyral)
18.22548332644934,-6.622834225612432,Poly(vinyl butyral)
