vol% (%),Elongation At Break (%)
3,-3.371673087283743,PEEK
17,-13.181265671066111,PEEK
18,-4.299877163007073,PEEK
3,0.8567957912242375,PAMS
17,0.18791153354694487,PAMS
18,0.18686598363514062,PAMS
3,-3.065285665542909,PEKK
17,-1.1763928150853231,PEKK
18,0.14250781563921855,PEKK
3,-5.052203627931842,PAM
17,-1.467382800999495,PAM
18,-3.106447305190883,PAM
3,-5.233956464019446,PU
17,13.415021165430735,PU
18,8.544250299556245,PU
