Thermal Diffusivity (mm²/s),Elastic Modulus (GPa)
0,-2.467157221737385,0.95% FeO
8,-3.584704229664976,0.95% FeO
12,-3.6451717829054986,0.95% FeO
14,-3.659894396778746,0.95% FeO
0,-2.0001850568817567,0.29% FeO
8,-2.857925211489512,0.29% FeO
12,-2.926146179077152,0.29% FeO
14,-2.9390514599441655,0.29% FeO
0,1.9369103645968617,0.0% FeO
8,1.5235340312223729,0.0% FeO
12,1.3306901679462582,0.0% FeO
14,1.2411478941784233,0.0% FeO
