Crosslinking Density (mol/m³),Particle Size Distribution
2.284403759155653,6.612883202973425,0.98% silver/Nylon 6
4.698530342743014,6.213265883670043,0.98% silver/Nylon 6
10.157421635498164,6.030846438079828,0.98% silver/Nylon 6
2.284403759155653,-2.073534412951181,0.24% silver/Nylon 6
4.698530342743014,-1.4809307107348118,0.24% silver/Nylon 6
10.157421635498164,-2.161819604497796,0.24% silver/Nylon 6
