Strain,Complex Viscosity (Pa·s)
3,1.0463237116783815,
7,9.000936508406415,
12,27.207491887624805,
17,196.19731041967944,
3,-2.6437934242866916,
7,-2.87840064013701,
12,-2.971138358989538,
17,-2.99391968652009,
3,-6.001064044198353,
7,6.951817931759361,
12,13.127459608815144,
17,188.9866409851774,
