Incubation Time (h),Elongation At Break (%)
6,1.53827307309745,
7,1.545093928080999,
12,1.437113556664819,
15,1.4235776943518006,
16,1.4204898465521303,
