UV Exposure Time (h),Thermal Expansion (1/K)
2.395284312498953,5.519382890897978,Molybdenum disulfide/SBR
9.085790739879684,22.001681355353213,Molybdenum disulfide/SBR
15.405889824629014,20.84246036883291,Molybdenum disulfide/SBR
