Hardness (HV),Bond Strength (MPa)
2,8.913974280260168,0.33% SiO2/PBD
6,8.425368851207752,0.33% SiO2/PBD
10,8.315193996421591,0.33% SiO2/PBD
16,8.136796947687237,0.33% SiO2/PBD
17,8.123186952453546,0.33% SiO2/PBD
2,6.0125187052941325,0.26% SiO2/PBD
6,9.267630676207729,0.26% SiO2/PBD
10,21.505317880223902,0.26% SiO2/PBD
16,190.84568529177838,0.26% SiO2/PBD
17,325.36499602716447,0.26% SiO2/PBD
