Temperature (°C),Tensile Modulus (GPa)
1,-2.9777234679685285,0.55% White spirits
6,-2.527331380444699,0.55% White spirits
7,-2.0839642599782366,0.55% White spirits
1,1.9068411408717607,0.32% White spirits
6,2.5721603908029613,0.32% White spirits
7,3.046340746222454,0.32% White spirits
1,3.0155340879162273,0.4% White spirits
6,3.447384767603559,0.4% White spirits
7,4.111901343132319,0.4% White spirits
