Exposure Time (h),Pore Volume (cm³/g)
14.230100488794292,5.123306381835278,
14.431801990362004,5.107059162886838,
16.189935027433297,5.085771039702596,
