Drying Temperature (°C),Reduction Potential (V)
4,1.3447434586213904,
14,8.178817051740573,
15,5.182294475242741,
4,2.5089592549702466,
14,4.4911689163754565,
15,-1.6198567007496072,
