Nanoparticle Volume (%),Degradation Temperature (°C)
0.8142330557842636,4.172718534615669,
4.786790065759712,8.109157316950082,
5.8841314767365756,12.827928961524153,
7.355449197643762,11.809133868437574,
7.566158639467866,15.226505603168343,
0,-1.2251414613867064,
5,3.388675040573501,
8,4.675996945566406,
9,3.305501139257773,
17,167.3041709799473,
