Strain,Pore Volume (cm³/g)
1.6579404463479164,3.6099779349591086,
5.001689419724949,4.1255255563136295,
5.515703790592134,2.824134064902085,
11.237449733615804,4.237959520138229,
