Stirring Speed (rpm),Ionic Conductivity (S/m)
2,-2.726491632362119,
5,-2.9722649238456365,
10,-3.13079156163786,
13,-3.158144941998114,
14,-3.1634041946806515,
16,-3.1711820297059186,
2,6.282168456272954,
5,5.822692026144274,
10,5.627676649709484,
13,5.598771650890556,
14,5.591094989682235,
16,5.585735503859453,
