Crosslinking Density (mol/m³),Adhesion Strength (MPa)
0.9687691847828717,6.645531245637847,0.76% Cellulose
2.97093402523392,7.306692944250284,0.76% Cellulose
11.030882531025155,63.081194162085964,0.76% Cellulose
11.44183841050478,1.134212847291801,0.76% Cellulose
17.92232208409422,598.5574926707382,0.76% Cellulose
