Crystallinity (%),Complex Viscosity (Pa·s)
9,16.415698199098685,
13,43.35022850764686,
17,-87.38204589642001,
19,-425.5705312466024,
