Neutron Flux (n/cm²/s),Magnetic Susceptibility
4.681942664675367,-4.861705225849532,PEKK
9.936037142676785,-5.055565157537175,PEKK
10.291809185730587,-5.068842932764289,PEKK
13.414287886361977,-5.090755517562514,PEKK
18.471970666360303,-5.106051810906234,PEKK
0.3049710600628197,5.3258547910933345,CAB
9.542885736223903,4.805108223239602,CAB
14.046909692977733,4.624201743949543,CAB
18.045208782614267,4.5291096191138775,CAB
19.928889933939608,4.506943831510893,CAB
