Mechanical Strength (MPa),Adhesion Strength (MPa)
1,4.817371322266904,PA 8
12,4.165324838468065,PA 8
14,4.146134408704335,PA 8
19,4.028209382922995,PA 8
1,-2.0071910397749413,silicone
12,-2.4636572504600287,silicone
14,-2.526764699712864,silicone
19,-2.630453530416669,silicone
