Holding Time (min),Porosity (%)
3,3.7854710640719906,0.44% Zinc Oxide/IMPP
4,3.673390101416572,0.44% Zinc Oxide/IMPP
11,3.3954744865084048,0.44% Zinc Oxide/IMPP
