Evaporation Temperature (°C),Magnetic Susceptibility
0,-2.352015132390507,
11,-2.8619383725093623,
14,-2.957681580984387,
17,-3.0240647545270525,
0,-3.5602203292478443,
11,-4.328587498212088,
14,-4.417723443224664,
17,-4.484940935243786,
0,-7.106887145623736,
11,-5.608006954393094,
14,-6.4638346842994,
17,-0.3258751854552884,
