Mixing Time (min),Elongation At Break (%)
2,2.006933651587378,
16,1.2518339298594776,
18,1.2171754228890768,
