Aspect Ratio,Bulk Modulus (GPa)
1,6.736182876655464,0.16% Ag
16,8.631588616580057,0.16% Ag
19,12.25098209129454,0.16% Ag
1,0.7574366562662326,0.63% Ag
16,0.3988590409416073,0.63% Ag
19,20.87846049747035,0.63% Ag
