Nanoparticle Mass (%),Polarization Resistance (Ω·m²)
7,-4.600678823705187,
14,-4.999111732437016,
17,12.751508195741998,
3,8.351982666184078,
13,94.49940055280847,
16,50.65865672207565,
1,-3.5525212435432234,
4,-4.450571600764552,
16,-4.686403246350106,
0.4136367779573602,-4.537897695345537,
1.62837920866028,-4.739008680059866,
13.307859042948433,-5.305434014263285,
