Ultrasound Time (min),Compressive Modulus (GPa)
0,0.8930917641905238,BPA-Ph
10,0.32291705291298833,BPA-Ph
11,0.29820393684030205,BPA-Ph
16,0.1607242121849449,BPA-Ph
17,0.1375026893791994,BPA-Ph
