Filler Content (%),Heat Capacity (J/K)
6.2027570162133046,8.38134034991775,
12.885246697416463,14.312694948031055,
18.776023864002276,18.475332640451434,
6.2027570162133046,0.4623678394770039,
12.885246697416463,-9.318664378122454,
18.776023864002276,268.33804933868777,
