Degradation Temperature (°C),Toughness (MJ/m³)
3,5.931356263791672,
10,5.4620123426264655,
18,195.79746222282816,
3,0.8477308981410636,
10,28.340670947311395,
18,287.6821078353498,
3,-3.526847050964321,
10,-3.950083286964295,
18,-3.99588784304088,
3,1.1802717247015306,
10,0.975860554356482,
18,0.7668327625156496,
3,4.423691413364196,
10,4.0813906734112955,
18,4.0329154850383375,
