Holding Time (min),Ionic Conductivity (S/m)
2,-1.7838271682494833,0.9% CCTO ceramics/Nylon 11
8,-2.2862502279725607,0.9% CCTO ceramics/Nylon 11
13,-0.5097289550569486,0.9% CCTO ceramics/Nylon 11
19,-10.859711902178995,0.9% CCTO ceramics/Nylon 11
