Aspect Ratio,Thermal Resistance (K/W)
0.5840312620955812,0.5234853670410098,Poly(tetrafluoroethylene)
0.9418558916493458,0.4611442243743473,Poly(tetrafluoroethylene)
3.9313798390018695,0.7262714653926199,Poly(tetrafluoroethylene)
9.46767546922353,2.113132996385257,Poly(tetrafluoroethylene)
