Film Thickness (µm),Peel Strength (N/m)
2.412316805747281,-5.834426313745876,0.04% Silver hexafluoroantimonate/PCTFE
3.6018655117719467,-5.6951376810300225,0.04% Silver hexafluoroantimonate/PCTFE
8.885793613602146,-2.8855172758159657,0.04% Silver hexafluoroantimonate/PCTFE
