Strain,Shear Modulus (GPa)
0,2.7222675006938197,
13,1.841352430152552,
17,1.7387037996098504,
18,1.7309570168697854,
