X-ray Dose (Gy),Electrochemical Potential (V)
2,7.093035385634614,0.25% carbon nanofibers
3,6.939288165662328,0.25% carbon nanofibers
5,7.762858431302617,0.25% carbon nanofibers
10,5.7617975017787355,0.25% carbon nanofibers
2,-2.4994970525559577,0.22% carbon nanofibers
3,-2.5576438771237044,0.22% carbon nanofibers
5,-2.8629557195312043,0.22% carbon nanofibers
10,-2.9899772858386156,0.22% carbon nanofibers
