Ion Beam Dose (Gy),Zeta Potential (mV)
1,9.471198426856382,Clay/PMA
2,9.335193306045376,Clay/PMA
4,11.826158873903989,Clay/PMA
1,-1.4926045973044813,Silver nitrate/PMA
2,-1.7034162340659016,Silver nitrate/PMA
4,-1.8656734922797198,Silver nitrate/PMA
