Crystallinity (%),Degradation Temperature (°C)
2.409416191584437,2.3614570871680574,
4.2812131889627185,2.112151742741787,
8.662300886495604,2.0554757566197828,
11.45420028449234,6.143735697588809,
