Storage Time (days),Thermal Expansion (1/K)
0,4.0298906517930195,Au/PETP
6,4.4713096208545755,Au/PETP
16,11.85187463943584,Au/PETP
0,4.466551699769683,graphene/PETP
6,10.208272262682712,graphene/PETP
16,205.50676651525455,graphene/PETP
0,7.057666215688959,Gold/PETP
6,8.08862025262713,Gold/PETP
16,7.826914608961102,Gold/PETP
0,-6.401575977334553,Morrocan montmorillonite/PETP
6,-6.915052200393858,Morrocan montmorillonite/PETP
16,-7.242065826669741,Morrocan montmorillonite/PETP
