wt% (%),Thermal Resistance (K/W)
4,8.801674385699037,PA 8
7,12.915012534403832,PA 8
15,176.06744656409893,PA 8
16,172.40073258740603,PA 8
4,-0.39289657328536354,PVA
7,-0.583781143809795,PVA
15,-0.6852210470135816,PVA
16,-0.6883194572744618,PVA
