EV (V),Porosity (%)
7,11.882948231487397,0.9% SWCNT
10,24.77258035522902,0.9% SWCNT
11,34.696709269328466,0.9% SWCNT
18,262.17079343561215,0.9% SWCNT
19,181.18352960342133,0.9% SWCNT
