Annealing Temperature (°C),Tensile Modulus (GPa)
1.8720995131412344,7.4991570380333386,XNBR
3.3820485615806084,7.454595125997605,XNBR
7.634669462826471,7.219600351380319,XNBR
11.228074258901483,7.142034200087534,XNBR
1.8720995131412344,-3.130936159186731,EPDM
3.3820485615806084,-2.6449883527386593,EPDM
7.634669462826471,-2.0115720684796994,EPDM
11.228074258901483,-3.1604237222709837,EPDM
