Aging Time (h),Tg (°C)
2,-2.5722037913404003,0.41% C60
18,-3.095218866627601,0.41% C60
19,-3.0962320392855447,0.41% C60
2,8.192120385810735,0.63% C60
18,7.652369293269165,0.63% C60
19,7.651343564314659,0.63% C60
