Volume Fraction (%),Galvanic Potential (V)
2,-5.041908827622726,
4,-4.267387593829987,
11,11.901652127908276,
12,-23.917582775736214,
17,261.09594288714834,
2,6.089807017444783,
4,5.7847403345125,
11,5.558877501475343,
12,5.546958692868285,
17,5.524434214290271,
2,5.597892648338084,
4,5.481301352797245,
11,5.224635628488419,
12,5.213694530082895,
17,5.192334837775873,
