Young’s Modulus (GPa),Crystallinity (%)
5,3.8398134133419837,0.38% rGO/PBAT
6,4.600385245022931,0.38% rGO/PBAT
10,3.34340671341947,0.38% rGO/PBAT
17,12.243810822130168,0.38% rGO/PBAT
5,7.112115496198864,0.55% rGO/PBAT
6,6.730602235607169,0.55% rGO/PBAT
10,5.847009510271354,0.55% rGO/PBAT
17,10.663979165445717,0.55% rGO/PBAT
