Filler Content (%),Toughness (MJ/m³)
5.024609408231743,10.82728683609647,Polyimide
10.860618533968431,29.676118610603588,Polyimide
13.895255839468131,91.06054556190865,Polyimide
15.695046537875164,79.09301172408709,PEKK
16.62016777679077,-45.35399025629658,PEKK
18.292394588599702,337.466921758043,PEKK
