Rotational Speed (rpm),Thermal Diffusivity (mm²/s)
5.782037645212759,-0.6525240863583341,
8.251099320837037,-0.7317954911882878,
19.587806889179657,-0.8182694541782207,
5.782037645212759,-0.8022510013738611,
8.251099320837037,6.948902808623778,
19.587806889179657,527.772190468267,
