Calcination Time (h),Coefficient Of Thermal Expansion (1/K)
1.2290087488729062,4.115881796839281,P(VDF-CTFE)
10.916999569222959,3.62914973310236,P(VDF-CTFE)
17.989817116886016,3.4760075977631093,P(VDF-CTFE)
1.2290087488729062,-1.2995616300748094,PUR
10.916999569222959,67.78383206138935,PUR
17.989817116886016,178.53211140389126,PUR
