Drying Time (h),Bulk Modulus (GPa)
2.9688208998722576,3.7674683455274325,S-SBR
12.049591092898421,16.665824959011566,S-SBR
14.943957442737098,35.06346128550936,S-SBR
2,7.694870558886193,Acrylonitrile butadiene styrene
10,7.307114281168129,Acrylonitrile butadiene styrene
14,7.18680373940545,Acrylonitrile butadiene styrene
0,4.301561997916352,PAMS
13,3.247144110147415,PAMS
15,3.200193845845313,PAMS
