Mixing Time (min),Oxidation Potential (V)
5.802307189366749,9.301181372035124,
14.651643003700698,18.582851080506956,
17.812529612817055,11.446401244470277,
17.923089308078676,7.388233844062527,
5.802307189366749,4.688134576210206,
14.651643003700698,4.531027133571903,
17.812529612817055,4.52330470318513,
17.923089308078676,4.522962378026447,
