Volume Fraction (%),Particle Size (nm)
0.15796793338413995,7.732068204492544,
1.2848514899179975,8.35719499163536,
10.779052490596825,6.771760316964906,
0.15796793338413995,0.05686953660904215,
1.2848514899179975,-0.26033525257091206,
10.779052490596825,-0.7040847149899148,
0.15796793338413995,7.101547147330045,
1.2848514899179975,7.42371418951886,
10.779052490596825,6.617252667941624,
