Softening Temperature (°C),Complex Modulus (Pa)
0.6154910364427146,-6.944367879209406,0.33% titanium dioxide
3.287045225787617,-6.805667575074562,0.33% titanium dioxide
4.047348127165062,-6.8281532629646815,0.33% titanium dioxide
6.449965904589807,-6.782976513518379,0.33% titanium dioxide
