Young’s Modulus (GPa),Bet Surface Area
4,-4.435667182436761,0.61% calcium carbonate
10,-4.772790041023756,0.61% calcium carbonate
14,4.611970816507766,0.61% calcium carbonate
18,241.3073137124971,0.61% calcium carbonate
