Volume Fraction (%),Porosity (%)
3,7.206894900323205,
7,13.530962323083125,
9,24.399574986519326,
10,28.318147711640954,
14,69.8999512051115,
