Mechanical Strength (MPa),Bulk Modulus (GPa)
7,-1.38709236456579,
8,4.9987407915192215,
16,290.44558603437355,
19,203.2879423649155,
