Crosslinking Density (mol/m³),Conductivity (S/m)
0.1079055992953859,-0.11116301786792104,0.12% silicon dioxide
14.025924613775127,-0.9456562962048132,0.12% silicon dioxide
15.204829090431698,-0.9845636140406429,0.12% silicon dioxide
