Synthesis Temperature (°C),Shear Strength (MPa)
9,8.228267128477842,PCL
11,7.911170693587653,PCL
17,13.055569113979264,PCL
9,-3.195569417687417,BPA-Ph
11,-3.2306987489376016,BPA-Ph
17,-3.25666620996463,BPA-Ph
9,-1.4601256794823256,PUR
11,-1.4898876073575211,PUR
17,-1.5237831812591685,PUR
9,-3.8373658542889992,Poly(2-vinyl pyridine)
11,-3.9532761231286555,Poly(2-vinyl pyridine)
17,-4.0674271679018075,Poly(2-vinyl pyridine)
