Temperature (°C),Thermal Resistance (K/W)
9,6.681481051326257,
10,6.6333530544213595,
14,6.5173071247423815,
19,6.417743068918715,
