Aspect Ratio,Flexural Modulus (GPa)
1,-3.3049849625851246,
5,-0.6568944948406106,
14,50.99112699168252,
17,85.82262481708804,
1,7.364698629585874,
5,11.94077698414587,
14,50.40481523447947,
17,184.150415424434,
1,6.593362617617992,
5,7.264837317018339,
14,83.99821816742862,
17,330.145591558559,
1,5.377398025078879,
5,7.98407225109431,
14,75.38044487027676,
17,71.65378426870376,
1,8.966417045968024,
5,9.559643398786484,
14,143.2397226203643,
17,255.34309440882905,
