Tensile Strength (MPa),Impact Strength (kJ/m²)
0.6975057853732847,5.349813035796688,
13.866556956739178,153.65446179219637,
18.748729756707828,730.0518243669961,
2,0.19399956773804528,
3,0.08323358697732702,
8,0.012561067452398045,
0,-3.0308139434670824,
3,-2.1307339688831535,
19,-81.36808243758838,
