Nanoparticle Mass (%),Corrosion Rate (mm/year)
3,-4.490681619165222,
6,-3.3191296662150367,
19,-3.777080447781784,
3,-7.108688597084805,
6,-7.388334215156385,
19,-7.6994827035229125,
3,-5.19843581065608,
6,-5.501108353965501,
19,-5.816365613826564,
3,-3.8932151145396325,
6,-4.226632042119624,
19,-4.353245829325344,
