Surfactant Concentration (M),Modulus Of Elasticity (GPa)
7.1635378406828565,0.6164958060472125,
10.623641558166689,0.530225581745704,
15.020856701657392,0.4138345310609033,
7.1635378406828565,3.884944390403795,
10.623641558166689,3.805514068842045,
15.020856701657392,3.77626855100264,
