Heat Capacity (J/K),Magnetoresistance
2,7.9701060435207705,
3,8.138886967251416,
5,10.322767548700927,
9,9.914427600210704,
2,-4.740131760000352,
3,-4.463320343310958,
5,-4.1849589711201975,
9,5.4593158551596375,
2,-3.8719735959615087,
3,-2.815563372140863,
5,-3.460693236176506,
9,-2.2865751482967385,
2,-0.6117722483863179,
3,0.17387559542683917,
5,2.746465571946591,
9,14.019166985247546,
2,6.55784863452487,
3,7.9098477909067615,
5,10.528607578580615,
9,12.161247234006067,
