Holding Time (min),Fracture Toughness (MPa·m^0.5)
13.212294746513649,-5.32107711779318,poly-HEMA
14.985335272628301,1.4394937741039784,poly-HEMA
19.11227503733806,10.598885360890725,poly-HEMA
13.212294746513649,-5.733662517581334,PAMS
14.985335272628301,-5.742604670905284,PAMS
19.11227503733806,-5.750115332942457,PAMS
