Thermal Diffusivity (mm²/s),Bulk Modulus (GPa)
4,-4.702855600842351,P(VDF-CTFE)
5,-4.756904955412793,P(VDF-CTFE)
8,-4.835664202538268,P(VDF-CTFE)
14,-4.916481653181725,P(VDF-CTFE)
17,-4.925416074299427,P(VDF-CTFE)
4,4.9762800709583725,PVA
5,6.036171353068721,PVA
8,5.537471488839831,PVA
14,7.012727403834497,PVA
17,13.94027702971563,PVA
