Pore Volume (cm³/g),Peel Strength (N/m)
2.50271637289603,5.130314453447979,
3.910717676888127,5.0238189572911605,
17.041956395262154,4.775687090954988,
17.368985978526556,4.774824833135949,
