Thickness (µm),Shear Modulus (GPa)
3,-4.225624826245417,
4,-4.314160732535781,
8,-4.469183830869678,
10,-4.574029928657553,
3,4.471550836429222,
4,5.379300898870375,
8,16.60031744754356,
10,25.62189655498232,
3,8.634119055082795,
4,9.764216571734405,
8,12.415535614901561,
10,48.81340103486012,
