Surfactant Concentration (M),Toughness (MJ/m³)
0,4.821107778496961,EPDM rubber
1,4.972669389179781,EPDM rubber
7,4.524045104547922,EPDM rubber
10,4.3833788673579885,EPDM rubber
13,4.2770991306688995,EPDM rubber
3.586679403992399,6.810491642818937,poly-HEMA
12.75576745711351,59.13498325155702,poly-HEMA
18.257365207387878,157.03288488204763,poly-HEMA
18.428701443977566,-350.20419928399747,poly-HEMA
18.74636977915552,718.6791061128461,poly-HEMA
