wt%,Galvanic Potential (V)
4,3.5152715823300236,Poly(glycidyl methacrylate)
8,3.465253288387962,Poly(glycidyl methacrylate)
11,3.300023910481916,Poly(glycidyl methacrylate)
16,3.178307386494692,Poly(glycidyl methacrylate)
4,-3.791165827179138,PBA
8,11.36367380335571,PBA
11,20.067120861873093,PBA
16,267.8217363531893,PBA
