Degradation Temperature (°C),Kinematic Viscosity (mm²/s)
8.673140115714467,-2.598718841268032,PUR
8.734100930173527,-2.761818435500605,PUR
11.30963379071819,-2.8247675294484296,PUR
14.947601268184732,-2.9010079210093958,PUR
19.7622620108146,-2.9922549249926353,PUR
