Temperature (°C),Specific Heat (J/(g·K))
2,-2.2784109170299915,White spirits/BR
3,-2.5328519229924664,White spirits/BR
5,-2.6943517180187935,White spirits/BR
12,-2.9890963071137997,White spirits/BR
15,-3.0962483597894175,White spirits/BR
