Shear Rate (1/s),Degradation Temperature (°C)
0,6.469776127787284,
7,16.2155726531956,
9,9.923129068861464,
10,31.793366678955472,
14,33.485004303433534,
0,-6.046573199423583,
7,1.7835370234863248,
9,8.147152884133808,
10,-5.832304596097655,
14,78.73039490149029,
0,-6.5799099819276226,
7,-7.001041500226674,
9,-7.199269930906285,
10,-7.24523988218715,
14,-7.344547869604486,
