Temperature (°C),Crystallization Temperature (°C)
1,-2.70285010356728,PA 6T
3,-2.3835736802388983,PA 6T
5,-1.5222202897659818,PA 6T
6,-1.5164247473672634,PA 6T
12,5.200744218501754,PA 6T
13,-1.1180311957188511,PA 6T
