Heat Capacity (J/K),X-ray Diffraction Intensity
3.7874329177214694,-2.7700951153887328,0.9% OAP-POSS
7.265963824219622,8.927685813626066,0.9% OAP-POSS
15.020443211199172,179.1408660115878,0.9% OAP-POSS
19.08640163920805,1154.1923642461209,0.9% OAP-POSS
19.59630697190855,684.621030621194,0.9% OAP-POSS
