Surfactant Concentration (M),Young’s Modulus (GPa)
5.307649983072411,8.178678019216575,0.86% PVA
10.685806779052935,8.23773927422744,0.86% PVA
18.115718241029022,22.00332929546556,0.86% PVA
18.281944645715583,2.0992695023854395,0.86% PVA
5.307649983072411,6.879683060930708,0.9% PVA
10.685806779052935,8.575868085429349,0.9% PVA
18.115718241029022,11.5643959484408,0.9% PVA
18.281944645715583,3.296468395592112,0.9% PVA
