Rotational Speed (rpm),Specific Viscosity
12.75085146535368,7.441405688273946,0.35% Calcium carbonate
14.119281094486524,1.1832566587375135,0.35% Calcium carbonate
17.460976246946384,0.8513612225570797,0.35% Calcium carbonate
12.75085146535368,71.17656328807368,0.16% Calcium carbonate
14.119281094486524,51.87908688004291,0.16% Calcium carbonate
17.460976246946384,259.7384905692414,0.16% Calcium carbonate
