Reaction Time (h),Thermal Resistance (K/W)
1,7.244243261518188,
2,7.213986834831079,
3,7.258380226290381,
4,7.6509583733784154,
1,-5.133132444004872,
2,-4.587634471076637,
3,-5.226668886403186,
4,-4.829106656818219,
1,8.070413526429865,
2,8.096660651757166,
3,8.635252738041508,
4,8.321802348385315,
1,-3.275323853138522,
2,-2.6732232309226083,
3,-3.3917761766527414,
4,-1.0574726170111024,
