Surfactant Concentration (M),Fracture Toughness (MPa·m^0.5)
2.2721405027837394,-6.919601222734128,Triphenyl phosphate/PBA
5.91032451326575,-7.219910454009389,Triphenyl phosphate/PBA
19.53019900682375,-7.372889767770371,Triphenyl phosphate/PBA
