EV (V),Crystallization Temperature (°C)
8,-1.636255782702725,
9,-1.6599439097402584,
13,-1.706807334420959,
17,-1.7215538514691586,
8,-2.6583907529303152,
9,-0.9860969667874429,
13,-2.074687538395278,
17,-5.042984610446377,
8,4.605376148294278,
9,6.2777639760970825,
13,5.189270932577913,
17,7.685999163644271,
8,8.320301619138869,
9,8.99147376731824,
13,13.615200586489149,
17,8.205090570892917,
