Electron Beam Dose (Gy),Electric Field Strength (V/m)
3.7769977497182627,0.8846194101905941,
7.475866112156302,0.796298045579511,
14.56721952124926,0.5541631693822824,
15.095408747325031,0.5236943690049543,
19.042892974013597,0.463610493076977,
1.4310694551349012,1.134887689340293,
6.259747264910221,0.3760179805992466,
10.254063851211185,0.350562308596965,
15.948693295319732,0.14122123979363355,
18.589830451141577,0.0922609032719551,
