Exposure Time (h),Glass Transition Temperature (°C)
2.0957159571749573,-3.802111659843698,0.55% Carbon nanofibers
6.89766807422094,0.38183756634427013,0.55% Carbon nanofibers
7.055361601750096,7.631039595533315,0.55% Carbon nanofibers
8.664308162040955,-1.2643296830650215,0.55% Carbon nanofibers
14.034892503639183,161.38934025326583,0.55% Carbon nanofibers
