Pressure (Pa),Thermal Diffusivity (mm²/s)
3,2.7059577524210785,
6,2.4891200415328085,
11,2.2570500530499458,
17,2.1172816644665104,
3,-5.808070973548859,
6,-5.953262445171467,
11,-5.7895109230142605,
17,-0.6123637291170887,
