Crosslinking Density (mol/m³),Impact Strength (kJ/m²)
0,-6.378939752026186,
4,-6.811482236376249,
19,-7.334293706079074,
