Rotational Speed (rpm),Crystallization Temperature (°C)
7.261292734350359,17.109893510315693,0.16% Dodecylbenzenesulfonic acid
10.270074373686144,16.49457313533202,0.16% Dodecylbenzenesulfonic acid
11.581752333848751,70.71492169181067,0.16% Dodecylbenzenesulfonic acid
12.040770703613209,63.396114899022855,0.16% Dodecylbenzenesulfonic acid
15.333975555282107,122.07021179667765,0.16% Dodecylbenzenesulfonic acid
