Dielectric Constant,Magnetoresistance
6.804100031776419,-1.0615898936152632,0.27% single-walled CNT/BR
7.412260061176532,-1.0807016543760746,0.27% single-walled CNT/BR
14.241704585035432,-1.169098053664042,0.27% single-walled CNT/BR
6.804100031776419,2.5314794507353584,0.22% single-walled CNT/BR
7.412260061176532,2.4378569496502513,0.22% single-walled CNT/BR
14.241704585035432,2.2395393855741736,0.22% single-walled CNT/BR
