Synthesis Time (min),Galvanic Potential (V)
1,7.352585376582567,0.62% montmorillonite/PVAL
12,10.690883981412874,0.62% montmorillonite/PVAL
19,28.476737108861304,0.62% montmorillonite/PVAL
0.4398141269371525,-2.293192248033421,0.65% montmorillonite/PVAL
9.615927913099728,0.6023212918383711,0.65% montmorillonite/PVAL
9.63685462040883,0.39561521562583746,0.65% montmorillonite/PVAL
