vol%,Zero-shear Viscosity (Pa·s)
0,-6.296437203547676,
2,-5.270903288437825,
6,-0.9266516825495508,
16,-0.9827408079809921,
18,-222.7664212267779,
