Solvent Concentration (M),Peel Strength (N/m)
7.90542760364853,2.6953021962773316,0.65% Montmorillonite
8.093148635456831,2.633956142602515,0.65% Montmorillonite
14.251339408809876,2.4778609374147114,0.65% Montmorillonite
17.835304752079185,2.408439969986335,0.65% Montmorillonite
