Aging Time (h),Particle Size (nm)
6.4749375409306476,-3.4286331835989827,0.14% PAN
8.293051099762696,-3.4594214221215265,0.14% PAN
14.831809811141948,-3.53766796121769,0.14% PAN
6.4749375409306476,7.653248376925301,0.34% PAN
8.293051099762696,7.579370813659415,0.34% PAN
14.831809811141948,7.348568919447363,0.34% PAN
