Calcination Time (h),Pore Size (nm)
6,-4.279938645803544,0.75% carbon nanofibers
10,-0.3251709617451706,0.75% carbon nanofibers
11,-2.7835518534008252,0.75% carbon nanofibers
19,20.881498498580253,0.75% carbon nanofibers
