Neutron Flux (n/cm²/s),Hysteresis Loss (J/m³)
0.5990623851423282,1.5806473827160334,0.18% Calcium copper titanate
6.148104723286836,1.0780039272616881,0.18% Calcium copper titanate
14.966424699456962,0.791822166343695,0.18% Calcium copper titanate
0.5990623851423282,8.654009443434129,0.09% Calcium copper titanate
6.148104723286836,10.07824318243126,0.09% Calcium copper titanate
14.966424699456962,10.515420027451867,0.09% Calcium copper titanate
