Incubation Time (h),Ionic Conductivity (S/m)
3.0984938506976034,-3.490140503290556,
7.994914002898874,-4.136840251178265,
8.07993344332987,-3.2420353732653595,
12.58731518308551,-2.048643314757453,
17.875822137740908,7.8167070288438385,
11.123409617643736,-1.8253901043448084,
13.202317974310265,-1.8841811109143616,
15.422249112846577,-1.906194456200732,
16.73819885345976,-1.9444354129982364,
17.035164294189524,-1.9583882764416822,
