Rotational Speed (rpm),Zeta Potential (mV)
5.401588084808539,3.976675165016662,rGO/PEG
14.834418206585445,3.8076959585978383,rGO/PEG
15.555532860991349,3.8053223207365554,rGO/PEG
19.155555848268413,3.7985175956430175,rGO/PEG
5.401588084808539,4.059920888383089,Magnesium oxide/PEG
14.834418206585445,3.663445400477238,Magnesium oxide/PEG
15.555532860991349,3.666817722825667,Magnesium oxide/PEG
19.155555848268413,3.59369691853847,Magnesium oxide/PEG
