Solvent Concentration (M),Electric Field Strength (V/m)
1,4.9468806535264385,0.12% GO
2,4.325659222086871,0.12% GO
13,10.955678550013237,0.12% GO
19,2.2804477528734584,0.12% GO
1,-1.258606877930265,0.53% GO
2,-1.9622349358790967,0.53% GO
13,-16.67797481117721,0.53% GO
19,130.37009279603956,0.53% GO
