Neutron Flux (n/cm²/s),Intrinsic Viscosity (dl/g)
1,3.8306131234159713,
2,3.7667718606808664,
5,3.9331265938134052,
12,7.524425440531451,
2,3.6619576694004836,
6,8.928384042759351,
15,96.06709903068334,
18,263.3761167455725,
9.278697579726769,7.000941240729493,
13.30270613416651,8.504474635136386,
16.00316503380909,7.250914761574718,
17.27387052543843,10.172170466266394,
7,-6.718710098377675,
12,-6.8098244599755064,
17,-6.82995742399608,
19,-6.83298643441823,
