Calcination Time (h),Glass Transition Temperature (°C)
2,-0.6697142601102513,0.13% titania/ABS
8,10.883305466981508,0.13% titania/ABS
15,47.34750106478126,0.13% titania/ABS
16,237.5625623385589,0.13% titania/ABS
