Drying Time (h),Coefficient Of Thermal Expansion (1/K)
6,-1.833415689713462,
14,-1.9774918321934962,
16,-1.9841813384233147,
6,4.527768993208275,
14,97.8977139400971,
16,-13.897963254338135,
