Ultrasound Time (min),Flexural Strength (MPa)
2.3105383775802713,-0.926927632116552,
14.702348436392853,-12.320534925344015,
15.368606943900671,193.34184689486622,
