Drying Time (h),Flexural Strength (MPa)
2.5377363373839157,2.5119164747689915,0.67% carbon nanotube
10.34759158015495,-1.4187425738617883,0.67% carbon nanotube
15.747314733672699,58.039313699185655,0.67% carbon nanotube
2.5377363373839157,5.1407334287236734,0.44% carbon nanotube
10.34759158015495,4.658132036722473,0.44% carbon nanotube
15.747314733672699,4.618842649305307,0.44% carbon nanotube
