Loading Concentration (%),Conductivity (S/m)
3.3080253524873404,7.174401370983972,ZrO2/DGEBD
4.68288897339688,11.110546944152318,ZrO2/DGEBD
17.358745354414523,357.84750924081936,ZrO2/DGEBD
3,-3.5408720999843233,White mineral oil/DGEBD
8,-4.029796008364089,White mineral oil/DGEBD
19,-4.276843917671665,White mineral oil/DGEBD
