Incubation Temperature (°C),Galvanic Potential (V)
3,-3.381039753923986,
6,1.775007414753027,
8,8.35139421285163,
13,26.566587983604396,
17,227.948608195279,
19,285.1720796024848,
3,4.306579408677049,
6,3.884493955561353,
8,3.8568418887554765,
13,3.706748491710178,
17,3.604569758679147,
19,3.5544776554597246,
3,-6.3894649909855525,
6,-6.437316056801982,
8,-6.505243153529058,
13,-6.665085491798633,
17,-6.770537117194177,
19,-6.789916663571508,
