Strain,Tensile Strength (MPa)
11,-4.192675931919025,Poly(acrylamide)
12,-4.234874822399018,Poly(acrylamide)
15,-4.336980453693032,Poly(acrylamide)
18,-4.381733650527933,Poly(acrylamide)
