Nanoparticle Mass (%),Thermal Resistance (K/W)
8.008984403712509,-7.026395365891506,PVA
13.252404121448675,-7.197178409644031,PVA
14.337188620554645,-7.230753006629233,PVA
18.471446688667562,-7.327865988959693,PVA
8.008984403712509,-1.8196893328774224,PBAT
13.252404121448675,-1.8888895818092477,PBAT
14.337188620554645,-1.89517097405542,PBAT
18.471446688667562,-1.904217150579839,PBAT
