Ultrasound Time (min),Thermal Diffusivity (mm²/s)
5,4.066500581953267,0.2% Graphene
14,3.8259727202246525,0.2% Graphene
18,3.815435235385625,0.2% Graphene
5,-2.2300047749507423,0.02% Graphene
14,-2.391352570352342,0.02% Graphene
18,-2.401716304440443,0.02% Graphene
5,-5.437333945289152,0.67% Graphene
14,-5.662736291310071,0.67% Graphene
18,-5.674208607033246,0.67% Graphene
