Degradation Temperature (°C),Shear Viscosity (Pa·s)
1,8.883797165111472,OMMT/PAI
3,8.576222407291766,OMMT/PAI
4,8.639080248813347,OMMT/PAI
12,8.28045434041763,OMMT/PAI
16,8.162975273220678,OMMT/PAI
1,2.6367545376927763,montmorillonite/PAI
3,2.262226428850515,montmorillonite/PAI
4,2.171048131797098,montmorillonite/PAI
12,1.9784892949029909,montmorillonite/PAI
16,1.9607021904738478,montmorillonite/PAI
