Heat Capacity (J/K),Flexural Strength (MPa)
2,1.901125501253373,0.05% carbon nanotube
3,1.9701924772077262,0.05% carbon nanotube
6,1.7566033424678313,0.05% carbon nanotube
8,1.5897360002584837,0.05% carbon nanotube
14,1.4420386867307555,0.05% carbon nanotube
19,1.3440274772562786,0.05% carbon nanotube
