Storage Time (days),Magnetoresistance
3,5.741649604069462,
15,5.335414351585685,
18,5.281650915840523,
6.6876232484655755,2.45671348067908,
12.753040291092185,32.25114609681537,
16.423608339793393,-17.647556937102344,
0,7.959042973860349,
13,7.125027650750914,
15,7.082479230090726,
2,6.743104518143031,
8,6.162853925266884,
19,6.073584756767778,
0,-3.872284403742248,
8,-4.43929404762377,
17,-4.672607612687568,
