Mixing Time (min),Permittivity
0,6.976860925963365,PUR
3,6.454163869111097,PUR
12,6.2222224583942545,PUR
0,-1.799083848509079,Poly(ethyl methacrylate)
3,-1.5063591672809356,Poly(ethyl methacrylate)
12,1.6388530150266876,Poly(ethyl methacrylate)
0,2.7134527131592954,PEMA
3,2.6682247411727364,PEMA
12,2.714808770143914,PEMA
0,-6.633326740164427,PA 8
3,-6.090845796533914,PA 8
12,-0.30434125471736806,PA 8
