Heat Treatment Temperature (°C),Tensile Strength (MPa)
13.342600574621565,82.23068530745589,silicon dioxide/PP
17.09860470875077,545.490733500309,silicon dioxide/PP
17.404757918961664,-67.87508106575864,silicon dioxide/PP
19.864602380445692,-62.39258184406124,silicon dioxide/PP
