Dispersing Time (min),Loss Factor
2.0610462385103356,1.123562372565408,0.58% Aluminium/PEKK
8.831484754809033,3.8403562694883693,0.58% Aluminium/PEKK
12.43191779608897,2.686258693406896,0.58% Aluminium/PEKK
