Thermal Diffusivity (mm²/s),Degradation Temperature (°C)
4.7713465883243655,-3.5532152131309127,0.37% Paraffin oil
5.78271125845429,-3.2156247402972253,0.37% Paraffin oil
6.192080211316391,-2.0397797343349993,0.37% Paraffin oil
10.55286110582345,-0.37529105702161036,0.37% Paraffin oil
12.610912048361405,-3.210987241085009,0.37% Paraffin oil
14.938432202733352,2.9527306686488792,0.37% Paraffin oil
