Pore Volume (cm³/g),Complex Viscosity (Pa·s)
6,1.960738748584509,
12,1.8043324970803347,
19,1.7816212857257259,
