Polymer Molecular Weight (g/mol),Particle Size (nm)
6,10.063528322500122,0.78% rGO
8,13.445731202540966,0.78% rGO
14,105.00432524945178,0.78% rGO
19,494.1269083029497,0.78% rGO
6,-2.759920693137231,0.09% rGO
8,-2.8692297055056746,0.09% rGO
14,-2.953768669069287,0.09% rGO
19,-2.9650438681922267,0.09% rGO
6,-1.9546771645387593,0.1% rGO
8,-1.5774086900996829,0.1% rGO
14,-0.6894607493648426,0.1% rGO
19,6.474704168000727,0.1% rGO
