Electric Field (V/m),Tg (°C)
1,6.051616302384924,0.06% Al2O3/UPR
3,6.175790885605068,0.06% Al2O3/UPR
9,7.711971938358137,0.06% Al2O3/UPR
18,4.210083070019878,0.06% Al2O3/UPR
