Degradation Temperature (°C),Magnetoresistance
11.621398893273298,39.79519115223488,MMT/DGEBD Epoxy Resin
13.444973503363592,53.313186454285095,MMT/DGEBD Epoxy Resin
18.61722022535031,812.5447682515633,MMT/DGEBD Epoxy Resin
11.621398893273298,16.21299113161583,nanosilica/DGEBD Epoxy Resin
13.444973503363592,31.44473628723418,nanosilica/DGEBD Epoxy Resin
18.61722022535031,665.0287738892162,nanosilica/DGEBD Epoxy Resin
11.621398893273298,5.101989481938455,graphene/DGEBD Epoxy Resin
13.444973503363592,5.044272404103657,graphene/DGEBD Epoxy Resin
18.61722022535031,4.943880217781413,graphene/DGEBD Epoxy Resin
