Degradation Temperature (°C),Electronic Conductivity (S/m)
2,-3.2242787933584074,
3,-3.2529988599018993,
6,-3.3700187767911145,
11,-3.6985224918785296,
15,-3.7852734878871725,
1,-6.054343707387291,
3,-5.089578172447925,
7,2.0541425929721377,
8,5.698076044284097,
13,84.7013173940407,
0,-3.8224170491778824,
1,-3.781987437531101,
3,-3.1619245481791505,
6,-2.271691678792801,
9,0.6030172908181672,
