Crystallization Temperature (°C),Ionic Conductivity (S/m)
8,5.286676579872747,0.42% multi-walled CNT
15,5.202300742390361,0.42% multi-walled CNT
19,5.194752540375178,0.42% multi-walled CNT
8,7.888655066781743,0.43% multi-walled CNT
15,7.802801452623047,0.43% multi-walled CNT
19,7.794939083446626,0.43% multi-walled CNT
