Annealing Temperature (°C),Magnetic Anisotropy (J/m³)
6.290454981163651,-4.322654950410751,0.65% PbS
10.730616406033434,-5.527068238070231,0.65% PbS
11.355817799950081,-5.601349140456662,0.65% PbS
12.667257912965226,-6.531087521964061,0.65% PbS
