Rotational Speed (rpm),Young’s Modulus (GPa)
13.228382235889665,2.989067574073948,
16.439223767420064,2.905163684285585,
19.036982655525478,2.854170119719262,
13.228382235889665,4.594692015948938,
16.439223767420064,7.818436092352645,
19.036982655525478,3.997058999056482,
