Exposure Time (h),Kinematic Viscosity (mm²/s)
2,-5.227498809938475,
15,55.47941073448682,
16,10.4449882909079,
17,460.6908686661593,
2,-6.9394847177699495,
15,2.560453472097416,
16,-0.11915792010066628,
17,-0.10093095519659201,
2,4.563460400801288,
15,4.200333698920326,
16,4.191792201137915,
17,4.163414760837243,
