Strain,Particle Size (nm)
0.3453132025992356,-0.26969459999798584,
5.531577324243768,-1.2402644424042895,
16.182697262951717,-1.3944084617901094,
0.3453132025992356,8.203038999165907,
5.531577324243768,8.153016562470999,
16.182697262951717,10.735408155910747,
0.3453132025992356,-4.432681969281624,
5.531577324243768,-3.9738742093532298,
16.182697262951717,-8.805673605586684,
