Crosslinking Density (mol/m³),Melting Temperature (°C)
2,9.464567189075703,
3,10.438101099402358,
10,30.038599255448098,
15,94.0164009127968,
19,350.51798659874805,
