UV Exposure Time (h),Galvanic Potential (V)
16.63192932267743,5.7306494627105495,0.06% MWCNTs/PVAL
16.931448182448865,5.730181514399102,0.06% MWCNTs/PVAL
17.80092357212569,5.729019898302093,0.06% MWCNTs/PVAL
16.63192932267743,11.058155431698605,0.39% MWCNTs/PVAL
16.931448182448865,14.194619423631151,0.39% MWCNTs/PVAL
17.80092357212569,5.995017262389697,0.39% MWCNTs/PVAL
