Rotational Speed (rpm),Crystallinity (%)
7.737475728388448,-4.54427385180228,0.37% Aluminium/EPDM rubber
11.302920629402122,-4.616258033367335,0.37% Aluminium/EPDM rubber
18.150262937797866,-4.644634781984974,0.37% Aluminium/EPDM rubber
