Heat Capacity (J/K),Galvanic Potential (V)
0,7.934433528790927,
13,7.007766728836719,
14,7.0024679964402345,
0,2.4339242606792197,
13,1.5622163706621128,
14,1.5560761622021493,
0,-4.092835210399952,
13,-5.1380767126992035,
14,-5.1438615568149,
0,-4.754017494528979,
13,-5.677215701916734,
14,-5.701362860967372,
0,1.5871898601377414,
13,91.23043973281953,
14,41.01458989030359,
