wt% (%),Tan Delta
9.672295610257812,22.983826491531783,PMMA-PtBA
9.916389679273774,27.290538481556997,PMMA-PtBA
14.385990299388808,22.939018040595155,PMMA-PtBA
15.280174239855613,171.35369968355639,PMMA-PtBA
18.25639863352673,192.76737562365346,PMMA-PtBA
