Calcination Temperature (°C),Fracture Toughness (MPa·m^0.5)
1.6776308133702345,4.741875727740506,0.11% BaTiO3/Poly(2-hydroxyethyl acrylate)
2.639149418356599,5.645075367083031,0.11% BaTiO3/Poly(2-hydroxyethyl acrylate)
5.177689208823657,9.109270854397138,0.11% BaTiO3/Poly(2-hydroxyethyl acrylate)
13.986626553659892,84.34198224161085,0.11% BaTiO3/Poly(2-hydroxyethyl acrylate)
1.6776308133702345,-4.66136747991624,0.04% BaTiO3/Poly(2-hydroxyethyl acrylate)
2.639149418356599,-4.841661582016661,0.04% BaTiO3/Poly(2-hydroxyethyl acrylate)
5.177689208823657,-5.059053520315257,0.04% BaTiO3/Poly(2-hydroxyethyl acrylate)
13.986626553659892,-5.2518838246695605,0.04% BaTiO3/Poly(2-hydroxyethyl acrylate)
