Time (s),Glass Transition Temperature (°C)
2.807287548101851,4.522603195593723,"0.73% Iron (II,III) Oxide/VER"
9.740937702660869,21.626141235261017,"0.73% Iron (II,III) Oxide/VER"
14.887748370118803,29.129663944459793,"0.73% Iron (II,III) Oxide/VER"
17.28027370512937,153.78584071778585,"0.73% Iron (II,III) Oxide/VER"
