Electron Beam Dose (Gy),Loss Factor
1,-5.583387248843209,
2,-6.15061647079485,
7,-4.341662416928396,
1,-1.0696483173834586,
2,-0.9898245291825463,
7,-1.3881581185808458,
1,-0.28147282302589693,
2,-0.3602423556496268,
7,6.471126300028827,
1,4.120616151564052,
2,3.8477881147389446,
7,3.551695423634423,
