Holding Time (min),Tensile Strength (MPa)
4,6.444103407114864,0.31% Talcum
6,6.387732683759835,0.31% Talcum
7,6.331960076573043,0.31% Talcum
16,6.228116102785311,0.31% Talcum
4,4.572163449918756,0.48% Talcum
6,5.897382909012272,0.48% Talcum
7,4.870986000481257,0.48% Talcum
16,12.130674562163707,0.48% Talcum
