Glass Transition Temperature (°C),Specific Heat (J/(g·K))
8.754595662051203,-2.617719581420203,PET
15.248245444940629,-2.8162730768290634,PET
19.23095042600275,-2.891929356942912,PET
19.303581382748035,-2.87828181150404,PET
