Nanoparticle Volume (%),Elastic Modulus (GPa)
4.359555862192641,3.3642580459768445,
8.61263124407824,3.1942177660187294,
11.63285624446302,3.145778096737375,
4.359555862192641,-1.3565715024246527,
8.61263124407824,3.9882216358440257,
11.63285624446302,-24.662878045232148,
