Surfactant Concentration (M),Shear Viscosity (Pa·s)
3,-1.3688415289039808,
5,-1.5102446985275026,
9,-1.7284913422642063,
17,-1.9706173150038366,
19,-1.9945984297820807,
3,-0.001983086607201978,
5,-0.2475156709729556,
9,-0.3931522880357675,
17,-0.45455209922027073,
19,-0.45715972897690543,
