Reaction Time (h),Hardness (HV)
11,4.94558812277407,
12,4.915672809784281,
13,4.908803691232122,
15,4.871298385380659,
17,4.792793941590229,
11,1.4035801411601905,
12,1.391325143913299,
13,1.389754817015966,
15,1.3796174567315431,
17,1.374554645854904,
11,-3.6483029257297224,
12,-3.6669088008081836,
13,-3.7010355582446373,
15,-3.7492106513161754,
17,-3.7919384568036603,
