Aging Temperature (°C),Shear Strength (MPa)
0.9248140798960325,-2.259463623727534,0.71% TiO2/PVP
2.636862489085521,-2.8558145785516076,0.71% TiO2/PVP
7.844714679172902,-3.1397997516713123,0.71% TiO2/PVP
16.384417435040387,-3.2282012151205155,0.71% TiO2/PVP
