Time (s),Young’s Modulus (GPa)
7,-4.471950923008549,
8,-5.256496802262455,
10,-4.204887462805042,
7,-6.488193676082174,
8,-4.1851758889669775,
10,-5.453345088211066,
7,-2.492239739260261,
8,-2.5093438488071134,
10,-2.57547819596495,
7,9.010149773258302,
8,8.003080001079992,
10,40.82065449637658,
