Pore Volume (cm³/g),Bet Surface Area
4.8493207157155265,5.435015219713513,PbS/P(VDF-HFP)
11.152213857080898,33.08589707642974,PbS/P(VDF-HFP)
11.589420519501646,10.909129223332185,PbS/P(VDF-HFP)
