Curing Temperature (°C),Glass Transition Temperature (°C)
6,-1.4498910713603932,1.0% ZrO2
10,-0.8855940663496757,1.0% ZrO2
13,1.8578964915894263,1.0% ZrO2
6,7.239767845326517,0.14% ZrO2
10,6.577839169373611,0.14% ZrO2
13,12.052288833744168,0.14% ZrO2
