Thermal Diffusivity (mm²/s),Bulk Modulus (GPa)
3,-4.793460240297738,
10,-5.13169637828901,
19,-5.363152908838409,
3,4.099876366262775,
10,3.7643142606513154,
19,3.7195972548855583,
3,8.408152697348223,
10,36.066746878772946,
19,959.6660090655676,
3,7.198895540909277,
10,7.718229149650222,
19,26.037134535317442,
3,3.8408902136294167,
10,3.281456097747549,
19,3.059916148641064,
