Electron Beam Dose (Gy),Electrical Resistivity (Ω·m)
2.4509042858280528,-7.55512226389183,DGEBD
11.64831706912149,-7.940172754229739,DGEBD
11.86170191549488,-7.9439619029601864,DGEBD
