vol% (%),Intrinsic Viscosity (dl/g)
2,5.829203105048052,
4,6.759424076461192,
13,47.74808540721347,
16,214.7309702209516,
17,316.6243012713511,
