Nanoparticle Mass (%),Loss Modulus (Pa)
1,2.8692034592350706,Poly(glycidyl methacrylate)
7,10.112354933654053,Poly(glycidyl methacrylate)
14,10.843947173525777,Poly(glycidyl methacrylate)
18,147.66380027951692,Poly(glycidyl methacrylate)
1,0.9150378942560718,UPR
7,0.14147750500439032,UPR
14,0.04457408164783892,UPR
18,0.033103930410284234,UPR
