Temperature (°C),Thermal Conductivity (W/(m·K))
10.607865728551424,3.621998941220811,0.58% CuPP/Polybutadiene
15.34402924279834,3.497879379138856,0.58% CuPP/Polybutadiene
15.897545603729919,3.473574709906319,0.58% CuPP/Polybutadiene
