Rotational Speed (rpm),Glass Transition Temperature (°C)
3.947287229825698,11.28842807896595,0.95% montmorillonite K-10/SAN
14.386553409146538,116.32191106441186,0.95% montmorillonite K-10/SAN
15.66787466781598,170.48181438151968,0.95% montmorillonite K-10/SAN
3.947287229825698,2.2631318075087927,0.32% montmorillonite K-10/SAN
14.386553409146538,33.69431043332992,0.32% montmorillonite K-10/SAN
15.66787466781598,120.86747509400895,0.32% montmorillonite K-10/SAN
