wt%,Thermal Stability (°C)
12.042546653960596,1.223763803268292,silicon dioxide/PBuA
16.93151360070709,1.0952747053052556,silicon dioxide/PBuA
18.38192810630308,1.0703989822772226,silicon dioxide/PBuA
19.742715648577807,1.0581206399431808,silicon dioxide/PBuA
12.042546653960596,0.4223295816418666,multi-wall carbon nanotubes/PBuA
16.93151360070709,-0.05236237044836223,multi-wall carbon nanotubes/PBuA
18.38192810630308,10.685589794486447,multi-wall carbon nanotubes/PBuA
19.742715648577807,4.899807095951983,multi-wall carbon nanotubes/PBuA
