Shear Rate (1/s),Viscosity (Pa·s)
0.8455627314004377,5.527108365479702,0.41% Molybdenum Disulphide
1.8796222372076588,5.144081109552836,0.41% Molybdenum Disulphide
6.0561293528830245,8.727776358855523,0.41% Molybdenum Disulphide
0.8455627314004377,3.9731026775545857,0.08% Molybdenum Disulphide
1.8796222372076588,3.547395865518165,0.08% Molybdenum Disulphide
6.0561293528830245,3.2004997950213134,0.08% Molybdenum Disulphide
0.8455627314004377,4.308801432800536,0.56% Molybdenum Disulphide
1.8796222372076588,4.3430060779507755,0.56% Molybdenum Disulphide
6.0561293528830245,3.881359391214245,0.56% Molybdenum Disulphide
