Thermal Diffusivity (mm²/s),Shear Strength (MPa)
1.6361266958687914,-6.791235868251518,Acetylene black/Nylon 12
8.548381952103764,-7.0348820261257705,Acetylene black/Nylon 12
16.495809225914748,-7.302692712383528,Acetylene black/Nylon 12
1.6361266958687914,-1.862680969608622,single-walled CNTs/Nylon 12
8.548381952103764,-0.9322192282620745,single-walled CNTs/Nylon 12
16.495809225914748,6.832729567198204,single-walled CNTs/Nylon 12
