Crystallization Temperature (°C),Reduction Potential (V)
9.035024119234702,-1.2247508841471624,Silicon dioxide/PEVA
13.99144129203869,-1.3417951252185263,Silicon dioxide/PEVA
18.07726416864294,-1.4371093066016416,Silicon dioxide/PEVA
