Synthesis Time (min),Coercivity (A/m)
2.1383605556710594,-5.355905236262263,0.79% Fe2O3
9.599511272483527,-5.7056550151592464,0.79% Fe2O3
11.04916860369589,-5.753298471539228,0.79% Fe2O3
14.239371454247403,-5.847043916052516,0.79% Fe2O3
