Young’s Modulus (GPa),Bet Surface Area
9,18.803612839033242,
13,44.33561528327542,
19,794.85980721818,
9,5.308321343382423,
13,5.148845956647645,
19,5.005039474343088,
9,-4.659559570328535,
13,-1.880954075572241,
19,5.2211820528212005,
9,-7.471182833011013,
13,-7.593526864652014,
19,-7.719556832922949,
