Electric Field (V/m),Young’s Modulus (GPa)
6,-0.5878515154091204,
10,2.79232519927515,
11,1.764013099928662,
