Aging Temperature (°C),Heat Of Fusion (J/g)
1,4.98596617958244,PAN
7,4.474335549395725,PAN
8,4.3655906326101706,PAN
9,4.296585768386656,PAN
17,4.114392761908958,PAN
