Thermal Conductivity (W/(m·K)),Particle Size Distribution
10,0.029707177700718526,0.02% talc
11,0.016073970994172328,0.02% talc
13,-0.0004172231679676307,0.02% talc
10,8.378456712839466,0.67% talc
11,9.447894869288756,0.67% talc
13,9.22253588302528,0.67% talc
10,31.92821797774551,0.45% talc
11,18.79335330070977,0.45% talc
13,71.78053493767476,0.45% talc
10,-4.0109811944154465,0.18% talc
11,-4.018789285002281,0.18% talc
13,-4.062660129691001,0.18% talc
