Drying Time (h),Impact Strength (kJ/m²)
6,15.04953156328781,fumed silica/PEMA
8,19.196339351652227,fumed silica/PEMA
10,38.24276806471838,fumed silica/PEMA
12,52.47837109269805,fumed silica/PEMA
18,120.49302557124123,fumed silica/PEMA
6,0.15191725350822605,rGO/PEMA
8,0.04628170458272929,rGO/PEMA
10,0.0039061416555223327,rGO/PEMA
12,-0.05852800319594842,rGO/PEMA
18,-0.19364234505020447,rGO/PEMA
