Time (s),Bulk Modulus (GPa)
1,-0.7529784293501076,silicon dioxide/PBA-a
3,-1.0339625255792684,silicon dioxide/PBA-a
4,-1.0132943165061774,silicon dioxide/PBA-a
6,-1.337497129532162,silicon dioxide/PBA-a
15,-1.5566757605226604,silicon dioxide/PBA-a
19,-1.6381481390837949,silicon dioxide/PBA-a
1,2.6829937225882876,TiO2/PBA-a
3,2.9958305234280695,TiO2/PBA-a
4,2.0627640243142755,TiO2/PBA-a
6,2.1444618959771136,TiO2/PBA-a
15,4.85934738370504,TiO2/PBA-a
19,4.44418484176184,TiO2/PBA-a
