Evaporation Temperature (°C),Electronic Conductivity (S/m)
4.194585368020654,0.5289174383685671,
5.32509864975955,0.5670775868763815,
10.315849332270204,-0.7979821530301354,
17.93057122314686,263.8972166607158,
