Crystallization Temperature (°C),Tg (°C)
0.9687396103876167,-4.33456803894339,0.07% silica nanoparticles
12.498014200790568,21.984198510694874,0.07% silica nanoparticles
15.970313104375853,-20.848864720963284,0.07% silica nanoparticles
0.9687396103876167,7.942111689144909,0.47% silica nanoparticles
12.498014200790568,11.494036850158295,0.47% silica nanoparticles
15.970313104375853,3.8395228190619175,0.47% silica nanoparticles
