vol%,Thermal Diffusivity (mm²/s)
2.3292783477904133,5.355585905819255,DGEBD Epoxy Resin
7.234907627051024,5.79891052149363,DGEBD Epoxy Resin
11.635513176320629,7.104461895409832,DGEBD Epoxy Resin
2.3292783477904133,1.202166018268827,E-SBR
7.234907627051024,0.7082176906016537,E-SBR
11.635513176320629,0.5022324211689632,E-SBR
2.3292783477904133,7.933737680116922,BPA-Ph
7.234907627051024,15.110355093775865,BPA-Ph
11.635513176320629,40.09863083998909,BPA-Ph
