Specific Surface Area (m²/g),Thermal Resistance (K/W)
0.29461614131103486,-1.1304646422548186,
4.568874776872301,0.4115098923021643,
5.940671087955602,5.0734063370701605,
8.206895673493635,12.23342897867834,
16.86964222485644,285.3524499899644,
0.26076150320107017,7.666233794317519,
2.212594759146016,7.370792833126535,
10.482667858912095,6.987908221216042,
18.20498526289935,6.799834597302547,
19.099232066041402,6.780118832441876,
