Solvent Concentration (M),Remanence (A/m)
2.4842665191879765,-5.167503967971906,BXZ
11.780786175324131,-5.655350377466115,BXZ
17.670942313370965,-5.676628526276637,BXZ
2.4842665191879765,2.6975035196929524,DGEBF
11.780786175324131,5.851086465677082,DGEBF
17.670942313370965,13.4723458752524,DGEBF
2.4842665191879765,-1.8753101426840932,Poly-trifluoroethylene
11.780786175324131,-2.2933578023675834,Poly-trifluoroethylene
17.670942313370965,-2.31551032528826,Poly-trifluoroethylene
