Mixing Time (min),Poisson’s Ratio
5,-3.1069574321395748,
15,-3.493357405603088,
17,-3.522191258065458,
18,-3.543221945171972,
