Tensile Strength (MPa),Tan Delta
7,-6.431479438292945,
8,-6.471932208483641,
9,-6.494772245756622,
14,-6.550264621361609,
7,2.019313820482041,
8,2.0045594330369343,
9,1.969124186399581,
14,1.916692373838528,
7,-0.15468780354278788,
8,0.73107775876103,
9,-0.3141366798471976,
14,1.5224738088007426,
7,3.4230437349223743,
8,3.375535404540659,
9,3.3090552505433095,
14,3.1936423017625835,
