Heat Treatment Temperature (°C),Magnetic Anisotropy (J/m³)
10.68151244046912,2.522268626290877,
13.470528491158031,2.4982025355355715,
13.955098058612394,2.4955495434456245,
16.876277994397217,2.487124373178448,
18.87799499500566,2.4839363216829526,
1.3661075600055206,6.323236384416316,
13.003953779879566,26.87769436482256,
16.693337857087535,460.0134091948775,
17.34238441999572,145.17341639854286,
18.778408088379237,288.8216278936597,
