Stirring Speed (rpm),Fracture Toughness (MPa·m^0.5)
0,-5.143044087697579,0.81% OFG/PUR
2,-4.101383486382334,0.81% OFG/PUR
6,-0.09424136126881422,0.81% OFG/PUR
13,80.94895475176907,0.81% OFG/PUR
15,57.02821165558234,0.81% OFG/PUR
19,642.7167708400574,0.81% OFG/PUR
