Calcination Temperature (°C),Thermal Stability (°C)
4,-4.395145590765297,
9,-4.5723394937996185,
12,-4.606639184019972,
15,-4.62206304430226,
4,6.241035880507501,
9,5.947089832593398,
12,5.86833781039351,
15,5.7876048100490864,
4,3.2581705642688665,
9,7.32161754245298,
12,18.69655875264813,
15,27.409816279572162,
4,2.4511543710377177,
9,2.104957398090605,
12,2.0070222581957964,
15,1.9493944495773892,
