Rotational Speed (rpm),Coercivity (A/m)
5.080080659551134,6.787248468250077,0.71% CaCu3Ti4O12/Polyrotaxane
6.3062462413234215,6.718251376958246,0.71% CaCu3Ti4O12/Polyrotaxane
17.601625652828687,6.568125441696021,0.71% CaCu3Ti4O12/Polyrotaxane
5.080080659551134,4.926648302034286,0.4% CaCu3Ti4O12/Polyrotaxane
6.3062462413234215,4.823889515333051,0.4% CaCu3Ti4O12/Polyrotaxane
17.601625652828687,4.6949176840763975,0.4% CaCu3Ti4O12/Polyrotaxane
5.080080659551134,2.9400994244779075,0.74% CaCu3Ti4O12/Polyrotaxane
6.3062462413234215,2.9098741545501867,0.74% CaCu3Ti4O12/Polyrotaxane
17.601625652828687,2.764636687136012,0.74% CaCu3Ti4O12/Polyrotaxane
