Particle Size (nm),Pore Volume (cm³/g)
1.4946068329000117,-1.6283418576465931,0.74% aluminum/PBD
4.200611516026185,-1.9549364106654672,0.74% aluminum/PBD
5.53759756402409,-2.020507201188481,0.74% aluminum/PBD
17.323255367866995,-2.4649418312268785,0.74% aluminum/PBD
17.76958712113432,-2.474609105672271,0.74% aluminum/PBD
