Surfactant Concentration (M),Melting Temperature (°C)
4,-0.9061735391084835,
9,11.202239813517492,
10,13.83336771628982,
17,-79.69017913860517,
18,209.99045040207267,
19,585.4703945645211,
4,0.982843261193325,
9,0.7008801915546922,
10,0.6834024974496113,
17,0.6437463112957923,
18,0.6422914055326936,
19,0.641237462192472,
