Stirring Speed (rpm),Fracture Toughness (MPa·m^0.5)
0,3.20174976586374,
14,2.14342578275318,
16,2.1057701180161508,
0,7.8707878813375425,
14,6.980015294594417,
16,6.972943603758401,
0,-5.047418617731566,
14,-6.112510358043537,
16,-6.118991854106867,
