Volume Fraction (%),Magnetic Anisotropy (J/m³)
0.9189146051518216,-4.184217091762265,Zirconium dioxide/SAN
3.177233609494128,-3.318433649902236,Zirconium dioxide/SAN
3.291403550638321,-3.391631583172067,Zirconium dioxide/SAN
3.7731296112140966,-3.9634454170776965,Zirconium dioxide/SAN
3.8866104973964655,-3.74555285750662,Zirconium dioxide/SAN
7.7907779266465615,-3.4321349849307414,Zirconium dioxide/SAN
18.11609357248215,6.637316457390067,Zirconium dioxide/SAN
