X-ray Dose (Gy),Impact Strength (kJ/m²)
2,-1.221620223209761,0.38% MWNTs
5,-0.07832937342845536,0.38% MWNTs
10,2.162631106495329,0.38% MWNTs
11,18.220348589435247,0.38% MWNTs
15,32.3276761289714,0.38% MWNTs
16,86.06063041130092,0.38% MWNTs
