Neutron Flux (n/cm²/s),Tg (°C)
2.8062917397900455,0.4257274459291708,0.09% cellulose nanocrystals
7.727824934442651,0.1175558484976405,0.09% cellulose nanocrystals
8.643335159564355,0.10740502591357282,0.09% cellulose nanocrystals
