Thickness (µm),Permittivity
8.192320617374321,-6.318440173899253,0.05% MWNT/PUR
11.004259294939189,-6.3778303137763,0.05% MWNT/PUR
16.66616545041916,-6.405272613462261,0.05% MWNT/PUR
