Volume Fraction (%),Flexural Strength (MPa)
0,-2.0940286589712365,iPP
5,-2.801864151609844,iPP
6,-2.884689141320782,iPP
15,-3.027095436414275,iPP
