Mechanical Strength (MPa),Melting Temperature (°C)
3,5.015463648807286,fumed silica/P2VP
4,5.633673379372436,fumed silica/P2VP
15,170.88897332359423,fumed silica/P2VP
19,297.7943352700837,fumed silica/P2VP
3,-2.349420433078161,silica/P2VP
4,-0.9857324159954959,silica/P2VP
15,215.67985953340957,silica/P2VP
19,1005.3531325953694,silica/P2VP
