Specific Surface Area (m²/g),Compressive Modulus (GPa)
0.10670136903961458,-5.866880780256927,0.41% polyaniline
12.895735387621512,-6.834947843369708,0.41% polyaniline
15.61224027113306,-6.846356722505294,0.41% polyaniline
18.989733285664954,-6.852180565666138,0.41% polyaniline
