Thermal Diffusivity (mm²/s),Reduction Potential (V)
1,-4.324613198902585,0.11% TPP
4,-4.768969920649612,0.11% TPP
14,-5.16464822984109,0.11% TPP
19,-5.237996470957582,0.11% TPP
1,-2.187975481890765,0.34% TPP
4,-2.653023951269138,0.34% TPP
14,-2.996166749132653,0.34% TPP
19,-3.109137423121279,0.34% TPP
