Pressure (Pa),Shear Viscosity (Pa·s)
3.1598491437427656,7.773567833134542,
11.450752989236932,7.347010952579755,
17.57968057917775,7.179906861167974,
3.1598491437427656,4.774743724144264,
11.450752989236932,4.2923106492002105,
17.57968057917775,4.162860601814868,
