Annealing Temperature (°C),Shear Viscosity (Pa·s)
10,-3.7193149625990074,
11,-1.7832400554666412,
14,0.8799691596057091,
18,8.96253506788333,
10,-0.5882384404222529,
11,-0.21646896110851221,
14,-1.187153799978443,
18,10.095071847792449,
10,3.7623615742970333,
11,3.7486545305254775,
14,3.7273052087353626,
18,3.7174290926379645,
10,19.57454401442986,
11,34.61576738156391,
14,62.28336120751881,
18,15.083565425343169,
