Drying Temperature (°C),Magnetic Anisotropy (J/m³)
0.5632379247941088,-6.149889381493307,Titanium dioxide/Polyamide-imide
4.576758169063817,-6.074475883781213,Titanium dioxide/Polyamide-imide
11.992107882181852,-6.485135881910614,Titanium dioxide/Polyamide-imide
0.5632379247941088,-5.091894167223294,graphite nanoplatelets/Polyamide-imide
4.576758169063817,-4.207526284792188,graphite nanoplatelets/Polyamide-imide
11.992107882181852,0.21676483798696822,graphite nanoplatelets/Polyamide-imide
