Pore Volume (cm³/g),Polarization Resistance (Ω·m²)
4,8.595234247109177,FeO/DGEBF
9,31.14474634965202,FeO/DGEBF
12,53.843986588966644,FeO/DGEBF
15,62.76796489379832,FeO/DGEBF
19,114.14501329693104,FeO/DGEBF
4,-6.357411267896508,exfoliated graphite/DGEBF
9,-6.5929680794764245,exfoliated graphite/DGEBF
12,-6.63272931150737,exfoliated graphite/DGEBF
15,-6.649591639697376,exfoliated graphite/DGEBF
19,-6.657255695783374,exfoliated graphite/DGEBF
