Frequency (Hz),Pore Volume (cm³/g)
13.480468046161063,3.6315125276641895,Channel black/PEO
15.126953375327734,5.130609395742161,Channel black/PEO
16.788726964982462,6.085014187295541,Channel black/PEO
19.177298995643362,1.6095451769323876,Channel black/PEO
19.666035362132995,32.15120656898473,Channel black/PEO
