UV Exposure Time (h),Poisson’s Ratio
5.279692923229902,2.661455986309393,0.28% fumed silica/BPA-Ph
17.26670754994559,2.2090957439961216,0.28% fumed silica/BPA-Ph
19.769823337382356,2.1699832472287097,0.28% fumed silica/BPA-Ph
