Heat Treatment Time (h),Saturation Magnetization (A/m)
7.08959472311869,5.0802752021179,PBI
14.346264547775123,79.73938193986251,PBI
18.994522622137584,265.1108219658086,PBI
19.693121135598155,-226.87681841006065,PBI
