wt% (%),Shear Modulus (GPa)
9.612434329459948,5.9745601685106715,PVAc
11.497478244998833,5.901344371295261,PVAc
12.931950793695528,5.867737313023744,PVAc
14.383068066354117,5.80974984559086,PVAc
