Film Thickness (µm),Remanence (A/m)
7,-2.3829219609805037,PR
13,-2.5117691996665434,PR
16,3.2865148319728332,PR
18,-5.85893128351899,PR
19,-24.724363713881843,PR
7,-1.318795200379461,Nylon 11
13,-1.4859958994588238,Nylon 11
16,-1.5629727310108008,Nylon 11
18,-1.5895767068712714,Nylon 11
19,-1.6030240415391765,Nylon 11
