Pressure (Pa),Crystallization Temperature (°C)
4,-5.94423730609831,Graphene/PCL
10,-4.345290741589643,Graphene/PCL
13,1.2045991976871075,Graphene/PCL
17,-2.615292380750346,Graphene/PCL
4,2.0191145471088006,titanium dioxide/PCL
10,4.347469164258584,titanium dioxide/PCL
13,3.144383974836865,titanium dioxide/PCL
17,5.671023729280847,titanium dioxide/PCL
