Time (s),Melting Temperature (°C)
6.070210599746924,-1.836238322163533,PVAL
12.809765494523894,-1.195588314878604,PVAL
15.734978685075639,80.33256795234301,PVAL
6.070210599746924,4.48541923023945,Poly(ethyl acrylate)
12.809765494523894,4.349731709710502,Poly(ethyl acrylate)
15.734978685075639,4.337676938035373,Poly(ethyl acrylate)
6.070210599746924,12.653399690719326,PAN
12.809765494523894,54.099281960879566,PAN
15.734978685075639,195.1655997392727,PAN
