Volume Fraction (%),Melting Temperature (°C)
13,-25.48551277085744,MoS2/PBTP
14,139.10219288841756,MoS2/PBTP
15,100.86053752964885,MoS2/PBTP
17,100.22403535175545,MoS2/PBTP
18,237.43491241018825,MoS2/PBTP
