Softening Temperature (°C),Complex Modulus (Pa)
0.7624886441085255,0.26479514024876805,Poly(butyl acrylate)
6.4104142409279135,3.1563962801195,Poly(butyl acrylate)
9.224808059599969,7.0712965849886125,Poly(butyl acrylate)
14.805508269285443,147.26455888718797,Poly(butyl acrylate)
18.975818894423828,120.69191626061703,Poly(butyl acrylate)
