Frequency (Hz),Fatigue Strength (MPa)
5,7.8610767636092955,Poly(ethylene)
9,12.474470537073577,Poly(ethylene)
13,83.53039490020993,Poly(ethylene)
18,437.2009750592948,Poly(ethylene)
5,5.652594369746313,Polyamide-imide
9,9.319799994953078,Polyamide-imide
13,41.443377827899724,Polyamide-imide
18,309.4135071449809,Polyamide-imide
5,3.4030107016434243,ABS
9,5.863591573983161,ABS
13,8.74234205056414,ABS
18,4.300046387562967,ABS
