Heat Treatment Temperature (°C),Heat Capacity (J/K)
1,1.853573024264176,0.36% zinc oxide
7,1.6106762026459132,0.36% zinc oxide
14,1.3177252806515867,0.36% zinc oxide
