Heat Treatment Temperature (°C),Intrinsic Viscosity (dl/g)
10.31403406835526,47.933301444772766,
11.307060668922375,-10.658923737282118,
16.617027363148342,36.42691426145262,
17.898243058133218,225.9276974406342,
10.31403406835526,1.043428897504481,
11.307060668922375,0.9561534574848417,
16.617027363148342,0.8476387196532718,
17.898243058133218,0.8185710063088762,
