Volume Fraction (%),Electrical Resistivity (Ω·m)
2.481963256470734,4.293368797319439,Synthetic fluorine mica/P(VDF-HFP)
9.667329172116151,5.6670297199505795,Synthetic fluorine mica/P(VDF-HFP)
9.716323284130091,5.842773110878605,Synthetic fluorine mica/P(VDF-HFP)
13.819828639698104,4.7993443703559375,Synthetic fluorine mica/P(VDF-HFP)
15.624431577990975,5.395843015287619,Synthetic fluorine mica/P(VDF-HFP)
