Crosslinking Density (mol/m³),Corrosion Rate (mm/year)
0.6747761513214479,-4.905014868736966,zirconium dioxide/S-EB-S
0.7189352675783134,-4.990881613099932,zirconium dioxide/S-EB-S
12.075225544315394,10.04774274663779,zirconium dioxide/S-EB-S
15.1727945036717,80.16247724035925,zirconium dioxide/S-EB-S
15.72651372618978,124.44510157188333,zirconium dioxide/S-EB-S
17.47220609653635,121.10951297188505,zirconium dioxide/S-EB-S
18.389618674928766,526.3403242496912,zirconium dioxide/S-EB-S
