Stirring Speed (rpm),Specific Heat (J/(g·K))
2.8009760888874924,-5.042118391844688,
6.509361968897583,-5.308360584678519,
7.019791894105579,-5.330673411627017,
17.555949356439225,-5.448332685569943,
2.8009760888874924,8.481708890141402,
6.509361968897583,10.313534444833763,
7.019791894105579,10.133326342743535,
17.555949356439225,7.000410673475213,
