Loading Concentration (%),Kinematic Viscosity (mm²/s)
7,0.7643988193363995,Poly(ethylene terephthalate)
10,19.028306744010273,Poly(ethylene terephthalate)
14,65.2451897905279,Poly(ethylene terephthalate)
16,266.35141462372417,Poly(ethylene terephthalate)
7,8.235296219974163,PA 6T
10,8.13202865881015,PA 6T
14,8.037387513368,PA 6T
16,8.00407583538057,PA 6T
7,8.241378676517748,aPP
10,20.950223340625485,aPP
14,20.420610818839776,aPP
16,30.364588153307494,aPP
