Electric Field (V/m),Electric Field Strength (V/m)
0.8130274803248683,6.053733041258523,0.43% MgO
7.978298594666249,20.992432956585155,0.43% MgO
8.812635662584775,17.457413973882467,0.43% MgO
0.8130274803248683,6.271574825077298,0.35% MgO
7.978298594666249,15.503078279332314,0.35% MgO
8.812635662584775,27.303568187156632,0.35% MgO
