Drying Temperature (°C),Crystallization Temperature (°C)
4,-3.2278298121402793,0.14% PVA
7,1.656424372154035,0.14% PVA
18,201.3755954094314,0.14% PVA
4,1.3053211817650268,0.19% PVA
7,-0.6021983730056786,0.19% PVA
18,15.237882118101668,0.19% PVA
4,1.4008767508597573,0.55% PVA
7,1.2508022669428185,0.55% PVA
18,1.1373513438199765,0.55% PVA
