Curing Time (min),Electric Field Strength (V/m)
4.239035168847685,6.570877436653321,
4.681711185355988,5.965102565534938,
5.995012193875365,6.821659906061719,
7.89303302150179,8.069599749581515,
8.78338203678394,8.911817259342193,
