Crosslinking Density (mol/m³),Electric Field Strength (V/m)
0.3838585036294839,-3.7039178369914687,0.03% Single-wall carbon nanotubes/PVB
13.549665211659402,1.4714653935496091,0.03% Single-wall carbon nanotubes/PVB
13.868817202076988,2.2279784617437013,0.03% Single-wall carbon nanotubes/PVB
