Particle Size (nm),Modulus Of Elasticity (GPa)
6,-4.845348753711795,
8,-4.920438565569014,
15,-5.1370664570752576,
16,-5.167873256129697,
18,-5.190527735459375,
6,16.711162133781123,
8,28.316861696413767,
15,88.40005901698595,
16,273.30613591996337,
18,570.4448905225854,
6,-6.324260000336434,
8,-6.417894778232424,
15,-6.49511658008084,
16,-6.497916354958146,
18,-6.501364513035784,
