X-ray Dose (Gy),Pore Volume (cm³/g)
3.369280065100231,-0.7257004233007291,nanosilica/Silicone rubber
6.240054414402163,0.918529497528402,nanosilica/Silicone rubber
7.347268066209449,1.7715175240966303,nanosilica/Silicone rubber
3.369280065100231,6.43902379670711,expanded graphite/Silicone rubber
6.240054414402163,6.033985606882959,expanded graphite/Silicone rubber
7.347268066209449,7.652502744210113,expanded graphite/Silicone rubber
