Film Thickness (µm),Coercivity (A/m)
5.433907509247988,9.723911730043348,triglycidyl para-aminophenol
5.934000241172566,8.093025151667264,triglycidyl para-aminophenol
7.524665359183789,12.110902353758908,triglycidyl para-aminophenol
6,5.7458654748361155,BECy
17,20.44993957804923,BECy
19,18.048319859185025,BECy
7.18564726640746,7.669940804742028,Polyurethane
17.94913328668197,7.561383367914815,Polyurethane
19.59254498867268,7.559650171278362,Polyurethane
