Film Thickness (µm),Passivation Current Density (A/m²)
2,-4.062104386771585,0.35% multi-walled CNTs
4,-2.98957936916798,0.35% multi-walled CNTs
14,86.18151815915925,0.35% multi-walled CNTs
2,-0.6596475309726219,0.6% multi-walled CNTs
6,-0.8236439413137221,0.6% multi-walled CNTs
17,-1.2069515720886663,0.6% multi-walled CNTs
