Synthesis Temperature (°C),Young’s Modulus (GPa)
1,-2.9484865884730302,0.22% talc
10,-3.359912446517349,0.22% talc
13,-3.44764998241102,0.22% talc
1,5.729997687938755,0.1% talc
10,9.685897945504585,0.1% talc
13,9.860061812095458,0.1% talc
1,-2.9438274930998523,0.65% talc
10,-2.1645685246506137,0.65% talc
13,-3.392671043923872,0.65% talc
