vol%,Electrical Conductivity (S/m)
5.162870997129558,3.2093156652374346,PAA
16.507155388508284,10.622105490778472,PAA
17.32796121399672,10.18071420794148,PAA
4,-2.7587845408371248,PVA
11,-3.211021746037958,PVA
18,5.982574554802708,PVA
12,57.354703565748764,sPP
15,140.9277531502552,sPP
16,174.72000135375748,sPP
0.39823441265922854,2.9679785378597803,Nylon 6
6.617068030677937,2.1130202353533107,Nylon 6
12.379085455792552,1.989013902840198,Nylon 6
