Elongation At Break (%),Tan Delta
5,4.625603572420013,PAMS
16,-37.265795928366295,PAMS
17,125.9690311538132,PAMS
5,1.8897136854670835,Poly(vinyl pyrrolidone)
16,332.7674653263891,Poly(vinyl pyrrolidone)
17,-4.0270849549316345,Poly(vinyl pyrrolidone)
5,7.3622045255873045,Poly(hexafluoro propylene)
16,13.215007420966277,Poly(hexafluoro propylene)
17,14.441374392868529,Poly(hexafluoro propylene)
