Pore Size (nm),Complex Viscosity (Pa·s)
7.053658085993217,-2.5083168204212116,0.32% Fullerene
12.525906904998775,-2.67432546269791,0.32% Fullerene
17.851735343864952,-2.803115382253143,0.32% Fullerene
2.4242135863532943,5.241625572964734,0.13% Fullerene
5.278417143336879,8.535155594823244,0.13% Fullerene
14.440568090407908,82.49592611517693,0.13% Fullerene
