Temperature (°C),Fatigue Strength (MPa)
2,4.929308959576279,0.76% graphene platelet/PBD
9,16.572958296621174,0.76% graphene platelet/PBD
15,125.05670325796135,0.76% graphene platelet/PBD
2,-6.608903060252507,0.16% graphene platelet/PBD
9,-7.099237546348856,0.16% graphene platelet/PBD
15,-7.154913730041142,0.16% graphene platelet/PBD
2,6.064963322759647,0.74% graphene platelet/PBD
9,5.739430743953709,0.74% graphene platelet/PBD
15,5.474623810006863,0.74% graphene platelet/PBD
