Heat Treatment Temperature (°C),Surface Area (m²/g)
12.17880604336468,-7.658296595367841,0.4% MWCNT
16.66923798238361,-7.677509408499919,0.4% MWCNT
16.910487094574172,-7.677837241670021,0.4% MWCNT
12.17880604336468,66.9762941267103,0.42% MWCNT
16.66923798238361,316.78689912487215,0.42% MWCNT
16.910487094574172,121.49986658494133,0.42% MWCNT
12.17880604336468,2.3753158940723034,0.41% MWCNT
16.66923798238361,2.3541563723132346,0.41% MWCNT
16.910487094574172,2.3537877601901545,0.41% MWCNT
