Stress (Pa),Specific Viscosity
3,-0.49258896050834267,TGPAP
8,-0.8705651872754576,TGPAP
12,-0.9580010257590404,TGPAP
3,6.146920667820275,Unsaturated polyester resin
8,6.583855170544044,Unsaturated polyester resin
12,9.717165321067974,Unsaturated polyester resin
