Pressure (Pa),Compressive Modulus (GPa)
3,2.9258961090764783,MWCNT/PMMA
4,2.726351149516623,MWCNT/PMMA
13,2.4373441757816905,MWCNT/PMMA
18,2.420840440985488,MWCNT/PMMA
