Incubation Temperature (°C),Shear Strength (MPa)
14.077612709887713,1.9799508204087108,
18.071377298529793,1.885510590197826,
19.914248505914653,1.8775471537294257,
12.509689137872416,3.411430954235172,
13.54143598887746,5.551343611966908,
16.480672170629813,3.977481541088265,
5,0.2804385833063777,
6,0.18253333691567175,
19,-0.22163526379075155,
2.4980580572320066,9.464476756671358,
15.19443376400597,309.8573191600734,
19.52476194568758,93.58942279753943,
