Synthesis Time (min),Corrosion Rate (mm/year)
0.9693658308545428,-5.585630400492973,
6.948584749166599,-4.942412536829743,
16.379550108358345,-1.2731859662673264,
