Crosslinking Density (mol/m³),Tg (°C)
0.5733285544696609,-3.064062882233298,Methoxy(dimethyl)octylsilane/PA 6
3.5546009599586292,-3.1581343051059254,Methoxy(dimethyl)octylsilane/PA 6
5.662831806202568,-3.2570843181274123,Methoxy(dimethyl)octylsilane/PA 6
12.889167013279843,-3.5978441630117874,Methoxy(dimethyl)octylsilane/PA 6
