Thickness (µm),Shear Modulus (GPa)
7.889206001561833,9.057629162078285,PA 66
9.476875259458597,9.833181019245341,PA 66
11.60589501375322,12.186470189906963,PA 66
19.927969541177625,52.27358031020467,PA 66
3,-6.365145471702885,PLA
6,-6.596680081459244,PLA
7,-6.521860412188436,PLA
12,-6.803408154139131,PLA
3,1.1669699101282436,PA 6(3)T
6,0.7326061169402116,PA 6(3)T
7,0.7191820214276903,PA 6(3)T
8,0.7065876354214033,PA 6(3)T
