UV Exposure Time (h),Melting Temperature (°C)
1,-0.35736175439142825,0.37% FeO
3,-0.4097765611731031,0.37% FeO
6,-0.6637971759080771,0.37% FeO
8,-0.655618451244442,0.37% FeO
12,-0.7954823403278501,0.37% FeO
17,-0.9058521893229292,0.37% FeO
1,-0.1820602614554402,0.82% FeO
3,-0.63583176237134,0.82% FeO
6,-0.8458660708819431,0.82% FeO
8,-0.9190403301935252,0.82% FeO
12,-0.9870733105444206,0.82% FeO
17,-1.0086912364264073,0.82% FeO
