Ion Beam Dose (Gy),Electric Field Strength (V/m)
2.5152874490359967,0.8832977561062725,
4.059285817595304,0.6554567747356418,
12.011200499366112,0.2841848817303441,
2.5152874490359967,-4.500047390880129,
4.059285817595304,-4.607054752643009,
12.011200499366112,-5.026061023833406,
