Nanoparticle Volume (%),Thermal Resistance (K/W)
6,-2.7654000117971234,
7,-0.5221528586542634,
9,-1.0602651371417693,
15,-0.9858729440843974,
19,23.276417857539357,
