Hardness (HV),Bulk Modulus (GPa)
4,-0.9201682166956786,
11,14.38127564893877,
12,36.34625852844116,
4,-5.749624987143904,
11,-5.949521154335044,
12,-5.959323605888738,
4,5.834871905543568,
11,10.979961581050773,
12,1.3089276286012375,
4,-0.13689887494305264,
11,40.70731174481624,
12,59.55580343582034,
4,-6.418128374172692,
11,-6.700819705212897,
12,-6.700323122195684,
