Mixing Time (min),Specific Viscosity
1.6044667617694852,8.581821189988748,PMMA-PnBA-PMMA
11.688100132487742,8.045241213183683,PMMA-PnBA-PMMA
19.488057064780996,7.905471373164901,PMMA-PnBA-PMMA
