Volume Fraction (%),Thermal Conductivity (W/(m·K))
5,8.81491063398537,
8,20.875604634908356,
15,118.3310516037616,
5,-6.61410025362412,
8,-6.771249702421893,
15,-6.851862824317014,
5,-1.165474915764673,
8,-1.1041033030402352,
15,-1.3864251825935638,
