wt%,Bet Surface Area
1,-1.1976856301023138,PEEK
4,1.7801946791921948,PEEK
15,67.75151511069157,PEEK
