Exposure Time (h),Coefficient Of Thermal Expansion (1/K)
7,4.424781435128761,
9,2.6231532528460035,
16,5.303644617239188,
7,-3.1625498104534793,
9,-3.208086943989597,
16,-3.447152222119326,
7,-2.3262361519087063,
9,-2.4114676487283075,
16,-2.729259260870818,
7,-0.1294299154291798,
9,-0.39719064826942985,
16,1.8510136105245718,
