Drying Time (h),X-ray Diffraction Intensity
5,-1.3031248682527117,PEO
10,-0.704318155687583,PEO
13,-2.282826188981752,PEO
18,-7.0723126154817235,PEO
19,-4.530608670967926,PEO
5,7.865771766265682,Polylactic acid
10,18.781449876253525,Polylactic acid
13,78.15112560326305,Polylactic acid
18,27.00258988423817,Polylactic acid
19,476.42712654203746,Polylactic acid
