Young’s Modulus (GPa),Porosity (%)
1.452911278801543,-5.738168998820194,0.51% cellulose nanowhiskers
3.589672225835503,-6.108045109240761,0.51% cellulose nanowhiskers
5.452915501500426,-6.218728120797388,0.51% cellulose nanowhiskers
16.329759911766907,-6.4020699497014455,0.51% cellulose nanowhiskers
1.452911278801543,4.301497043702112,0.1% cellulose nanowhiskers
3.589672225835503,4.474400894414289,0.1% cellulose nanowhiskers
5.452915501500426,6.078828381703202,0.1% cellulose nanowhiskers
16.329759911766907,13.058354013903392,0.1% cellulose nanowhiskers
