Softening Temperature (°C),Fatigue Strength (MPa)
2,8.512625509413239,
4,9.156287262694999,
8,19.54487056442874,
12,11.69274757189168,
14,63.18068331916365,
