Neutron Flux (n/cm²/s),Dynamic Viscosity (Pa·s)
3,-2.843966686211756,PCTFE
14,118.91870932191027,PCTFE
15,128.0665264217638,PCTFE
18,192.1412333472212,PCTFE
1,0.2669982042760961,PLA
4,1.9333656655544784,PLA
13,41.07145364046701,PLA
19,804.6780433395077,PLA
