Thickness (µm),Galvanic Potential (V)
11,-3.646245055395506,
14,-3.6666837174295623,
15,-3.6697571326366942,
11,8.834599427900859,
14,75.74641325732588,
15,73.67383092554292,
11,8.322959924497312,
14,1.9513512195711344,
15,15.137558476262575,
11,-0.40171943161233326,
14,-0.4739050105243537,
15,-0.49495903512770284,
11,28.595395507338953,
14,121.55159662103071,
15,83.93074711607753,
