Temperature (°C),X-ray Diffraction Intensity
0.9626967665203101,5.131314143566138,0.38% OFG
9.771771406510915,3.361155690996988,0.38% OFG
16.43455524973984,15.373150043466506,0.38% OFG
