Heat Treatment Temperature (°C),Oxidation Potential (V)
2.344798153019292,1.7596472292678396,
6.49976025053733,1.4761751994572574,
11.963377162060848,1.36335652141013,
17.381422930237377,1.3398639914648818,
2.344798153019292,1.9065097189108484,
6.49976025053733,5.52378021868793,
11.963377162060848,48.30164709943423,
17.381422930237377,177.42887633320825,
