Temperature (°C),Intrinsic Viscosity (dl/g)
6,2.647093777437568,
11,2.5349817079173844,
12,2.5316975274978963,
13,2.5198689155118448,
6,-6.639747635556956,
11,-6.8235698611264075,
12,-6.8399904518488555,
13,-6.8994450832273015,
6,10.923326118453693,
11,16.171662320651862,
12,75.76200322424778,
13,110.20952189000762,
6,-5.534876939263094,
11,-5.806624136140334,
12,-5.8300901273698145,
13,-5.884423063220464,
