Volume Fraction (%),Thermal Resistance (K/W)
2.0180642877469612,-0.15154473639509214,
4.308865706663692,-0.4414958854764402,
9.898202533024493,-0.6711731964813848,
12.25170074207341,-0.7014652881286499,
12.457328081455486,-0.7023187420679915,
2.0180642877469612,0.09410128163480369,
4.308865706663692,0.5131678469552647,
9.898202533024493,7.540063368027317,
12.25170074207341,21.619908753430163,
12.457328081455486,95.0360489577514,
