wt% (%),Degradation Temperature (°C)
5,6.156078001803255,PVA
13,5.805839851986608,PVA
17,25.173977627786297,PVA
