Reaction Temperature (°C),Electrical Resistivity (Ω·m)
2.399435626378108,-2.454985703868405,0.05% montmorillonite K-10
2.552176931787844,-0.39396466290374743,0.05% montmorillonite K-10
6.563782765992229,4.39447920411465,0.05% montmorillonite K-10
11.016584351746541,15.803069661634549,0.05% montmorillonite K-10
15.117668841474485,220.50540592540116,0.05% montmorillonite K-10
