Calcination Temperature (°C),Galvanic Potential (V)
5.458554092869057,6.1941855615528905,0.02% SWCNT
12.500721140551374,5.94723788655819,0.02% SWCNT
15.390230908955239,5.892762649895477,0.02% SWCNT
18.814176681460886,5.821398424102293,0.02% SWCNT
19.356035509507997,5.8159789642488535,0.02% SWCNT
