Degradation Temperature (°C),Heat Of Crystallization (J/g)
0.9653989539725227,-6.03095578019493,PMMA-PnBA
2.757566276677519,-6.553915332791008,PMMA-PnBA
5.959483613867982,-5.185223723426196,PMMA-PnBA
9.538366403326513,-3.611479948650313,PMMA-PnBA
13.484689137822377,-4.848419024509578,PMMA-PnBA
14.971286906918769,-5.533301728988416,PMMA-PnBA
