Shear Rate (1/s),Bond Strength (MPa)
2,-2.3020030557260327,Carbon Black/PR
5,-2.7765621300372794,Carbon Black/PR
15,-2.972439268215893,Carbon Black/PR
0,1.1373841031104803,titania/PR
13,6.901757829023843,titania/PR
19,4.8111776424261405,titania/PR
0,-6.84973195345969,SWCNTs/PR
2,-6.014837698378436,SWCNTs/PR
14,-6.436027485942308,SWCNTs/PR
