Dielectric Loss,Thermal Expansion (1/K)
0.6108614316652639,5.225917562475836,0.14% Multi-wall carbon nanotubes/PETP
14.900737625795458,232.61063850042058,0.14% Multi-wall carbon nanotubes/PETP
18.001478741132743,15.798849908826169,0.14% Multi-wall carbon nanotubes/PETP
