Filler Content (%),Hysteresis Loss (J/m³)
4.496526553201647,3.2309241977692156,IMPP
5.406281203140093,3.221899852558485,IMPP
15.033436975424156,3.0291442932207078,IMPP
15.740001416168106,3.0271270008412046,IMPP
0,8.51314935106304,Polybenzimidazole
11,7.85738628879665,Polybenzimidazole
14,7.782512368265291,Polybenzimidazole
17,7.7282172629053685,Polybenzimidazole
