Drying Temperature (°C),Electrochemical Potential (V)
2,-5.1169624608901225,PBTP
7,-5.6233517148167005,PBTP
10,-5.682239797486911,PBTP
11,-5.6948461204314,PBTP
2,-7.0605557773989815,BPA-Ph
7,-7.597605516487712,BPA-Ph
10,-7.658909902282604,BPA-Ph
11,-7.6724643371173595,BPA-Ph
