Melting Temperature (°C),Fatigue Strength (MPa)
2,-1.411821387766124,PTFE
11,-1.85075155185171,PTFE
15,-1.881514911446897,PTFE
17,-1.8859739297190128,PTFE
2,-1.8482185604027885,Acrylonitrile butadiene styrene
11,-2.290568449810622,Acrylonitrile butadiene styrene
15,-2.3144176204635025,Acrylonitrile butadiene styrene
17,-2.319349195644731,Acrylonitrile butadiene styrene
2,3.2239663760524033,PEA
11,14.770592671117404,PEA
15,96.22047712680134,PEA
17,231.56355624330544,PEA
