Pore Volume (cm³/g),Coefficient Of Thermal Expansion (1/K)
1,1.7883324410517605,0.84% graphite
5,1.4389662792995987,0.84% graphite
8,1.3347890113518508,0.84% graphite
10,1.2627381667491964,0.84% graphite
15,1.1087299622905766,0.84% graphite
18,1.0558535378770322,0.84% graphite
