Rotational Speed (rpm),Electrochemical Potential (V)
2.371320151323839,5.126175756270451,PS
8.394777322229444,4.803047289849764,PS
10.707247770510829,4.764905992448662,PS
13.557805122911713,4.7403201598761395,PS
2.371320151323839,1.0474958189452943,aPP
8.394777322229444,14.850995193068238,aPP
10.707247770510829,32.870285966008794,aPP
13.557805122911713,58.88303405368513,aPP
