Specific Heat Capacity (J/(g·K)),Hysteresis Loss (J/m³)
0.3783168664962666,5.493853219509229,
2.879806177062143,5.185349298875261,
4.727863354366915,5.692107158771414,
8.74348523641013,5.499259409761992,
12.912984379980003,8.042566580063898,
