Electric Field (V/m),Zero-shear Viscosity (Pa·s)
2.986316734242087,6.0760867192692,0.65% GO/PET
6.525025518539285,5.87819864014728,0.65% GO/PET
14.888417738077372,15.561080737373068,0.65% GO/PET
2.986316734242087,-1.708771813736195,0.3% GO/PET
6.525025518539285,-1.9842147884391477,0.3% GO/PET
14.888417738077372,-2.186581038749415,0.3% GO/PET
