Incubation Temperature (°C),Specific Heat (J/(g·K))
3,-1.5953860798968864,PVAC
7,-2.075386724578436,PVAC
19,-2.3321405090128735,PVAC
3,3.366478005235501,P2VP
7,3.050926195286383,P2VP
19,2.7083061519728897,P2VP
3,4.372530322608776,Cyclic olefin copolymer
7,5.568179954760277,Cyclic olefin copolymer
19,14.719170281693547,Cyclic olefin copolymer
3,0.10175008177899869,Nylon 8
7,-0.22370037861930672,Nylon 8
19,-0.3613881919428273,Nylon 8
