Magnetic Field Strength (T),Coercivity (A/m)
8,5.553134428487123,0.05% 9-Anthracenemethanol
15,5.473528164727216,0.05% 9-Anthracenemethanol
19,5.464684388337363,0.05% 9-Anthracenemethanol
8,5.716836089610894,0.04% 9-Anthracenemethanol
15,5.632759327510796,0.04% 9-Anthracenemethanol
19,5.624799500052321,0.04% 9-Anthracenemethanol
8,-3.463021904330243,0.8% 9-Anthracenemethanol
15,7.393461899246741,0.8% 9-Anthracenemethanol
19,12.975310913648855,0.8% 9-Anthracenemethanol
