vol% (%),Adhesion Strength (MPa)
6.282694312465919,1.243349043052759,
12.489120545662773,0.9393426768333479,
16.31900411214574,0.8615716449351773,
