Shear Rate (1/s),Ionic Conductivity (S/m)
0,-4.744911796210526,
2,-4.730861056855776,
8,-1.9524643671193278,
