Softening Temperature (°C),Crystallinity (%)
5,1.1847543791011546,0.73% silver
6,1.452092755205175,0.73% silver
14,9.545067120224973,0.73% silver
5,3.5871224273638247,0.15% silver
6,3.537184910040802,0.15% silver
14,3.380763440469009,0.15% silver
5,0.8614641967295341,0.81% silver
6,0.8456205782886422,0.81% silver
14,0.7015189290071313,0.81% silver
