Crystallinity (%),Complex Viscosity (Pa·s)
2.398889660735908,1.6952806792946244,0.08% MoS2/PETP
5.321834045646372,3.482618721242935,0.08% MoS2/PETP
8.94995907791981,15.070204100564965,0.08% MoS2/PETP
13.507437731445833,17.64339876286022,0.08% MoS2/PETP
17.499802180842693,568.6763006904217,0.08% MoS2/PETP
