Synthesis Time (min),Complex Modulus (Pa)
3,2.447038163629719,HAF/PUR
13,1.955964876363277,HAF/PUR
18,1.8651165159035068,HAF/PUR
3,-2.3625716129192513,Talcum/PUR
13,-2.8673861622518793,Talcum/PUR
18,-2.9579012414181847,Talcum/PUR
3,1.5234620087683548,Titanate nanotubes/PUR
13,23.74105213848373,Titanate nanotubes/PUR
18,525.400537086826,Titanate nanotubes/PUR
