Electron Beam Dose (Gy),Thermal Conductivity (W/(m·K))
1.5725491718847584,3.992224234903606,Carbon nanofibers/PA 8
3.0065529000600044,3.7387301565714033,Carbon nanofibers/PA 8
13.70407947609082,3.395824923536909,Carbon nanofibers/PA 8
1.5725491718847584,2.8401231624092977,TiO2/PA 8
3.0065529000600044,2.586948943086642,TiO2/PA 8
13.70407947609082,2.2847468344070805,TiO2/PA 8
1.5725491718847584,1.3574181115332355,graphite/PA 8
3.0065529000600044,1.114251274580377,graphite/PA 8
13.70407947609082,0.7891260534199946,graphite/PA 8
