Thermal Diffusivity (mm²/s),Zero-shear Viscosity (Pa·s)
5,6.1902537583450865,
7,6.1884636754523035,
15,5.84557295711434,
5,3.442306846288341,
7,3.2125976720767664,
15,3.0747311664872297,
