Rotational Speed (rpm),Toughness (MJ/m³)
3,7.435253977700462,S-SBR
12,11.672559377030707,S-SBR
16,16.180874825552365,S-SBR
