Particle Diameter (nm),Flexural Modulus (GPa)
6.041686924919931,5.099791422158237,Poly(vinylidene fluoride)
9.258348032376475,5.014516245051822,Poly(vinylidene fluoride)
18.636611894323295,4.95753657855572,Poly(vinylidene fluoride)
