Evaporation Temperature (°C),Galvanic Potential (V)
0.5830931384018045,-1.3431951268819016,PC
1.224686151632557,-1.7262160242968512,PC
15.003039794767801,-2.1802055184712508,PC
13,29.947662139006347,Nylon 6T
18,-22.749933141391978,Nylon 6T
19,312.5288810187641,Nylon 6T
0.8224909338490938,-0.4910386757356682,PMMA
1.8631537423240974,-0.3529984908844046,PMMA
7.748887698875205,-0.8411903218577309,PMMA
