Nanoparticle Mass (%),Bet Surface Area
5,8.74065771704201,PCTFE
8,6.164709365446919,PCTFE
17,87.19418923569859,PCTFE
