Surfactant Concentration (M),Pore Size (nm)
4,-0.9499203929942521,
15,-1.3386476387307285,
18,-1.3884850281534336,
4,0.6463528057685947,
15,0.3409266226777775,
18,0.33417518284357933,
4,2.6772232051317375,
15,-0.3084121070860215,
18,16.42951809172494,
4,-0.25902024742204216,
15,-0.5669749778806242,
18,-0.5730809769131905,
4,5.634443127366819,
15,5.318144218207086,
18,5.310857572680597,
