Thermal Diffusivity (mm²/s),Pore Volume (cm³/g)
5,-4.363296139453176,0.68% OMLS
6,-4.3143842440723486,0.68% OMLS
10,-4.564284162431072,0.68% OMLS
16,-4.684565273166893,0.68% OMLS
17,-4.723301598607333,0.68% OMLS
