Time (s),Coercivity (A/m)
4.133463895353795,5.580329880742032,0.97% MWCNTs
12.93863032173725,69.94726432023188,0.97% MWCNTs
17.00601474105273,34.93566988061059,0.97% MWCNTs
