Dielectric Constant,Peel Strength (N/m)
7,-7.200868974216912,
8,-7.267070181138156,
12,-7.384001453593287,
18,-7.53418437803988,
7,20.268221850850857,
8,17.332909455139884,
12,68.59217406482217,
18,204.4008759664579,
7,5.948250009435625,
8,7.051002693014604,
12,23.00203935580008,
18,-312.4631165649179,
7,13.918529873696404,
8,10.034133443135023,
12,27.220446169460267,
18,78.39492671705848,
