Gamma Radiation Dose (Gy),Heat Of Fusion (J/g)
0,-0.3551847193875002,1.0% Sepiolite/Cyclic olefin copolymer
12,-1.435427065210626,1.0% Sepiolite/Cyclic olefin copolymer
14,-1.4471837927731257,1.0% Sepiolite/Cyclic olefin copolymer
18,-1.4573083698226241,1.0% Sepiolite/Cyclic olefin copolymer
9.961839886611045,3.2699693934957974,0.69% Sepiolite/Cyclic olefin copolymer
10.50858418422713,-0.43977962287549044,0.69% Sepiolite/Cyclic olefin copolymer
14.756022928477828,3.298497238030072,0.69% Sepiolite/Cyclic olefin copolymer
18.85604989680489,1.0870229784460443,0.69% Sepiolite/Cyclic olefin copolymer
