Light Intensity (W/m²),Hardness (HV)
2.5132032844374086,7.034954930851985,P(Baph)
4.391742232816622,7.125809748832573,P(Baph)
6.604398758199066,6.946769693391192,P(Baph)
8.425278940880528,6.864861321309807,P(Baph)
