Volume Fraction (%),Loss Factor
8,5.199885749080196,
16,4.935734650833843,
19,4.8802119436242855,
