X-ray Dose (Gy),Compression Strength (MPa)
0.030977062563481983,-5.464483066191699,expandable graphite/PU
1.3667734165812595,-5.407284720348354,expandable graphite/PU
14.285200228232242,-6.032041651197997,expandable graphite/PU
0.030977062563481983,-6.702706171738109,Sodium titanate nanotubes/PU
1.3667734165812595,-6.384647489647797,Sodium titanate nanotubes/PU
14.285200228232242,-51.76886853411461,Sodium titanate nanotubes/PU
0.030977062563481983,5.371115005745325,dodecylbenzene sulfonic acid/PU
1.3667734165812595,5.164923311238605,dodecylbenzene sulfonic acid/PU
14.285200228232242,4.4636414490877,dodecylbenzene sulfonic acid/PU
