Synthesis Temperature (°C),Electric Field Strength (V/m)
8.297027493479952,-1.0335351262783632,Poly(benzoxazine)
9.223718163578221,-1.0458180625493925,Poly(benzoxazine)
17.29664952094788,-1.0990692813979395,Poly(benzoxazine)
17.411814984965226,-1.0993233557162878,Poly(benzoxazine)
19.442503522361253,-1.1015050980731704,Poly(benzoxazine)
