Nanoparticle Volume (%),Magnetic Susceptibility
2,-0.443768678852398,Poly(benzoxazine)
3,-0.26592622658683307,Poly(benzoxazine)
9,-0.5730381771628841,Poly(benzoxazine)
16,-0.7783458007341055,Poly(benzoxazine)
2,9.198028272448514,Polyurethane
3,10.12854423020018,Polyurethane
9,20.269201250924134,Polyurethane
16,97.72679374870012,Polyurethane
2,6.413169950439776,E-SBR
3,6.07970182594873,E-SBR
9,5.864328157435536,E-SBR
16,5.642550892956441,E-SBR
