EV (V),Coercivity (A/m)
2.7971614267373757,8.266839023389734,PVB
3.4478490978966647,8.190979800799633,PVB
10.244972063586726,7.806544422324693,PVB
19.77223959883387,7.77101945535542,PVB
