Pore Volume (cm³/g),Complex Viscosity (Pa·s)
3.008543342541159,-4.828647254538099,Unsaturated polyester resin
4.006313538439179,-4.405916649627434,Unsaturated polyester resin
11.185075895305339,39.80810920224262,Unsaturated polyester resin
14.494638727523576,85.37982172752824,Unsaturated polyester resin
