Particle Diameter (nm),Dielectric Breakdown Strength (MV/m)
7,-0.5979798781495909,PVAc
8,4.493066874071678,PVAc
12,34.96398899864576,PVAc
14,96.58736994908517,PVAc
17,72.27837525249977,PVAc
7,-7.347955694637517,Poly(2-vinyl pyridine)
8,-7.366985613800423,Poly(2-vinyl pyridine)
12,-7.576206345053461,Poly(2-vinyl pyridine)
14,-7.5981621231124885,Poly(2-vinyl pyridine)
17,-7.669727750747274,Poly(2-vinyl pyridine)
