Ultrasound Time (min),Heat Of Crystallization (J/g)
3.1460108598820224,6.090631422742639,
6.567450773629526,5.109447809276831,
12.682844347735525,8.804113350774802,
16.301654994127134,18.320746591316393,
3.1460108598820224,5.0570615816004105,
6.567450773629526,4.854243450157102,
12.682844347735525,4.631041921247551,
16.301654994127134,4.531104227032192,
