Particle Density,Reduction Potential (V)
0,-1.0620860629294646,Poly(acrylamide)
5,-1.3482415619437234,Poly(acrylamide)
11,-1.709628482205546,Poly(acrylamide)
17,-1.843933648852193,Poly(acrylamide)
0,7.351987448208059,Poly(butylene)
5,7.095952338783389,Poly(butylene)
11,6.929540332891093,Poly(butylene)
17,6.896500295233668,Poly(butylene)
