Dispersing Time (min),Dynamic Viscosity (Pa·s)
10.696630126085758,30.635992064677772,magnesium oxide/aPP
12.69427733531884,95.74798983159909,magnesium oxide/aPP
12.815070582078965,44.13833111726504,magnesium oxide/aPP
14.730413814014218,179.24219482278443,magnesium oxide/aPP
