Shear Rate (1/s),Electric Field Strength (V/m)
3,-2.505600043863699,0.9% C.I. Pigment Black 6
7,-2.9249617555851746,0.9% C.I. Pigment Black 6
8,-2.9603067910809826,0.9% C.I. Pigment Black 6
3,9.253459707563398,0.25% C.I. Pigment Black 6
7,10.603839218064936,0.25% C.I. Pigment Black 6
8,10.07277879423565,0.25% C.I. Pigment Black 6
