Particle Size (nm),Bond Strength (MPa)
1.2362625051627263,3.1066287806283706,
19.167684699609723,4.601534121975429,
19.59187642760789,11.33378174121908,
