Heat Treatment Temperature (°C),Magnetoresistance
4,2.002501956990145,
10,6.320175591055962,
17,2.369561335421742,
19,-8.972535319307626,
4,3.0407956759631714,
10,6.493855749097419,
17,10.33139068176841,
19,13.820336246827683,
4,7.281085110783589,
10,7.009246730294098,
17,6.965179143607157,
19,6.962495165038638,
4,1.4309692848448075,
10,0.8539337869770676,
17,13.447849965024579,
19,25.12538093667996,
