Crystallinity (%),Thermal Conductivity (W/(m·K))
3,3.151971182714029,
9,2.8716826085124625,
13,2.689557985029402,
3,-1.9722321852108349,
9,-2.13768732704949,
13,-2.234485563631127,
3,-6.91283516825191,
9,-7.169177491231434,
13,-7.302119672457918,
3,4.914308377293727,
9,4.5031624759671125,
13,4.457331023279732,
