Crystallization Temperature (°C),Galvanic Potential (V)
4,-4.5850923310533584,
5,-4.78546863234868,
16,-5.1482219302802195,
