Exposure Time (h),Peel Strength (N/m)
4.933017407109328,8.5838406188468,0.13% Fe2O3/Poly(acrylonitrile)
6.658291186658234,8.249269145885812,0.13% Fe2O3/Poly(acrylonitrile)
8.507048276152208,8.845942768671547,0.13% Fe2O3/Poly(acrylonitrile)
15.190878663928855,11.44537857754369,0.13% Fe2O3/Poly(acrylonitrile)
19.183297163776107,26.60787157607596,0.13% Fe2O3/Poly(acrylonitrile)
