filler labels,Electronic Conductivity (S/m)
5.722740205668934,-0.33026210753279683,SWNT/DGEBD Epoxy Resin
11.45086968226332,-0.6208339406624943,SWNT/DGEBD Epoxy Resin
18.910295161725756,-0.7907789022191332,SWNT/DGEBD Epoxy Resin
