Nanoparticle Volume (%),Charge Transfer Resistance (Ω·m²)
0,7.239806736029655,
8,10.893379630102151,
13,6.621599281890786,
0,6.540889049230143,
8,6.137465481941695,
13,5.960008425688433,
0,9.064566224208939,
8,12.195339955568052,
13,9.77265727760996,
0,1.1053063142094517,
8,0.20064718840045417,
13,0.1267716189100858,
