Reaction Temperature (°C),Coercivity (A/m)
8,-1.2308952066882082,multi-walled CNTs/PBI
12,61.975173090470356,multi-walled CNTs/PBI
15,93.99097933097408,multi-walled CNTs/PBI
16,132.036629746544,multi-walled CNTs/PBI
8,5.774377999529572,Au/PBI
12,5.587575313172906,Au/PBI
15,5.499978883954954,Au/PBI
16,5.475239009187528,Au/PBI
