Mechanical Strength (MPa),Remanence (A/m)
1.7921978010634354,7.113562652789472,0.67% Aluminium/Polyphenylsulfone
2.124056185530212,6.780649191788013,0.67% Aluminium/Polyphenylsulfone
4.585098947432225,6.663025767990446,0.67% Aluminium/Polyphenylsulfone
