Heat Treatment Temperature (°C),Electronic Conductivity (S/m)
1.2275609207616167,-4.126107836477677,Zinc oxide/Polyurethane
6.262591238300724,-4.414352075786425,Zinc oxide/Polyurethane
19.263840597448254,-4.581127379505911,Zinc oxide/Polyurethane
1.2275609207616167,-0.2151828387310778,TiNT/Polyurethane
6.262591238300724,-0.4521230160292863,TiNT/Polyurethane
19.263840597448254,-0.9484412924801844,TiNT/Polyurethane
1.2275609207616167,-6.569113841017474,Silica/Polyurethane
6.262591238300724,-7.120471891990879,Silica/Polyurethane
19.263840597448254,-7.511475067929239,Silica/Polyurethane
