Hardness (HV),Elastic Modulus (GPa)
11,40.19611408608933,PVAC
14,24.723459997647154,PVAC
18,167.94842608426603,PVAC
11,26.15199787066369,Poly(ethyl methacrylate)
14,109.19919651752113,Poly(ethyl methacrylate)
18,118.64901654343697,Poly(ethyl methacrylate)
11,-7.7202858160986505,Polyimide
14,-7.74619232392409,Polyimide
18,-7.755901014501727,Polyimide
11,2.996010330099519,EPDM
14,4.850493540161879,EPDM
18,-5.482148271123086,EPDM
