Gamma Radiation Dose (Gy),Passivation Current Density (A/m²)
0.3587781423462011,-1.4110166891502856,aluminum/PEEK
1.367265936585671,-0.9841993360604772,aluminum/PEEK
8.4669102259273,-1.426680745755303,aluminum/PEEK
0.3587781423462011,-6.058280873473749,SWCNT/PEEK
1.367265936585671,-6.568553160443276,SWCNT/PEEK
8.4669102259273,-5.716827028951346,SWCNT/PEEK
