Nanoparticle Volume (%),Specific Viscosity
1,0.14942923734663283,
11,12.624378081419914,
14,81.82479055166696,
17,300.54975363727465,
4.941153635643496,3.1913704003597303,
6.980120070080402,7.444931387551437,
16.06770467723112,35.00143475900579,
16.22719972094064,-14.83810802003538,
