Young’s Modulus (GPa),Magnetic Permeability (H/m)
12.935582488720696,107.71362060542381,Bisphenol E cyanate ester resin
15.76490837386801,-26.37167781676093,Bisphenol E cyanate ester resin
17.67933708407632,148.69440300228584,Bisphenol E cyanate ester resin
