Heat Treatment Time (h),Corrosion Rate (mm/year)
0,7.300431174147539,
3,6.690240684567298,
18,6.274507141869989,
0,6.3413749048194,
3,5.610209801547591,
18,5.24357007572113,
0,3.82584652130695,
3,5.050736820845245,
18,2.9546550031232455,
0,0.36992427876313516,
3,0.18155075141529692,
18,-0.22625324123616236,
