Aspect Ratio,Flexural Strength (MPa)
5,-1.2792372510067531,
6,-1.302778515407533,
8,-1.3773706502961196,
4,6.954838999080044,
11,5.371222838464795,
19,15.725826525143685,
3,3.0047764986562755,
4,2.7505215808082237,
11,4.194563146902369,
1,8.511177929084992,
3,9.120007252808074,
10,11.006040879896457,
