Dispersing Time (min),Flexural Strength (MPa)
0.32510184653174345,-4.329846025699223,fumed silica/SBR
7.536796576572677,-4.8526659456563035,fumed silica/SBR
18.523602945233968,-4.954918376598299,fumed silica/SBR
