Loading Concentration (%),Tg (°C)
5.2757647006391295,-1.4651316802495624,
11.359121460370709,-1.8218635825349425,
11.432101356770627,-1.818283878101945,
16.017043114021334,-1.918703527823235,
16.70164633578579,-1.9196012129863897,
5.2757647006391295,-5.069133477868067,
11.359121460370709,-5.242576940033627,
11.432101356770627,-5.224414514208067,
16.017043114021334,-5.348285427118381,
16.70164633578579,-5.3580606665903145,
