Thermal Conductivity (W/(m·K)),Crystallization Temperature (°C)
0,4.368967906242133,PAA
3,4.435913265428768,PAA
10,6.067110184256822,PAA
12,7.690800581856327,PAA
17,8.309393507874901,PAA
18,3.837714486702601,PAA
2.2058079465400593,0.2530128404530966,SBR
6.633527498052169,-0.21157725708382344,SBR
11.332911548283642,-0.30878542385438046,SBR
11.666382400674893,-0.31457008957149213,SBR
14.233165365489997,-0.3278390325970049,SBR
17.893601426053195,-0.3386946586191999,SBR
