pH,Decomposition Temperature (°C)
2.760580174285041,-2.5441580512430426,0.89% exfoliated graphene
4.167772250525954,-2.9590227211641666,0.89% exfoliated graphene
15.727945420493292,-3.2139609489207435,0.89% exfoliated graphene
6.039660011072749,-5.5773015655975335,0.46% exfoliated graphene
9.46693883084861,-5.668904325209023,0.46% exfoliated graphene
17.110219313702515,-5.725462353688381,0.46% exfoliated graphene
0.1586194407225383,4.313262039762163,0.55% exfoliated graphene
8.0347367450083,3.257216937085895,0.55% exfoliated graphene
17.226453865871513,3.171666603306449,0.55% exfoliated graphene
