Magnetic Field Strength (T),Magnetic Anisotropy (J/m³)
4.7316183288675955,1.0897941362024968,0.49% OMMT/PBI
4.841647984831743,1.1031177614157925,0.49% OMMT/PBI
9.459957377266914,0.9047985588457561,0.49% OMMT/PBI
15.799968079676887,0.8509360636543446,0.49% OMMT/PBI
15.826211701319394,0.8507430071673521,0.49% OMMT/PBI
