Glass Transition Temperature (°C),Magnetic Permeability (H/m)
0.07291907902554406,-2.7749042506766104,0.91% Silver nitrate
13.544300072937975,-3.6638045104427297,0.91% Silver nitrate
17.582192950498648,-3.7458165032270947,0.91% Silver nitrate
