EV (V),Compression Strength (MPa)
1.919940793599868,8.663994192295126,zinc oxide/Nylon 6T
4.909236723150487,11.970573700506577,zinc oxide/Nylon 6T
9.617422337964372,32.42688653724399,zinc oxide/Nylon 6T
9.881039245654218,31.86216921872373,zinc oxide/Nylon 6T
1.919940793599868,-5.695442771174763,MWNT/Nylon 6T
4.909236723150487,-5.868123849988195,MWNT/Nylon 6T
9.617422337964372,-6.106103853236935,MWNT/Nylon 6T
9.881039245654218,-6.111106205383887,MWNT/Nylon 6T
