Calcination Temperature (°C),Dynamic Viscosity (Pa·s)
2,0.7496557293511428,
16,10.139427527296327,
17,2.185436381090364,
2,7.763049472815938,
16,7.300493797554788,
17,7.292128645506507,
