Crystallization Temperature (°C),Poisson’s Ratio
7.089418456046285,6.636220119919518,
7.440655611566647,6.623688302151355,
16.44447677969184,6.529014324457772,
7.089418456046285,3.4779411150276136,
7.440655611566647,1.1676361239904232,
16.44447677969184,5.926252934412833,
7.089418456046285,6.093117013495884,
7.440655611566647,6.089388428678454,
16.44447677969184,5.991558507865049,
