Electric Field (V/m),Surface Area (m²/g)
4,7.492763796498897,P(VDF-TrFE)
7,7.244429632990339,P(VDF-TrFE)
8,7.227522210743062,P(VDF-TrFE)
12,7.162621046381347,P(VDF-TrFE)
