Nanoparticle Mass (%),Fatigue Strength (MPa)
2,1.0518278187655103,Polybutadiene
4,1.76516762518217,Polybutadiene
6,2.593698815613893,Polybutadiene
12,5.092016545138496,Polybutadiene
19,1.0129925308211352,Polybutadiene
