wt%,Electric Field Strength (V/m)
0.6534651407286196,-7.020389213196065,Sodium polyacrylate
7.605039511124707,-7.674825726860555,Sodium polyacrylate
17.34324828524928,-7.758556904291028,Sodium polyacrylate
0.6534651407286196,1.18462828085624,Nylon 11
7.605039511124707,0.6339681439225247,Nylon 11
17.34324828524928,0.3466100832702116,Nylon 11
0.6534651407286196,-5.162902030542174,PETP
7.605039511124707,-5.714119280799878,PETP
17.34324828524928,-6.07552231107382,PETP
