Drying Time (h),Hardness (HV)
2,-2.3869956117648643,Polybenzimidazole
7,-1.8532971736149557,Polybenzimidazole
8,-0.9346072812819908,Polybenzimidazole
13,-4.857169913317971,Polybenzimidazole
19,-7.908634936735481,Polybenzimidazole
