pH,Bond Strength (MPa)
3,-1.7892465710076726,PCL
9,7.6648055383530895,PCL
17,210.05103263452006,PCL
19,-317.06011266166456,PCL
3,4.272698913768725,Poly(styrene-b-butadiene)
9,4.001516626274011,Poly(styrene-b-butadiene)
17,3.7986727163016782,Poly(styrene-b-butadiene)
19,3.772371162699452,Poly(styrene-b-butadiene)
