vol%,Kinematic Viscosity (mm²/s)
1,-2.5096558646693112,CAB
8,-3.1555744872211693,CAB
14,-3.37728748618152,CAB
16,-3.435488071311161,CAB
1,-0.6141050145226172,Poly(butylene terephthalate)
8,0.02335540181058593,Poly(butylene terephthalate)
14,2.9284289742668728,Poly(butylene terephthalate)
16,7.417987766409823,Poly(butylene terephthalate)
