Loading Concentration (%),Electrochemical Potential (V)
1,-1.4427411167462667,PVDF
11,-1.9913835537849227,PVDF
14,-2.0666181535016523,PVDF
1,5.546745835906649,Poly(2-vinyl pyridine)
11,53.49285810371515,Poly(2-vinyl pyridine)
14,139.1335444187365,Poly(2-vinyl pyridine)
