Stirring Speed (rpm),Thermal Stability (°C)
1.6433898316172213,3.594402842168751,S-EB-S
11.808098633321936,26.92304215953112,S-EB-S
19.605417927248865,-492.78417809272213,S-EB-S
1.6433898316172213,5.026539553958758,Poly(ether ether ketone)
11.808098633321936,7.325032331922719,Poly(ether ether ketone)
19.605417927248865,4.263793855334508,Poly(ether ether ketone)
