Pore Volume (cm³/g),Porosity (%)
7,-6.206020617806679,OAPS/PVC
10,-6.341661306071173,OAPS/PVC
12,-6.444529881648458,OAPS/PVC
7,-1.6191285384463239,9-anthracenemethanol/PVC
10,-1.7597354444390891,9-anthracenemethanol/PVC
12,-1.829017520882078,9-anthracenemethanol/PVC
