EV (V),Particle Size Distribution
2,4.649744180042732,0.95% TPP/poly-HEMA
8,4.541670878244796,0.95% TPP/poly-HEMA
11,4.352313588940576,0.95% TPP/poly-HEMA
12,4.3051368580541265,0.95% TPP/poly-HEMA
18,4.197861563503747,0.95% TPP/poly-HEMA
