Stress (Pa),Thermal Diffusivity (mm²/s)
0,1.9798566647609255,
4,1.6745232754079984,
6,1.3933340017012892,
7,1.3067510119428292,
10,1.2314397465634792,
15,1.0594685061470561,
0,-6.283253923735621,
4,-6.401146106532096,
6,-6.559703313035935,
7,-6.520732775789827,
10,-6.746354925265909,
15,-6.868044855898771,
