Volume Fraction (%),Tensile Strength (MPa)
6.3078911971821565,5.881967292242608,
12.050586591151362,5.6420584675447225,
15.177075643614073,5.56685845412474,
6.3078911971821565,-4.371716993813078,
12.050586591151362,-4.494683056269054,
15.177075643614073,-4.511087085425582,
