Degradation Temperature (°C),Complex Modulus (Pa)
0,7.270290408471713,PAM
12,4.966666093383537,PAM
17,300.02249226783226,PAM
0,3.9397968834959354,PRX
12,83.31931805590962,PRX
17,294.6054531645181,PRX
