Hardness (HV),Bet Surface Area
4.100796364860786,5.090386296114252,0.6% TPP/PVAC
9.19511654504101,21.153859922633984,0.6% TPP/PVAC
15.013729598515049,176.35154696609362,0.6% TPP/PVAC
19.295201917684754,1.0504764316331574,0.6% TPP/PVAC
4.100796364860786,0.415838777911299,0.67% TPP/PVAC
9.19511654504101,0.21194938508055944,0.67% TPP/PVAC
15.013729598515049,0.1508476101246825,0.67% TPP/PVAC
19.295201917684754,0.1429378706891498,0.67% TPP/PVAC
