Elongation At Break (%),Thermal Resistance (K/W)
4.06217754076777,7.788982735223513,
5.546339777462848,7.614315204160703,
7.898460485543981,7.558636814108861,
13.152400361229365,7.493325403820171,
18.887506943227947,7.477393363623334,
