Nanoparticle Volume (%),Loss Factor
0,8.538880681700146,
3,8.419385287771261,
6,8.234712051389112,
8,8.15603169113406,
9,8.105939824687173,
12,7.993907217096798,
