Stirring Speed (rpm),Elastic Modulus (GPa)
1.3584872128448877,5.973611483513272,0.84% high abrasion furnace black
1.4801126863812608,6.832131773797768,0.84% high abrasion furnace black
3.92971769875186,7.105857511988216,0.84% high abrasion furnace black
19.239780868724782,26.60513423288402,0.84% high abrasion furnace black
1.3584872128448877,-4.531128246149644,0.32% high abrasion furnace black
1.4801126863812608,-4.9193957518634965,0.32% high abrasion furnace black
3.92971769875186,-0.920603331991587,0.32% high abrasion furnace black
19.239780868724782,1070.7675969174106,0.32% high abrasion furnace black
