Surfactant Concentration (M),Fatigue Strength (MPa)
3,8.206840393211104,PR
13,7.4207466446618255,PR
14,11.294963910350507,PR
3,5.994763618544155,triglycidyl para-aminophenol
13,5.5471414093522675,triglycidyl para-aminophenol
14,5.5204654527891535,triglycidyl para-aminophenol
