Stress (Pa),Compression Strength (MPa)
5.51434964712424,5.633162708677983,0.95% Carbon Black/PP
8.429778918437616,6.075014378180036,0.95% Carbon Black/PP
14.285544568655645,9.505439313950584,0.95% Carbon Black/PP
5.51434964712424,-3.9967632466254184,0.88% Carbon Black/PP
8.429778918437616,-4.123199863664779,0.88% Carbon Black/PP
14.285544568655645,-4.35190958673007,0.88% Carbon Black/PP
5.51434964712424,0.33082765498828626,0.01% Carbon Black/PP
8.429778918437616,0.2025720717103839,0.01% Carbon Black/PP
14.285544568655645,0.145942557995516,0.01% Carbon Black/PP
