Rotational Speed (rpm),Melting Temperature (°C)
1,5.726626151813726,0.94% OMMT/PAN
3,7.731739398910589,0.94% OMMT/PAN
13,126.16058501942004,0.94% OMMT/PAN
1,-5.091848498586304,0.12% OMMT/PAN
3,-3.3107592249770756,0.12% OMMT/PAN
13,-5.257447260116633,0.12% OMMT/PAN
