Frequency (Hz),Coefficient Of Thermal Expansion (1/K)
3,1.3750049886951299,alumina/PP
5,1.1558497597886659,alumina/PP
14,0.9524361005862796,alumina/PP
16,0.9462873465729451,alumina/PP
19,0.9417287331538525,alumina/PP
