Stress (Pa),Modulus Of Elasticity (GPa)
1,-0.7468233598833799,0.46% Ag
2,-0.8007278637217154,0.46% Ag
5,-1.211623985794578,0.46% Ag
9,-1.3871316634361917,0.46% Ag
15,-1.4410148570942536,0.46% Ag
17,-1.4468720671526307,0.46% Ag
