Elongation At Break (%),Hysteresis Loss (J/m³)
7,0.051582810549857694,
12,3.2689318272035335,
19,-6.176921735047893,
1,-3.273986265416359,
6,-3.8704288338190715,
16,-4.035293510330149,
0,6.282334937806281,
1,6.4948169624716785,
8,7.478098558914006,
