Particle Diameter (nm),Remanence (A/m)
0.357499459553714,-4.8880083826200345,
9.849147610133253,7.6836790754386275,
12.857700440663468,-1.8972441554643655,
14.375182972902817,-61.577502520376406,
0.357499459553714,2.6001075420048476,
9.849147610133253,28.40809318729727,
12.857700440663468,-14.869398364393135,
14.375182972902817,73.58316204652783,
