Elongation At Break (%),Fracture Toughness (MPa·m^0.5)
0.3154444288342173,-4.403411003530422,0.97% graphite oxide/PGMA
2.002824654573576,-4.5652521227252,0.97% graphite oxide/PGMA
18.393172614330908,-5.366014155840074,0.97% graphite oxide/PGMA
19.736645293240688,-5.384764612606488,0.97% graphite oxide/PGMA
