Ultrasound Time (min),Passivation Current Density (A/m²)
4.327798320118967,-1.626259092727766,PbS/PAN
4.352351744848009,-1.8600838728619657,PbS/PAN
8.399969992787808,-1.118109078847242,PbS/PAN
12.8562598709171,16.758854491158534,PbS/PAN
