Heat Treatment Temperature (°C),Pore Volume (cm³/g)
1.2864760770079409,2.8460764965511682,0.96% Single-wall carbon nanotubes/EVA
1.6431929901243159,2.56721446894287,0.96% Single-wall carbon nanotubes/EVA
3.0088444075366283,2.3818070833092806,0.96% Single-wall carbon nanotubes/EVA
4.550432810810512,-3.967872948061001,0.07% Single-wall carbon nanotubes/EVA
13.077532734657542,-4.158477388644453,0.07% Single-wall carbon nanotubes/EVA
18.240317292406168,-4.17292245707535,0.07% Single-wall carbon nanotubes/EVA
3.5511784239949407,6.03586759308569,0.94% Single-wall carbon nanotubes/EVA
3.6497782010153923,6.038343559626998,0.94% Single-wall carbon nanotubes/EVA
3.814307026684536,6.046701608896109,0.94% Single-wall carbon nanotubes/EVA
