Mixing Time (min),Permittivity
2,-4.950313909516888,0.83% barium titanate
7,-4.902500396529064,0.83% barium titanate
8,-4.932222314968785,0.83% barium titanate
9,-4.985467975870451,0.83% barium titanate
10,-5.023936742771805,0.83% barium titanate
18,-5.2333165982219425,0.83% barium titanate
