Nanoparticle Mass (%),Coefficient Of Thermal Expansion (1/K)
4.213859459539979,2.900870258970074,
7.139727216347993,3.01829019835178,
16.73434067730925,5.90011062853654,
4.213859459539979,-2.3973640275996795,
7.139727216347993,-2.5625741497355636,
16.73434067730925,-2.673394504993455,
