Calcination Temperature (°C),Passivation Current Density (A/m²)
0.9999296459489959,-5.687932703190732,0.99% MMT/silicone
3.144032329593347,-5.784762195128007,0.99% MMT/silicone
12.358549790528304,-4.79735158099448,0.99% MMT/silicone
0.9999296459489959,6.137394929693991,0.87% MMT/silicone
3.144032329593347,6.394399912763621,0.87% MMT/silicone
12.358549790528304,10.364866022526854,0.87% MMT/silicone
0.9999296459489959,4.26589021512621,0.65% MMT/silicone
3.144032329593347,4.237031328617103,0.65% MMT/silicone
12.358549790528304,3.679214377497548,0.65% MMT/silicone
