Dielectric Loss,Hysteresis Loss (J/m³)
4.689986058150821,3.656219774651411,0.36% OAP-POSS
8.76779612137456,3.5150554633167665,0.36% OAP-POSS
18.83853648720156,3.456227176786851,0.36% OAP-POSS
4.689986058150821,9.739004556178516,0.42% OAP-POSS
8.76779612137456,11.74972337702155,0.42% OAP-POSS
18.83853648720156,14.976335071013796,0.42% OAP-POSS
