Reaction Time (h),Electric Field Strength (V/m)
4.1042123250898666,-0.5771724421057962,0.73% SiC powder/Silicone rubber
11.342074293026057,-0.9715757253618204,0.73% SiC powder/Silicone rubber
14.516302430692804,-1.0502887515212946,0.73% SiC powder/Silicone rubber
4.1042123250898666,1.6462533763211211,0.81% SiC powder/Silicone rubber
11.342074293026057,1.3459679948528782,0.81% SiC powder/Silicone rubber
14.516302430692804,1.3283864463272836,0.81% SiC powder/Silicone rubber
