Heat Treatment Time (h),Thermal Stability (°C)
1,3.766989196462298,
11,3.2481756563117408,
12,3.2413609187587236,
14,3.227139631827794,
5,-0.5026390063974997,
7,-0.02289242034993766,
11,37.75396738135036,
12,35.08845559057277,
7.5055782966026126,10.643596641139826,
7.817851596139686,9.799044433601871,
8.773261033226529,13.51361007851816,
15.54392066517573,165.40250226805875,
0,8.983254812858547,
7,10.00666219786725,
15,10.970119652141143,
19,16.755551228627294,
