Curing Time (min),Electrochemical Potential (V)
5,9.07701706340545,PLA
7,14.932050228686201,PLA
10,15.441410867763485,PLA
14,130.70120772984635,PLA
17,173.06712494689975,PLA
5,2.9970505093799025,PCTFE
7,4.079636163008969,PCTFE
10,6.102191246708571,PCTFE
14,5.260336793519726,PCTFE
17,8.841960781605945,PCTFE
