EV (V),Tensile Modulus (GPa)
0.9342362624716194,8.488585007060918,
1.1410044389399077,8.569253230673953,
1.1459912844361697,8.2673352253733,
7.887325787433291,7.939479778164904,
13.212897048035114,7.862196226586303,
0.9342362624716194,7.160492633725433,
1.1410044389399077,7.032948203599025,
1.1459912844361697,6.574144442246356,
7.887325787433291,20.14968350201213,
13.212897048035114,87.34655243966306,
