Softening Temperature (°C),Conductivity (S/m)
2,3.0596764239798455,
5,2.6105530831172867,
7,2.401414505347526,
14,2.2157574901881523,
2,-0.43131005297919334,
5,-0.13045250255780427,
7,0.835837237936484,
14,-1.3981455118890516,
2,3.4927891002596567,
5,3.1411177659310643,
7,3.0506809232503085,
14,2.9331927305635426,
