wt%,Reduction Potential (V)
7,8.978844013139259,
9,9.346039809951048,
10,10.91944859029557,
12,52.55887943794848,
