Particle Density,Magnetoresistance
0.6033163610204095,-5.798175722685283,Poly(acrylonitrile)
13.003418346832268,85.12693929395168,Poly(acrylonitrile)
13.656898647234431,5.81150210128407,Poly(acrylonitrile)
0.6033163610204095,1.950356422583977,PEVA
13.003418346832268,1.4140615657177447,PEVA
13.656898647234431,1.356239322533366,PEVA
0.6033163610204095,3.7558748399951347,Nylon 12
13.003418346832268,3.0753487451894714,Nylon 12
13.656898647234431,3.023301782318184,Nylon 12
