Storage Time (days),Hysteresis Loss (J/m³)
3,-4.547865409885146,BR
5,-4.747856408783218,BR
10,-4.914099234592529,BR
3,-0.9881093703245982,PETE
5,-1.112845238074382,PETE
10,-1.2858820378170157,PETE
