wt%,Dynamic Viscosity (Pa·s)
4.6419699181555085,2.544292927909916,Silicon carbide/CNBR
6.468966744570763,2.4133053923366905,Silicon carbide/CNBR
10.195717313483996,2.1902067956547446,Silicon carbide/CNBR
14.058130108293396,2.0861321983303958,Silicon carbide/CNBR
