Filler Content (%),Bulk Modulus (GPa)
0,3.115215097297404,
1,3.4250523893870035,
9,4.945889462085924,
13,9.209286580162876,
14,8.413299392614388,
18,10.346747745667335,
