Thermal Conductivity (W/(m·K)),Compression Strength (MPa)
3.2878452694850213,-7.291579093060363,Polystyrene
8.951508579913023,-7.6152719030606955,Polystyrene
13.407998331480622,-7.662173133907114,Polystyrene
17.61052143719684,-7.676319147930915,Polystyrene
3.2878452694850213,8.261324108267289,Cellulose acetate butyrate
8.951508579913023,8.407431537072974,Cellulose acetate butyrate
13.407998331480622,19.123028265406987,Cellulose acetate butyrate
17.61052143719684,10.290787311119722,Cellulose acetate butyrate
