Exposure Time (h),Coefficient Of Thermal Expansion (1/K)
1,-6.52216033736963,
4,-5.584169708619148,
5,-8.002697638087445,
8,-7.823226186562557,
17,-7.240403413229992,
1,4.871216503599779,
4,4.2125114522899185,
5,4.303444457590679,
8,4.004191025699738,
17,3.7687749790365825,
1,0.17876996977909076,
4,-0.28729670395094087,
5,-0.1538545256005851,
8,-0.37448636102896715,
17,-0.6635885874112786,
