Nanoparticle Volume (%),Crystallinity (%)
8,-2.9712709847610705,PVA
17,-3.276691585567934,PVA
18,-3.281406820403814,PVA
8,3.3171281789836566,Nylon 6-6
17,219.2989472602033,Nylon 6-6
18,-207.8292118830682,Nylon 6-6
8,7.307832786640622,Cellulose acetate butyrate
17,7.2204901071049195,Cellulose acetate butyrate
18,7.218877388412972,Cellulose acetate butyrate
8,4.249708941540499,PP
17,-2.3482061805652146,PP
18,5.91445245820553,PP
