Nanoparticle Volume (%),Modulus Of Elasticity (GPa)
0,-5.373040913254337,
3,-6.093030595378015,
4,-6.168519470185476,
9,-6.421414630292562,
11,-6.4529076821919205,
13,-6.46823246946038,
