Particle Size (nm),Shear Modulus (GPa)
6.422906277842881,0.14820150969164114,0.53% MWCNT
10.91665271666468,60.037731106134665,0.53% MWCNT
17.603312550933158,-229.05745600203605,0.53% MWCNT
