Young’s Modulus (GPa),Compressive Modulus (GPa)
7.502776443069806,-7.620379963283374,Molybdenum Disulfide/PVP
11.488811662529368,-7.697596325349676,Molybdenum Disulfide/PVP
12.431704066797042,-7.70940623853947,Molybdenum Disulfide/PVP
16.256880835167987,-7.724295178370598,Molybdenum Disulfide/PVP
7.502776443069806,3.682034997180632,Molybdenum Disulfide/PVP
11.488811662529368,3.5859052936270195,Molybdenum Disulfide/PVP
12.431704066797042,3.576565253228082,Molybdenum Disulfide/PVP
16.256880835167987,3.5612226592927514,Molybdenum Disulfide/PVP
