Specific Surface Area (m²/g),Thermal Resistance (K/W)
0,-4.30984672474056,PVA
7,4.733655745618245,PVA
8,7.869501201555288,PVA
11,25.990561144056404,PVA
0,8.986910402846178,P(Baph)
7,7.927782250941381,P(Baph)
8,7.914814908198114,P(Baph)
11,7.852806934701866,P(Baph)
