Temperature (°C),Specific Heat (J/(g·K))
1.1343087126205975,-3.621852282870451,0.29% talc/Poly(2-hydroxyethyl methacrylate)
4.726621809615265,-0.40002643648697145,0.29% talc/Poly(2-hydroxyethyl methacrylate)
5.234595433696221,1.9631317452050032,0.29% talc/Poly(2-hydroxyethyl methacrylate)
10.677230356458034,43.995368177693436,0.29% talc/Poly(2-hydroxyethyl methacrylate)
16.962352256794123,-28.41360292134597,0.29% talc/Poly(2-hydroxyethyl methacrylate)
18.436436366097873,698.8853992566425,0.29% talc/Poly(2-hydroxyethyl methacrylate)
