Particle Density,Fatigue Strength (MPa)
0.2502960533870202,7.250280923286267,0.48% barium strontium titanate
6.060702899550295,9.340606768222658,0.48% barium strontium titanate
12.68432063621865,8.431476953037064,0.48% barium strontium titanate
17.244977169628715,3.370594988985218,0.48% barium strontium titanate
