Dielectric Constant,Bet Surface Area
0.12423803340035455,0.5157440330268475,0.22% TPP
5.561065927680151,0.16791969305641585,0.22% TPP
7.543918459546801,-0.010955296466394593,0.22% TPP
0.12423803340035455,5.357248419493327,0.33% TPP
5.561065927680151,4.621318746241008,0.33% TPP
7.543918459546801,4.537166795711641,0.33% TPP
0.12423803340035455,-0.5701205215430869,0.14% TPP
5.561065927680151,-1.6444769306731857,0.14% TPP
7.543918459546801,-1.7503363794065028,0.14% TPP
