Strain,Polarization Resistance (Ω·m²)
0.29588370687675614,7.953076499658278,0.6% TiNT/Polybenzimidazole
1.687353690230895,7.74447484701512,0.6% TiNT/Polybenzimidazole
2.6261517240340915,7.461572213060345,0.6% TiNT/Polybenzimidazole
3.7263537763846033,7.354155230259951,0.6% TiNT/Polybenzimidazole
5.17956643506678,7.264821094925458,0.6% TiNT/Polybenzimidazole
6.324769423046788,7.2081140052653545,0.6% TiNT/Polybenzimidazole
13.748320563621066,7.08394712198863,0.6% TiNT/Polybenzimidazole
17.809709257975857,7.071482123081426,0.6% TiNT/Polybenzimidazole
