Exposure Time (h),Heat Of Crystallization (J/g)
1.4333124276761167,5.102004484006082,Synthetic fluorine mica/SAN24
2.7429686798107333,4.942681363226521,Synthetic fluorine mica/SAN24
11.072250960853541,5.105546900738546,Synthetic fluorine mica/SAN24
1,-4.363934634286153,9-Anthracenemethanol/SAN24
5,-3.2203741377384887,9-Anthracenemethanol/SAN24
15,153.62950128966932,9-Anthracenemethanol/SAN24
0.903128991436426,-0.1511690001696906,Polyaniline/SAN24
7.086152503231813,-0.8036356279535724,Polyaniline/SAN24
16.048672663295573,-0.9022099192896811,Polyaniline/SAN24
