Softening Temperature (°C),Surface Area (m²/g)
5,8.04547281039396,
6,7.368520092456144,
10,7.34835408228828,
15,11.603523092020193,
19,11.230141646999162,
5,-0.9213973166250566,
6,0.818645177132149,
10,7.960188013124945,
15,326.3771927105318,
19,552.8045950240563,
5,1.0442050224079598,
6,1.8849555325224165,
10,1.8613292475319745,
15,5.449494650335035,
19,-12.799608201136856,
