Dispersing Time (min),Shear Strength (MPa)
2,5.0126240251434115,Gold/PAMS
7,4.573370344857979,Gold/PAMS
10,4.509710390900295,Gold/PAMS
15,4.469985741544364,Gold/PAMS
