Incubation Temperature (°C),Impact Strength (kJ/m²)
1,8.960034631774747,0.97% Calcium copper titanate
7,18.56649030611849,0.97% Calcium copper titanate
12,77.86584577582984,0.97% Calcium copper titanate
10.097551513965588,10.729048909321222,0.29% Calcium copper titanate
13.627408706655835,65.69974476797873,0.29% Calcium copper titanate
13.789140950813948,9.789506335602162,0.29% Calcium copper titanate
3.834035931976467,7.518846084792862,0.94% Calcium copper titanate
5.4187479987938625,8.469998141961192,0.94% Calcium copper titanate
15.413449263127738,114.2612434059401,0.94% Calcium copper titanate
