Nanoparticle Mass (%),Magnetic Susceptibility
2,5.871227159783496,PTFE
10,5.074671527070436,PTFE
18,4.853696080082614,PTFE
2,-1.0479153845432405,PA 8
10,-0.8571496057734158,PA 8
18,6.457499744148878,PA 8
2,0.4828608516659796,Poly(2-hydroxyethyl methacrylate)
10,-0.867158819900181,Poly(2-hydroxyethyl methacrylate)
18,6.31156487063586,Poly(2-hydroxyethyl methacrylate)
2,-5.914504155673967,PP
10,-6.407123618363712,PP
18,-6.641144731564473,PP
