Nanoparticle Mass (%),Reduction Potential (V)
3,0.1682407381867721,PA63T
8,18.572853300438737,PA63T
11,12.759810222397876,PA63T
16,124.75368023926299,PA63T
3,-0.7215092066725668,Nylon 11
8,17.410242979036152,Nylon 11
11,33.99107880742831,Nylon 11
16,217.56970265219525,Nylon 11
