Thickness (µm),Magnetic Permeability (H/m)
1,-1.6554395174662195,0.45% CuPP/CNBR
2,-1.458318355376613,0.45% CuPP/CNBR
5,0.030938579118177323,0.45% CuPP/CNBR
12,1.0970514862311216,0.45% CuPP/CNBR
19,8.09498664409591,0.45% CuPP/CNBR
