Aging Time (h),Thermal Resistance (K/W)
5.218916492477099,7.4580838318274925,0.98% Clay/PBT
5.269976780167422,7.349126220505982,0.98% Clay/PBT
9.634938769975607,7.267479945270941,0.98% Clay/PBT
11.453884195391566,7.239973141549612,0.98% Clay/PBT
12.390336128481167,7.233315173705112,0.98% Clay/PBT
