Curing Time (min),Bulk Modulus (GPa)
8.36715177225408,10.182304391484092,PEA
14.25867983314802,17.254964028865956,PEA
18.792165064662164,13.917824738809205,PEA
0.2563411931447601,0.7895928364543583,Poly-trifluoroethylene
10.26847367439321,0.9766247562150829,Poly-trifluoroethylene
10.451398619809982,0.05605825821158561,Poly-trifluoroethylene
