Exposure Time (h),Degradation Temperature (°C)
0.563615147280585,4.193839756871443,
1.7947688932902839,4.057604068461764,
10.591924085211419,3.5146481398337355,
1,3.6431404509324063,
3,3.777371828577038,
11,3.3876458039356554,
6.761882872244853,-4.21416421299439,
14.045862918714969,-4.405766361697683,
19.476303130767157,-4.5040334851587644,
5,-3.9145191417677916,
13,-2.6816266922491443,
15,0.33849109467705674,
4,3.27672577161142,
5,3.247279603915781,
10,3.0634562704881194,
