vol% (%),Dynamic Viscosity (Pa·s)
0,-5.791719287723119,
1,-5.641737623885564,
18,178.94939588419388,
19,104.74691948927715,
0,-5.102794475925947,
1,-4.536040172615519,
18,-3.8324421985093466,
19,6.90528412379348,
