Volume Fraction (%),Bond Strength (MPa)
0.8908151336989389,1.7402179703067673,Fe2O3/Poly(caprolactone)
11.188431598450634,1.0171333166279626,Fe2O3/Poly(caprolactone)
13.322294321374741,1.0012058942848416,Fe2O3/Poly(caprolactone)
14.004870518186197,0.998661619066513,Fe2O3/Poly(caprolactone)
19.173192504017127,0.9860770271401502,Fe2O3/Poly(caprolactone)
