Drying Time (h),Porosity (%)
15.34401334979651,5.967113724233635,0.61% Cellulose
17.921476587891114,5.961753814720719,0.61% Cellulose
19.243009470636146,5.960204550465191,0.61% Cellulose
19.819066734328825,5.959648977319506,0.61% Cellulose
15.34401334979651,26.303411860414638,0.72% Cellulose
17.921476587891114,-26.9151400551815,0.72% Cellulose
19.243009470636146,-2.5143579459140746,0.72% Cellulose
19.819066734328825,641.3178797578727,0.72% Cellulose
