Synthesis Temperature (°C),Particle Size Distribution
7.2873223559189215,-4.370325737972743,
11.419800299962624,-4.452945100941028,
19.245569187990654,-4.4824936633694055,
3.715780300537863,-7.214517969947423,
11.520037598976081,-7.616144048574538,
12.028033819557509,-7.635414512708426,
8,3.92111646994268,
12,40.49765418168434,
18,351.479091598322,
2.2205745834570756,2.033036016781245,
3.9545985295770247,1.9971916888398158,
15.959473481691136,1.3900838905548776,
