Thermal Diffusivity (mm²/s),Hysteresis Loss (J/m³)
5.393178947411079,4.037034677736386,
9.784524961636642,3.8093412567490357,
13.042825941815732,3.7430526530939616,
5.393178947411079,-5.445744777273263,
9.784524961636642,-5.580046220613259,
13.042825941815732,-5.70712246418258,
5.393178947411079,-3.031158189115802,
9.784524961636642,-3.901780808001561,
13.042825941815732,-3.398660410608213,
