pH,Heat Of Fusion (J/g)
10,-4.851292029595341,
18,-5.041925275873116,
19,-5.056609525447238,
10,-2.230387621733679,
18,-2.9090277847239046,
19,19.31288574476978,
10,2.5126897840487903,
18,13.243061176847442,
19,3.7307195291447623,
10,1.974601761229437,
18,1.778719699662676,
19,1.762661508470661,
10,4.39325317222605,
18,355.29884966997486,
19,128.2046595624589,
