Rotational Speed (rpm),Conductivity (S/m)
0,0.020745984127440886,0.42% graphite/PEO
11,22.010271124461877,0.42% graphite/PEO
18,171.0880324594472,0.42% graphite/PEO
4,-0.96494016199817,0.7% graphite/PEO
9,-1.1687105575710122,0.7% graphite/PEO
16,-1.4053302825452514,0.7% graphite/PEO
