Particle Density,Zero-shear Viscosity (Pa·s)
11.439472517895538,-1.8698435014847168, Graphite/NVE
15.811987091322013,-1.8933004590817988, Graphite/NVE
17.591988047838328,-1.8967612356874988, Graphite/NVE
18.904036001530077,-1.8985175170134092, Graphite/NVE
