Rotational Speed (rpm),Magnetic Susceptibility
6.628180075415799,-0.46565316285466396,
9.951844930027862,-0.5506544607561012,
14.460343399363879,-0.7148928027959455,
18.700974692136512,-0.8046792443794597,
19.076416752112348,-0.8033895232094206,
3,-3.9627462953859887,
5,-3.5899921475600447,
8,4.025876020603286,
16,268.40686521931116,
17,194.80692798272935,
1,3.3045774985749166,
7,2.7690433363869293,
10,2.692953999406649,
11,2.688684240071684,
12,2.676370181764814,
