Dispersing Time (min),Dynamic Viscosity (Pa·s)
8,3.1548744803785054,silica gel/PP
9,3.1075766599394137,silica gel/PP
18,2.8789259628776573,silica gel/PP
19,2.864241363536393,silica gel/PP
8,5.1411248744318545,Molybdenum Disulphide/PP
9,5.110371893664615,Molybdenum Disulphide/PP
18,4.886695460450627,Molybdenum Disulphide/PP
19,4.862716254838808,Molybdenum Disulphide/PP
8,6.846624289512833,ZrO2/PP
9,6.819421725296921,ZrO2/PP
18,6.757522077353289,ZrO2/PP
19,6.756407449147013,ZrO2/PP
