Ultrasound Power (W),Saturation Magnetization (A/m)
2,-0.704306950887226,0.44% MgO/Poly(ethylene)
8,-1.2153430459135337,0.44% MgO/Poly(ethylene)
13,-1.3444856553424225,0.44% MgO/Poly(ethylene)
5.493455473146362,-3.7244562489076127,0.71% MgO/Poly(ethylene)
6.631566108772928,-3.7933111153269587,0.71% MgO/Poly(ethylene)
14.785501328897597,-3.9022521410049342,0.71% MgO/Poly(ethylene)
1.2552823744184716,-2.855844749751687,0.37% MgO/Poly(ethylene)
1.3951342300470904,-2.580387921290342,0.37% MgO/Poly(ethylene)
13.627422842278062,1.1196073595912317,0.37% MgO/Poly(ethylene)
