Exposure Time (h),Magnetic Susceptibility
4.074936564092006,9.68942725816953,0.04% Polyaniline/Polyetherketoneketone
7.988317764898993,23.28744439949837,0.04% Polyaniline/Polyetherketoneketone
12.572889120205975,55.96073213194683,0.04% Polyaniline/Polyetherketoneketone
13.552393149013621,120.81268963676514,0.04% Polyaniline/Polyetherketoneketone
4.074936564092006,0.0031485125640919875,0.3% Polyaniline/Polyetherketoneketone
7.988317764898993,13.364007163333483,0.3% Polyaniline/Polyetherketoneketone
12.572889120205975,36.83932493004394,0.3% Polyaniline/Polyetherketoneketone
13.552393149013621,86.04967599914349,0.3% Polyaniline/Polyetherketoneketone
