Temperature (°C),Kinematic Viscosity (mm²/s)
2.9326025411626566,-2.409951052082456,0.4% graphite nanoplatelets/EPDM
8.65520225562938,-2.6986379073714604,0.4% graphite nanoplatelets/EPDM
16.59098483545684,-2.7707268342741433,0.4% graphite nanoplatelets/EPDM
6.698560581163406,1.2433281860199017,0.39% graphite nanoplatelets/EPDM
12.631955488767586,8.16413335189803,0.39% graphite nanoplatelets/EPDM
13.510175547842147,-0.6731148785808276,0.39% graphite nanoplatelets/EPDM
4.045889465318382,1.2265247182525931,0.6% graphite nanoplatelets/EPDM
7.277142293682857,2.5691728260753397,0.6% graphite nanoplatelets/EPDM
11.410707057483386,5.616643499136924,0.6% graphite nanoplatelets/EPDM
