Polymer Molecular Weight (g/mol),X-ray Diffraction Intensity
3.224921086297181,3.186887305777608,Polylactic acid
5.852659090937411,2.715656736133676,Polylactic acid
9.014685081572495,2.658108322126056,Polylactic acid
12.662343472219181,2.486277915545511,Polylactic acid
18.670643832993484,2.37995143897848,Polylactic acid
19.899453223711816,2.360686445733743,Polylactic acid
