Strain,Pore Volume (cm³/g)
14,0.5151300789553614,IMPP
16,1.3070757249689295,IMPP
17,12.680622050369783,IMPP
7.5550164304177425,15.806691811172223,Fluoroelastomer
7.605826494167078,15.225806784002387,Fluoroelastomer
7.926727879416664,14.560704366162934,Fluoroelastomer
0.08994669058015603,-6.865432471574212,Poly(vinylidene fluoride)
6.606862880309925,-7.617515598117583,Poly(vinylidene fluoride)
9.388174875370769,-7.677694349030834,Poly(vinylidene fluoride)
