Thermal Conductivity (W/(m·K)),Hardness (HV)
1.7850561265979814,-5.749500071567646,PA 66
4.147797889575919,-6.087018929073386,PA 66
8.70718940989654,-6.403239395268964,PA 66
12.140058634005829,-6.490451099438659,PA 66
15.979865453843384,-6.587957260487779,PA 66
17.684073529497013,-6.611600865934065,PA 66
