Holding Time (min),Saturation Magnetization (A/m)
7.508233430422921,-6.408401545358294,0.97% Molybdenum Disulfide
8.624489415141468,-6.43043664037115,0.97% Molybdenum Disulfide
11.864053762269275,-6.484609601334181,0.97% Molybdenum Disulfide
16.539421903111574,-6.504527000399141,0.97% Molybdenum Disulfide
16.859949503377308,-6.506259316883061,0.97% Molybdenum Disulfide
19.708598960369386,-6.509077016356407,0.97% Molybdenum Disulfide
