Evaporation Temperature (°C),Young’s Modulus (GPa)
5,-2.1864560416343934,0.89% SWNT
6,-2.2099982701960434,0.89% SWNT
14,-2.345687412921461,0.89% SWNT
5,-1.4475851096608996,0.83% SWNT
6,1.9285654210510037,0.83% SWNT
14,174.97349727388675,0.83% SWNT
