Dispersing Time (min),Shear Viscosity (Pa·s)
1.880120017972089,-5.682357239804355,0.24% Paraffin oil/PLA
5.979182153177169,-4.703996172311423,0.24% Paraffin oil/PLA
18.382483947203742,-11.266061113743088,0.24% Paraffin oil/PLA
1.880120017972089,-2.8731218901571984,0.27% Paraffin oil/PLA
5.979182153177169,-3.0709215873949445,0.27% Paraffin oil/PLA
18.382483947203742,-3.520805624403572,0.27% Paraffin oil/PLA
