Nanoparticle Mass (%),Remanence (A/m)
4.813475052534,2.0613507078864273,Poly(vinyl alcohol)
9.860919487606028,1.8443279554559084,Poly(vinyl alcohol)
17.960579503868384,1.6636315135260131,Poly(vinyl alcohol)
18.285771744705926,1.6410022355514524,Poly(vinyl alcohol)
4.813475052534,2.146948973325067,PVAC
9.860919487606028,3.2194871934165654,PVAC
17.960579503868384,5.942566321886442,PVAC
18.285771744705926,12.838530860036999,PVAC
