Pore Volume (cm³/g),Ionic Conductivity (S/m)
7.339043653378892,-0.5992999146651738,Poly(methyl acrylate)
9.047428811462304,-0.6564971367838738,Poly(methyl acrylate)
11.55086515348942,-0.688868723630849,Poly(methyl acrylate)
12.135431490026853,-0.6935391291731079,Poly(methyl acrylate)
16.109379058756055,-0.7119149864909144,Poly(methyl acrylate)
18.646763848627756,-0.7168638268385972,Poly(methyl acrylate)
