Decomposition Temperature (°C),Electrochemical Potential (V)
2,-1.6270490331496745,
8,8.163499227462667,
18,199.9422652541394,
2,6.021331444020461,
8,5.450500845964189,
18,5.357584513906735,
2,6.649425379158624,
8,6.124251484621446,
18,6.043445711354341,
2,-6.096086245831849,
8,-4.128305146018867,
18,6.066823958674718,
2,2.870891521873127,
8,28.180620933155453,
18,-30.158486375712634,
