Rotational Speed (rpm),Pore Size (nm)
1.2939442294457981,7.959868043698122,0.46% multi-walled CNT
8.905762137419337,9.771070047119105,0.46% multi-walled CNT
14.698999816570852,8.776220278322423,0.46% multi-walled CNT
1.2939442294457981,-0.16720502211869825,0.99% multi-walled CNT
8.905762137419337,-0.3104399891571181,0.99% multi-walled CNT
14.698999816570852,3.6567327275452524,0.99% multi-walled CNT
