Filler Content (%),Bond Strength (MPa)
6.003048874018495,11.266924946225851,
9.455552414919364,14.941396013070403,
12.398154239789756,51.86688632494072,
19.371712514156116,849.7563935214072,
6.003048874018495,3.3168771645679946,
9.455552414919364,3.0745698189518613,
12.398154239789756,2.9104769479352726,
19.371712514156116,2.7976853866313114,
