Thermal Conductivity (W/(m·K)),Viscosity (Pa·s)
2,1.7060159163522253,0.99% OFG
4,4.494239960483208,0.99% OFG
9,24.420859834189187,0.99% OFG
14,103.9453772291066,0.99% OFG
19,789.8070562768779,0.99% OFG
