Heat Treatment Temperature (°C),Degradation Temperature (°C)
0.15065679499419504,2.6339484628505403,0.09% multi-walled carbon nanotube/aPP
3.762179630479432,6.707948462151209,0.09% multi-walled carbon nanotube/aPP
7.3466371593663045,15.243585767601733,0.09% multi-walled carbon nanotube/aPP
12.375126958495656,50.80652923721625,0.09% multi-walled carbon nanotube/aPP
14.325227092753654,228.723952408842,0.09% multi-walled carbon nanotube/aPP
17.877612585752335,-6.641463660445186,0.09% multi-walled carbon nanotube/aPP
