Particle Density,Magnetic Permeability (H/m)
6.805819226494538,6.958397428060763,0.36% Graphite Nanoplatelets/Polyimide
7.734054968665756,5.963427878787432,0.36% Graphite Nanoplatelets/Polyimide
9.071439915298567,4.81338719974743,0.36% Graphite Nanoplatelets/Polyimide
18.296990056978412,6.93832841711117,0.36% Graphite Nanoplatelets/Polyimide
18.417114111573856,10.496199287553502,0.36% Graphite Nanoplatelets/Polyimide
