pH,Conductivity (S/m)
0,-3.9383022911789,Poly(propylene)
2,-4.383860329282361,Poly(propylene)
10,-4.846218894114561,Poly(propylene)
0,8.073093594365172,PETP
2,7.988206517227866,PETP
10,7.628272976427862,PETP
