Neutron Flux (n/cm²/s),Complex Modulus (Pa)
4,-3.4655870242007,0.79% Carbon Black
7,-3.689775645839955,0.79% Carbon Black
17,-3.8280905446988984,0.79% Carbon Black
4,-1.400543403207335,0.63% Carbon Black
7,0.6535627870145833,0.63% Carbon Black
17,203.41142966789187,0.63% Carbon Black
4,8.867175399501834,0.04% Carbon Black
7,16.28735510799482,0.04% Carbon Black
17,182.95313509705875,0.04% Carbon Black
