Stirring Speed (rpm),Bet Surface Area
5.79283633806239,1.572919132118324,0.76% Morrocan montmorillonite
11.804741991015739,36.54466258627077,0.76% Morrocan montmorillonite
19.993632210200822,-282.4997016418911,0.76% Morrocan montmorillonite
5.79283633806239,-3.3311943037252965,0.59% Morrocan montmorillonite
11.804741991015739,-2.2475077762457865,0.59% Morrocan montmorillonite
19.993632210200822,10.239903297283696,0.59% Morrocan montmorillonite
