Degradation Temperature (°C),Loss Factor
1,7.419768984887234,
3,7.032687063729605,
11,6.6807100842651606,
19,6.573906991757883,
