Heat Treatment Temperature (°C),Ionic Conductivity (S/m)
5.276764120973674,0.16204619457767155,0.2% SAF
11.589876210765805,-0.16821493339880106,0.2% SAF
15.235338553826328,-0.26345835230113557,0.2% SAF
