Holding Time (min),Electrochemical Potential (V)
5,-1.005822920282209,0.78% barium titanate/PS-I
11,0.5613243247690662,0.78% barium titanate/PS-I
14,2.9685295215918526,0.78% barium titanate/PS-I
15,2.531657482088476,0.78% barium titanate/PS-I
5,-1.7970415900492078,0.17% barium titanate/PS-I
11,-2.0510906618471916,0.17% barium titanate/PS-I
14,-2.1599571398474486,0.17% barium titanate/PS-I
15,-2.1733437046309625,0.17% barium titanate/PS-I
