Rotational Speed (rpm),Reduction Potential (V)
5,6.86244454184976,
12,72.32853982074646,
13,100.91052148288496,
5,4.26782683526058,
12,4.065594893631176,
13,4.058949051491988,
5,2.5700827558170234,
12,2.2720435793884097,
13,2.2551611948136814,
5,3.682473921436574,
12,3.4934768021462936,
13,3.487166772501965,
