Synthesis Temperature (°C),Flexural Strength (MPa)
5.42665542646565,-2.342177179794471,PVA
12.0401187529777,-1.146224999133847,PVA
15.286503148765249,-3.8963502795679132,PVA
19.786433358877765,4.364244159634961,PVA
