Heat Treatment Temperature (°C),Galvanic Potential (V)
1.5926352383942644,8.118455304278958,Sodium polyacrylate
5.008660387554096,7.520961825945361,Sodium polyacrylate
6.711864039976955,7.620232792930681,Sodium polyacrylate
10.5950914533647,7.554636868687918,Sodium polyacrylate
13.183637545599058,8.101022906329657,Sodium polyacrylate
