Nanoparticle Volume (%),Zero-shear Viscosity (Pa·s)
3,-2.1777234403408046,
11,-2.5341038709304313,
13,-2.5495270391407354,
15,-2.5590040951958195,
