Dispersing Time (min),Dynamic Viscosity (Pa·s)
9,-0.09651770002772087,Polyimide
13,-0.2646867129424234,Polyimide
14,-0.3032893911191596,Polyimide
15,-0.32715271306457894,Polyimide
18,-0.37135241782880246,Polyimide
