Heat Capacity (J/K),Electronic Conductivity (S/m)
1,-5.774846998187638,0.41% talc
14,-6.32719737249781,0.41% talc
19,-6.438453351484979,0.41% talc
1,4.371565314352308,0.99% talc
14,102.33936661896847,0.99% talc
19,16.178089010176937,0.99% talc
