Curing Time (min),Permittivity
4,6.694567683135391,
9,6.531764938986534,
12,19.65829631064344,
15,202.39745607063787,
4,-4.902443886995742,
9,-5.1388878128420785,
12,-5.21499128553164,
15,-5.284792695403813,
4,9.555211785688574,
9,27.643912791327722,
12,28.935702535661562,
15,253.99749973705374,
4,4.571561426347047,
9,4.215921212097084,
12,4.073907937484161,
15,4.030698944895042,
