Drying Temperature (°C),Crystallization Temperature (°C)
5.331816215047067,-2.2808939709043465,
7.461494464448042,-2.3817341371895244,
9.964721059345651,-2.4235773968176,
11.727482081863485,-2.4389074387476555,
17.30714765942959,-2.462667355588047,
