Stirring Speed (rpm),Intrinsic Viscosity (dl/g)
0.9766652957967215,9.356278473089741,0.97% silica nanoparticles/PA 12
2.2963518537400707,10.060583733920733,0.97% silica nanoparticles/PA 12
8.357814102937034,31.507254403351425,0.97% silica nanoparticles/PA 12
0.9766652957967215,-4.368414322187442,0.06% silica nanoparticles/PA 12
2.2963518537400707,-4.571158761826377,0.06% silica nanoparticles/PA 12
8.357814102937034,-4.973136023403428,0.06% silica nanoparticles/PA 12
0.9766652957967215,-4.480703652962609,0.63% silica nanoparticles/PA 12
2.2963518537400707,-3.8765617975292503,0.63% silica nanoparticles/PA 12
8.357814102937034,-3.2348288449253095,0.63% silica nanoparticles/PA 12
