Reaction Time (h),Electrochemical Potential (V)
9.444768717670296,-3.411188965280929,Carbon black/PU
15.127894478965576,-3.4525142113605805,Carbon black/PU
18.645061493518295,-3.46015946936663,Carbon black/PU
