Volume Fraction,Poisson’s Ratio
2,-2.111800346827127,Fe2O3/PPSF
7,1.3519210151481094,Fe2O3/PPSF
11,16.255611425509375,Fe2O3/PPSF
13,56.48342046508091,Fe2O3/PPSF
17,277.3974645269198,Fe2O3/PPSF
