Coefficient Of Thermal Expansion (1/K),Tan Delta
1,-6.340450548034052,0.08% exfoliated graphene
5,-3.7570517174140106,0.08% exfoliated graphene
7,-2.6427755602584195,0.08% exfoliated graphene
11,31.681720042285477,0.08% exfoliated graphene
13,70.5861139003261,0.08% exfoliated graphene
18,177.95163870103625,0.08% exfoliated graphene
