Dielectric Loss,Remanence (A/m)
7.876885137227665,4.31238459230505,carbon nanotube/BXZ
12.14872766913799,4.239188177328017,carbon nanotube/BXZ
15.019725483008264,4.222803075637599,carbon nanotube/BXZ
7.876885137227665,-0.25160700911915246,Fluorine mica/BXZ
12.14872766913799,-0.3230334834931252,Fluorine mica/BXZ
15.019725483008264,-0.33819569441261255,Fluorine mica/BXZ
