Annealing Temperature (°C),Porosity (%)
1,0.3775085151286126,Nylon 6-6
3,1.765372845393797,Nylon 6-6
4,1.104210706865536,Nylon 6-6
6,2.0498621787385463,Nylon 6-6
11,13.092883204888889,Nylon 6-6
