Surfactant Concentration (M),Dielectric Loss
7,1.681843841718787,Poly(vinyl alcohol)
12,5.488206756529111,Poly(vinyl alcohol)
15,4.404909647512751,Poly(vinyl alcohol)
16,9.11709252676878,Poly(vinyl alcohol)
19,-8.215583410384378,Poly(vinyl alcohol)
7,0.9705759078293443,Nylon 6
12,43.13452229861674,Nylon 6
15,169.95876658706217,Nylon 6
16,-73.93452996734416,Nylon 6
19,829.6117901160704,Nylon 6
