Rotational Speed (rpm),Surface Area (m²/g)
10,2.863539968022207,PVOH
12,2.7539905934141036,PVOH
15,2.6821874394054896,PVOH
19,2.606313647129676,PVOH
10,0.2680906408019288,PMS
12,0.21625340013630528,PMS
15,0.1611413751791162,PMS
19,0.07763104984956795,PMS
10,-4.868183290574145,PLA
12,-4.886571604106351,PLA
15,-4.904171645499528,PLA
19,-4.9115957611957075,PLA
