Thermal Diffusivity (mm²/s),Thermal Resistance (K/W)
8.354278088981522,7.190203314621702,
11.26866350169269,7.134695742006059,
13.922490542038894,7.11631140194428,
14.648535278902948,7.11344760123527,
19.354653672889164,7.103659064063117,
8.354278088981522,7.528881552956419,
11.26866350169269,7.420609948203091,
13.922490542038894,7.339036460602903,
14.648535278902948,7.326310915407226,
19.354653672889164,7.241235527314981,
