Thermal Diffusivity (mm²/s),Bet Surface Area
2,1.3865047329114983,PA 8
4,1.0277776071242564,PA 8
6,0.8656463398585754,PA 8
7,0.8473036296992716,PA 8
10,0.7606701218780966,PA 8
12,0.7423731286029155,PA 8
18,0.7167944624744534,PA 8
