Reaction Temperature (°C),Bond Strength (MPa)
7,4.25265521928123,talc/PEO
9,5.886385238657083,talc/PEO
13,8.06441122982427,talc/PEO
14,11.456116853600275,talc/PEO
18,18.886886616517717,talc/PEO
19,6.360329968031355,talc/PEO
