Volume Fraction (%),Heat Capacity (J/K)
3,-1.6563006752569005,
11,-2.2358523682962543,
18,-2.371106804908658,
3,-0.023619077870048077,
11,-0.28105091376433494,
18,-0.3120167990259137,
