Loading Concentration (%),Shear Viscosity (Pa·s)
8,-4.929066131671858,
17,9.204252116779216,
18,-19.494764789112374,
