Stress (Pa),Thermal Expansion (1/K)
0.39242315450411125,8.389078389402457,Graphite/PETP
1.7907474382274446,8.103511698480316,Graphite/PETP
16.65322583724959,7.359690063383377,Graphite/PETP
0.39242315450411125,6.801570153157776,cellulose nanowhiskers/PETP
1.7907474382274446,7.196957245061563,cellulose nanowhiskers/PETP
16.65322583724959,251.35021317699272,cellulose nanowhiskers/PETP
