Elongation At Break (%),Decomposition Temperature (°C)
6.464995492974664,4.963705215497564,ZnO/P4VP
6.826241546178267,6.094487229788278,ZnO/P4VP
16.163669139115274,1.5124879391277464,ZnO/P4VP
6.464995492974664,2.852868256372896,Buckminsterfullerene/P4VP
6.826241546178267,2.8786397320371386,Buckminsterfullerene/P4VP
16.163669139115274,2.7330449167707593,Buckminsterfullerene/P4VP
6.464995492974664,12.2914719097927,Aluminium/P4VP
6.826241546178267,5.413727045892179,Aluminium/P4VP
16.163669139115274,11.147846030050614,Aluminium/P4VP
