Particle Size (nm),Compression Strength (MPa)
1.4615033158233315,-2.0731085567161163,Graphite oxide/Polyurethane
4.386742157941006,-2.553144617462037,Graphite oxide/Polyurethane
9.498840918910725,-2.719463611899067,Graphite oxide/Polyurethane
1.4615033158233315,3.8237931320886163,silver hexafluoroantimonate/Polyurethane
4.386742157941006,3.3009594284800916,silver hexafluoroantimonate/Polyurethane
9.498840918910725,3.085133603366764,silver hexafluoroantimonate/Polyurethane
1.4615033158233315,0.9218142037038626,ZrO2/Polyurethane
4.386742157941006,0.7772739609434826,ZrO2/Polyurethane
9.498840918910725,0.47322070993667387,ZrO2/Polyurethane
