UV Exposure Time (h),Galvanic Potential (V)
4.507488237217321,-4.861635514090636,
4.563034617881135,-4.792537545651443,
16.540555660094867,-5.07988811569091,
