Aging Temperature (°C),Heat Capacity (J/K)
2,8.062804756207518,0.24% CCTO ceramics
3,8.548541119025042,0.24% CCTO ceramics
5,8.484152190908006,0.24% CCTO ceramics
16,17.88954688604702,0.24% CCTO ceramics
18,11.997408107235426,0.24% CCTO ceramics
