Decomposition Temperature (°C),Thermal Diffusivity (mm²/s)
5.249219320093285,0.4407653872149493,
6.66656508531942,0.4285759062843688,
11.345886011764666,3.2606721201319857,
16.64573076568335,-4.843031656620937,
16.912957586352547,2.1169989769286506,
