X-ray Dose (Gy),Bond Strength (MPa)
1,4.478836416932465,
10,5.654702700562687,
12,2.657128617095082,
13,6.415773519993638,
1,-4.952742781393475,
10,14.017816634938285,
12,14.947655867361803,
13,74.3724463560626,
