Neutron Flux (n/cm²/s),Crystallization Temperature (°C)
7.387663725871157,-2.5842761461384205,multi-walled CNTs/Polybutylene succinate
11.419439564020639,-6.253045620411681,multi-walled CNTs/Polybutylene succinate
12.398557732421029,1.0656416212581856,multi-walled CNTs/Polybutylene succinate
7.387663725871157,2.9537615647732425,C.I. Pigment Black 6/Polybutylene succinate
11.419439564020639,11.371543817892404,C.I. Pigment Black 6/Polybutylene succinate
12.398557732421029,45.56024412181613,C.I. Pigment Black 6/Polybutylene succinate
7.387663725871157,-4.493148746556252,Graphene/Polybutylene succinate
11.419439564020639,-3.0167753680859017,Graphene/Polybutylene succinate
12.398557732421029,-1.866332830027762,Graphene/Polybutylene succinate
