Incubation Temperature (°C),Tan Delta
2,-5.157746634048367,
15,53.53617048075057,
17,101.38223872888169,
2,1.3637951284486458,
15,1.2791323550167548,
17,1.3055891416487269,
2,-5.4226461570058335,
15,3.979730508842632,
17,135.75988227585447,
2,-3.9985284341083203,
15,116.174210991962,
17,129.71344958153577,
