Pore Volume (cm³/g),Shear Viscosity (Pa·s)
4,1.534617009090829,0.41% BaTiO3/iPP
10,1.3567698120180554,0.41% BaTiO3/iPP
12,1.2197911187781805,0.41% BaTiO3/iPP
14,1.192208944634798,0.41% BaTiO3/iPP
16,1.1392452432320082,0.41% BaTiO3/iPP
4,-4.473918473545962,0.45% BaTiO3/iPP
10,-4.73974574002912,0.45% BaTiO3/iPP
12,-4.767976834822539,0.45% BaTiO3/iPP
14,-4.781595363022351,0.45% BaTiO3/iPP
16,-4.7876731472482605,0.45% BaTiO3/iPP
