Thermal Diffusivity (mm²/s),Magnetic Anisotropy (J/m³)
2.494253867616776,-2.2353568176032663,
3.173707666229386,-2.2334369006042882,
7.0593023721002,-2.509516512355629,
11.06646093130816,-2.592327546573709,
18.141851152956317,-2.626168719417768,
2.494253867616776,0.2215450802639536,
3.173707666229386,0.06505029167519472,
7.0593023721002,0.002584096312563511,
11.06646093130816,-0.1990720105524032,
18.141851152956317,-0.36788726618867507,
