Rotational Speed (rpm),Tensile Modulus (GPa)
0.5560459175075905,6.578437743107144,
4.504825326668655,6.231511650229687,
16.978029814211343,5.82777700674232,
0.5560459175075905,4.178347974123712,
4.504825326668655,3.80250142578572,
16.978029814211343,3.5278104809999253,
0.5560459175075905,-4.826685900865879,
4.504825326668655,-1.2067841400954293,
16.978029814211343,-53.07689823545606,
