Polymer Molecular Weight (g/mol),Magnetic Anisotropy (J/m³)
0.20864494555393298,-5.8788180862254045,Poly(butylene terephthalate)
1.5827254577657968,-6.087163253699481,Poly(butylene terephthalate)
6.892625308882849,-6.385610560083187,Poly(butylene terephthalate)
6.97537849149815,-6.510524222350256,Poly(butylene terephthalate)
12.387986818734788,-6.584022251598479,Poly(butylene terephthalate)
