Aspect Ratio,Dielectric Loss
2.911548916214781,0.1613042245586362,0.29% sodium montmorillonite
15.029243173892546,-0.249061986657667,0.29% sodium montmorillonite
19.08227430939597,-0.25711934830957656,0.29% sodium montmorillonite
