EV (V),Remanence (A/m)
0.1609739337694438,-3.7918339113562185,PDMS
10.562631002193854,-4.186268160961842,PDMS
15.016232373750015,-4.308142886574099,PDMS
15.502179179326411,-4.29504175464101,PDMS
0.1609739337694438,-6.717485199563315,poly-HEMA
10.562631002193854,-7.724375520348232,poly-HEMA
15.016232373750015,-7.756119742364048,poly-HEMA
15.502179179326411,-7.758577756466043,poly-HEMA
