Polymer Molecular Weight (g/mol),Compressive Modulus (GPa)
6,14.955514305238246,
10,33.58507015522176,
13,45.209518333674566,
17,43.90515439574447,
18,750.8890500860807,
6,8.158784586905563,
10,7.928879587955622,
13,7.86852975956226,
17,7.770424906713894,
18,7.7490547764148054,
6,0.3263089510683512,
10,1.5518672544505332,
13,118.30686861387977,
17,463.3084487448531,
18,590.4728556001385,
