Incubation Temperature (°C),Porosity (%)
2,6.020574466571039,
17,0.3981629903055186,
18,17.715831269084152,
