EV (V),Particle Size (nm)
0.35718495978209974,4.905647215872592,
1.717876638475344,4.750313744741408,
3.6912870164669664,5.432981362953184,
10.39329533284307,5.075942090689832,
15.0882352699546,13.977122900656665,
