Synthesis Temperature (°C),Reduction Potential (V)
0,7.359800616169899,0.01% Al2O3/PS
1,6.914663743156206,0.01% Al2O3/PS
4,6.779173990521308,0.01% Al2O3/PS
6,6.535391954934548,0.01% Al2O3/PS
14,6.234835821113705,0.01% Al2O3/PS
15,6.205774135580611,0.01% Al2O3/PS
