Incubation Temperature (°C),Charge Transfer Resistance (Ω·m²)
7.929322526371307,0.538984984696514,0.02% Lead(II) sulfide/PA 6(3)T
8.155640103570585,0.5245641125305355,0.02% Lead(II) sulfide/PA 6(3)T
9.870698770432345,0.49570125786205993,0.02% Lead(II) sulfide/PA 6(3)T
7.929322526371307,0.564704233452231,0.81% Lead(II) sulfide/PA 6(3)T
8.155640103570585,0.5434655699814603,0.81% Lead(II) sulfide/PA 6(3)T
9.870698770432345,0.5136477167739516,0.81% Lead(II) sulfide/PA 6(3)T
7.929322526371307,-4.790899116343193,0.33% Lead(II) sulfide/PA 6(3)T
8.155640103570585,-4.848539088659884,0.33% Lead(II) sulfide/PA 6(3)T
9.870698770432345,-4.830748319385502,0.33% Lead(II) sulfide/PA 6(3)T
