Strain,Kinematic Viscosity (mm²/s)
2.091093766897152,-1.877440759996322,Acrylonitrile butadiene styrene
6.013542895559598,-0.9618273484690114,Acrylonitrile butadiene styrene
13.466759087577927,2.6858581698545994,Acrylonitrile butadiene styrene
15.19904371967858,-1.4537056974958693,Acrylonitrile butadiene styrene
2.091093766897152,6.533932353346958,PR
6.013542895559598,10.947764259995665,PR
13.466759087577927,19.05531346434649,PR
15.19904371967858,114.7042362185729,PR
