Specific Surface Area (m²/g),Glass Transition Temperature (°C)
2,7.407245688438479,iPP
6,7.124519715201649,iPP
10,7.019318108350687,iPP
19,6.971573496184564,iPP
3,8.336013454551557,PBS
10,10.140906875486323,PBS
14,15.934475725947385,PBS
17,3.9864495680905403,PBS
