Frequency (Hz),Shear Viscosity (Pa·s)
0.9634888487394755,4.05162538318959,0.91% Fullerene
8.332247296467267,5.390734598457435,0.91% Fullerene
10.072708673908854,8.122021524217846,0.91% Fullerene
17.160277268332393,4.3149519677471115,0.91% Fullerene
