Stirring Speed (rpm),Reduction Potential (V)
2,-3.9597699287654935,PB-1
13,-4.519332537280988,PB-1
16,-4.531519490218784,PB-1
18,-4.535385578992773,PB-1
19,-4.5365132329749835,PB-1
