Film Thickness (µm),Compression Strength (MPa)
0,4.0913900489911725,0.4% Al2O3
4,6.577328219081075,0.4% Al2O3
10,35.8073030106769,0.4% Al2O3
11,67.16539774878866,0.4% Al2O3
15,124.21202046314895,0.4% Al2O3
0,-3.6721349401183345,0.99% Al2O3
4,-3.9052627988712514,0.99% Al2O3
10,-4.234030014455685,0.99% Al2O3
11,-4.248840904332056,0.99% Al2O3
15,-4.381433249066778,0.99% Al2O3
