Pore Size (nm),Pore Volume (cm³/g)
7.6598541539525655,8.36842831996913,0.39% White mineral oil/SAN
10.525408818398073,8.27522439828041,0.39% White mineral oil/SAN
16.708052572248274,8.105828395854077,0.39% White mineral oil/SAN
7.6598541539525655,4.61199449442716,0.13% White mineral oil/SAN
10.525408818398073,46.283797957205756,0.13% White mineral oil/SAN
16.708052572248274,182.9576036795231,0.13% White mineral oil/SAN
7.6598541539525655,4.992748149222852,0.62% White mineral oil/SAN
10.525408818398073,28.685930319420113,0.62% White mineral oil/SAN
16.708052572248274,290.63277331857967,0.62% White mineral oil/SAN
