Elongation At Break (%),Tensile Modulus (GPa)
10,-3.5313210247303983,0.08% silver/PMS
15,-9.129574169524716,0.08% silver/PMS
18,-3.5402068041886015,0.08% silver/PMS
10,9.230070234149881,0.94% silver/PMS
15,4.066130561793662,0.94% silver/PMS
18,463.2946937137432,0.94% silver/PMS
