Synthesis Time (min),Dynamic Viscosity (Pa·s)
1.6583640382027132,-2.4323937718013853,PVAC
5.569012126758395,-1.1471707910389433,PVAC
10.218220704963922,2.004944895711067,PVAC
14.353651473928126,-5.327721921344118,PVAC
17.36509466085107,-11.25751785448946,PVAC
1,-4.693850533311789,Polyetherketoneketone
10,13.109738811120225,Polyetherketoneketone
11,21.81753740046389,Polyetherketoneketone
12,-11.247402192058269,Polyetherketoneketone
16,18.504776905208736,Polyetherketoneketone
