Tensile Strength (MPa),Electrochemical Potential (V)
0,5.370130741969039,
9,18.887380039204565,
13,30.200280209417556,
14,88.2246778022141,
15,-93.50167280993622,
18,159.8599516732834,
0,8.209911368915819,
9,7.281399824003342,
13,7.235351662491512,
14,7.229103035599495,
15,7.22596927168591,
18,7.21851168990004,
0,4.730605856103637,
9,20.617580200828343,
13,65.7038977275292,
14,72.9995019266692,
15,86.86105671953173,
18,-223.78270624379599,
