Stress (Pa),Poisson’s Ratio
2.3093548990862622,8.170373613091222,
5.644555176995018,7.827985175621762,
7.7803838349671945,7.742625240318102,
11.264880839872529,7.67961674968664,
16.230968376580954,7.65291703890036,
