Ion Beam Dose (Gy),Polarization Resistance (Ω·m²)
5.612051186312095,2.8568983085980744,Silver hexafluoroantimonate/Nylon 6
7.607203452045301,2.9394625574456086,Silver hexafluoroantimonate/Nylon 6
8.931428346120732,2.8742379587567,Silver hexafluoroantimonate/Nylon 6
9.58314770731856,2.772910747672638,Silver hexafluoroantimonate/Nylon 6
12.6365854839755,2.6983341420085716,Silver hexafluoroantimonate/Nylon 6
14.21389622720612,2.659970847192561,Silver hexafluoroantimonate/Nylon 6
