Particle Diameter (nm),Crystallinity (%)
0.10357965892593857,0.07664000414665972,0.61% clay
6.515599546548751,-1.0070019904197167,0.61% clay
18.832447888090076,-1.1524572355032556,0.61% clay
