Magnetic Field Strength (T),Pore Volume (cm³/g)
1.607257530019659,7.694537636081655,TiNTs/PP
3.0024165512914203,7.6485878651593895,TiNTs/PP
4.873721791275067,7.64537100970756,TiNTs/PP
