Gamma Radiation Dose (Gy),Bulk Modulus (GPa)
1,8.202949213371166,
5,8.037726960707031,
18,7.5618800462497,
1,-1.2769402175044602,
5,-1.3855479462489846,
18,-1.8173769513704567,
1,-1.3945151361402202,
5,-1.8311864163745804,
18,-2.164037353373525,
1,4.487569329843746,
5,3.8200962455130165,
18,3.6088934637127856,
