Nanoparticle Mass (%),Decomposition Temperature (°C)
1.6029062426695928,-6.45508218203882,PA 8
4.214733805678459,-6.542902258848947,PA 8
12.136773710931894,-6.837905780170094,PA 8
