Specific Surface Area (m²/g),Toughness (MJ/m³)
6.591207484671909,-2.2800796919614044,PMMA
7.730851081416996,-1.228399340165618,PMMA
17.676353024166026,169.19571578224554,PMMA
6.591207484671909,7.602273526252504,BPA-Ph
7.730851081416996,7.243878230700478,BPA-Ph
17.676353024166026,35.61934911195815,BPA-Ph
6.591207484671909,-2.6526061049938994,XNBR
7.730851081416996,-2.651469205951912,XNBR
17.676353024166026,-3.037612955771715,XNBR
