Exposure Time (h),Thermal Expansion (1/K)
7.722868175079163,-5.297726934112875,0.55% PVA
9.104661435680743,-3.5355564648816493,0.55% PVA
17.467407746490025,-13.346938678777759,0.55% PVA
