Storage Time (days),Magnetic Permeability (H/m)
3,8.031090749826204,Nylon 6-6
15,7.573008269724868,Nylon 6-6
16,7.568783360889171,Nylon 6-6
17,7.5542559598232115,Nylon 6-6
