Synthesis Temperature (°C),Tensile Modulus (GPa)
3,4.3712888906427025,PAI
4,4.321479238493763,PAI
5,4.323450797395989,PAI
11,4.114195796729192,PAI
12,4.103727134593692,PAI
17,4.083391625698557,PAI
19,4.080615055814873,PAI
