Calcination Temperature (°C),Specific Viscosity
1,4.3148269931272605,0.63% Au/Nylon 6-6
16,3.523891810106448,0.63% Au/Nylon 6-6
18,3.520188360472568,0.63% Au/Nylon 6-6
0,-4.645539138256258,0.59% Au/Nylon 6-6
15,-5.682125227161926,0.59% Au/Nylon 6-6
17,-5.719228788535445,0.59% Au/Nylon 6-6
11.418304624734192,0.13394810677606478,0.48% Au/Nylon 6-6
13.645152312787411,0.1141977069576163,0.48% Au/Nylon 6-6
16.8461652663745,0.10395388843223169,0.48% Au/Nylon 6-6
