Rotational Speed (rpm),Loss Modulus (Pa)
2.6761649817659916,-0.8771187242419174,Channel black/DGEBD
2.763965268004185,-1.4391992378721894,Channel black/DGEBD
9.076908562047905,1.5254749128732055,Channel black/DGEBD
18.755406963033238,517.2378380299949,Channel black/DGEBD
1.8671838184735878,2.3559928456833,graphite nanoplates/DGEBD
2.792236741443208,2.155310886573653,graphite nanoplates/DGEBD
9.634345504780125,26.665561897547427,graphite nanoplates/DGEBD
17.15422778495001,139.35592544858594,graphite nanoplates/DGEBD
