Tensile Strength (MPa),Crystallinity (%)
0.31822097440185937,7.454514668501261,
2.9183166390789173,8.632151295164858,
3.6520620793343084,9.272845520652591,
2,-3.970349171605534,
7,-4.454523880231372,
16,-4.553024615751116,
5.158840708549414,7.757323466798135,
9.10243972967997,7.587161103240712,
13.56746683061864,7.547479055491701,
7,11.36540876622956,
11,25.955037677649763,
13,86.49443622547435,
7,3.4009546905179118,
10,4.4974705951637794,
15,6.3215413323248,
