Curing Time (min),Dynamic Viscosity (Pa·s)
1.2289783977362556,5.128317057171641,PCL
4.211061583834425,5.768795073740716,PCL
6.185484615946029,5.578168352518214,PCL
6.348223323275577,5.005258175473003,PCL
7.2461904246178666,6.964908700982235,PCL
7.874346157055077,6.327689844903416,PCL
