Storage Time (days),Modulus Of Elasticity (GPa)
1.347481784203326,4.7533942758211785,0.85% Sodium titanate nanotubes
6.098245555474708,4.516331095011614,0.85% Sodium titanate nanotubes
16.919212072568072,4.143614870693642,0.85% Sodium titanate nanotubes
1.347481784203326,8.631513968285724,0.37% Sodium titanate nanotubes
6.098245555474708,8.122210504086869,0.37% Sodium titanate nanotubes
16.919212072568072,7.991186575214485,0.37% Sodium titanate nanotubes
1.347481784203326,4.876528844191016,0.56% Sodium titanate nanotubes
6.098245555474708,9.970747091778208,0.56% Sodium titanate nanotubes
16.919212072568072,172.79848731064158,0.56% Sodium titanate nanotubes
