Heat Capacity (J/K),Coercivity (A/m)
0,3.2237570241685676,
3,3.8712327199879693,
7,2.8981239164011248,
8,4.302265236570321,
0,-3.066003086612804,
3,-2.8991505861482554,
7,-2.892269831311834,
8,-0.6809169172843665,
0,2.7921209572963135,
3,2.279956469594237,
7,1.960333548681685,
8,1.9309037540982787,
