Hardness (HV),Passivation Current Density (A/m²)
7,6.026883983231002,PBuA
11,34.48417642698718,PBuA
12,7.106583026910174,PBuA
13,42.938738354233756,PBuA
14,-28.832500843470108,PBuA
15,65.88995692930703,PBuA
