Nanoparticle Volume (%),Tg (°C)
7.616878513976609,-4.996321184781358,
7.7655993511426935,-5.694311398058435,
18.607882493299407,-19.748486798968365,
