Aging Temperature (°C),Young’s Modulus (GPa)
6,4.5065511854353,
8,4.295372051387142,
12,4.14459959552787,
14,4.079340498198691,
6,-5.020385682685256,
8,-5.106235431632805,
12,-5.164043419886208,
14,-5.175811480449473,
6,4.757983228536559,
8,4.919275462633028,
12,4.339288450645128,
14,4.244987859897511,
6,3.9399682603905366,
8,5.820370967910673,
12,5.316874713767764,
14,5.610481721071895,
