Particle Density,Specific Heat (J/(g·K))
3,-6.35123071026782,
12,0.6163951705618604,
13,-0.14503673492244573,
16,0.7428940136329789,
