Reaction Time (h),Glass Transition Temperature (°C)
3,8.611801827148508,S-SBR
6,13.264821832419514,S-SBR
15,216.67436258691174,S-SBR
3,3.258242040358494,PDMS
6,3.0068930707653574,PDMS
15,2.8559378225310144,PDMS
3,1.566334285105776,Nylon 6
6,1.308150636079208,Nylon 6
15,1.134118115137817,Nylon 6
3,8.320280371300473,COC
6,11.003826829067343,COC
15,-18.86410361896554,COC
