Dielectric Loss,Kinematic Viscosity (mm²/s)
3,4.02549870262611,
4,3.8171566358042814,
5,3.7583184640047373,
11,3.545946813374131,
19,3.515165131995781,
3,7.342717225749437,
4,7.182841597839287,
5,7.097794907387997,
11,6.938210447362627,
19,6.902668099450796,
