Curing Temperature (°C),Tg (°C)
7,7.914663017882445,
17,12.163863406780527,
18,7.710255017554506,
