Solvent Concentration (M),Thermal Stability (°C)
4.7875542663173825,5.541530428305375,0.4% Barium Titanate/Polylactic acid
9.813910612382957,5.33378792163117,0.4% Barium Titanate/Polylactic acid
11.224306399861728,5.314975525158351,0.4% Barium Titanate/Polylactic acid
18.718999603154973,5.288488805425288,0.4% Barium Titanate/Polylactic acid
4.7875542663173825,1.261285921717775,0.01% Barium Titanate/Polylactic acid
9.813910612382957,1.0419269378674128,0.01% Barium Titanate/Polylactic acid
11.224306399861728,1.0372196760829615,0.01% Barium Titanate/Polylactic acid
18.718999603154973,0.8569546134052044,0.01% Barium Titanate/Polylactic acid
