Glass Transition Temperature (°C),Pore Size (nm)
6.092235804969781,-4.772775377786147,
9.918042256801254,-3.9154514993155605,
15.985894575884272,-7.868319339443131,
3.229119456740255,-7.36153324301004,
5.14848961806293,-6.283564764469067,
11.351446137786077,-2.400323043093791,
4,-5.0855119402948725,
5,-5.0562128294798265,
11,-5.333697486965079,
